"ID","ID2","Item title","Final URL","Image URL","Item subtitle","Item description","Item category","Price","Sale price","Contextual keywords","Item address","Tracking template","Custom parameter","Final mobile URL","Android app link","iOS app link","iOS app store ID","Formatted price","Formatted sale price"
"SX7622_013_S_CNF","","U nk elite crew 132","http://ballzy.eu/et/product/u-nk-elite-crew-132-sx7622-013-s-cnf","http://backend.ballzy.eu/media/catalog/product/u/m/ummdr2suf43ww9h7kw.jpg","","Nike elite crew' korvpallisokid toetavad tänu võlviribale jalga ja pehmendused strateegilistes kohtades summutavad põrutust, kui sa üle väljaku jooksed. dri-fit-i tehnoloogia aitab sul püsida kuiv ja tunda end mugavalt. Vaata lähemalt ballzy.eu.","Men's Socks","14.00 EUR","10.50 EUR","Nike;Black;Basketball;in stock;Yes;Nike;Male|Female|Children","","","","","","","","",""
"6446B_BLK_S_CNF","","Mcd extended leg sleeves","http://ballzy.eu/et/product/mcd-extended-leg-sleeves-6446b-blk-s-cnf","http://backend.ballzy.eu/media/catalog/product/a/i/ai4oo7ttg8buz364hy.jpg","","Leg sleeve featuring 9mm hex™ technology is a favorite among pro and collegiate players Vaata lähemalt ballzy.eu.","Kids' Accessories","49.00 EUR","29.00 EUR","Mcdavid;Black;Basketball;in stock;Yes;Mcdavid;Male|Female|Children","","","","","","","","",""
"6500S_BLU_S_CNF","","Mcd hex shooter arm sleeve","http://ballzy.eu/et/product/mcd-hex-shooter-arm-sleeve-6500s-blu-s-cnf","http://backend.ballzy.eu/media/catalog/product/x/n/xnoe5fx9szm6sa84.jpg","","Arm compression maintains muscle warmth and prevents abrasions and scratches Vaata lähemalt ballzy.eu.","Kids' Accessories","24.00 EUR","14.00 EUR","Mcdavid;Blue;Basketball;in stock;Yes;Mcdavid;Male|Female|Children","","","","","","","","",""
"6500W_WHI_S_CNF","","Mcd hex shooter arm sleeve","http://ballzy.eu/et/product/mcd-hex-shooter-arm-sleeve-6500w-whi-s-cnf","http://backend.ballzy.eu/media/catalog/product/6/5/6500w_whi_s_1.jpg","","Arm compression maintains muscle warmth and prevents abrasions and scratches Vaata lähemalt ballzy.eu.","Kids' Accessories","24.00 EUR","14.00 EUR","Mcdavid;White;Basketball;in stock;Yes;Mcdavid;Male|Female|Children","","","","","","","","",""
"SX7667_100_S_CNF","","U nk everyday cush ankle 3pr","http://ballzy.eu/et/product/u-nk-everyday-cush-ankle-3pr-sx7667-100-s-cnf","http://backend.ballzy.eu/media/catalog/product/s/x/sx7667_100_s_1.jpg","","mugavus ja toestus./>läbi oma treeningud nike everyday cushioned socks sokkidega. paks terry tallaosa annab sulle lisamugavust jalgade harjutuste ja tõstete jaoks, samal ajal kui võlvi ümber on liibuv ja toetav riba ekstrateotuse jaoks.dri-fit tehnoloogia aitab hoida su jalad kuivana ja mugavana.paks terry tallaosa pakub mugavust ja põrutuse neeldumist.võlvi ümber olev riba annab toetava tunde.1/4-pikkusega lõige katab su pahkluu. Vaata lähemalt ballzy.eu.","Men's Socks","19.00 EUR","14.25 EUR","Nike;White;Basketball;in stock;Yes;Nike;Male|Female|Children","","","","","","","","",""
"SK0110_101_S_CNF","","U nk nsw evry essential ankle","http://ballzy.eu/et/product/u-nk-nsw-evry-essential-ankle-sk0110-101-s-cnf","http://backend.ballzy.eu/media/catalog/product/n/i/nike-u-nk-nsw-evry-essential-ankle-valge-f5dl.jpg","","Spordiriided ballzy veebipoest. Vaata lähemalt ballzy.eu.","Men's Socks","17.00 EUR","12.00 EUR","Nike;White;Basketball;in stock;Yes;Nike;Male|Female|Children","","","","","","","","",""
"SX7666_100_M_CNF","","U nk everyday cush crew 6 pairs","http://ballzy.eu/et/product/u-nk-everyday-cush-crew-6-pairs-sx7666-100-m-cnf","http://backend.ballzy.eu/media/catalog/product/n/i/nike-u-nk-everyday-cush-crew-6-pairs-valge-ubzb.jpg","","<html><body><p> mugavus ja tugevus&hellip; nike everyday cushioned sokid annavad jõudu treeningule. paks froteepõhi annab sulle lisamugavust jalaharjutuste ja tõstete tegemiseks, samas kui ribiline kaareriba ümbritseb sinu keskjalga, et tagada toetav tunne&hellip; toote omadused: dri-fit tehnoloogia aitab hoida jalad kuivana ja mugavalt&hellip; paks froteepõhi pakub mugavust ja löögiabi&hellip; ribitud kaareriba pakub toetavat tunnet&hellip; crew-siluett katab pahkluu ja alajäseme&hellip; tooteo Vaata lähemalt ballzy.eu.","Men's Socks","29.00 EUR","21.75 EUR","Nike;White;Basketball;in stock;Yes;Nike;Male|Female|Children","","","","","","","","",""
"83-450Z_CNF","","2016 olyp rbr latvija","http://ballzy.eu/et/product/2016-olyp-rbr-latvija-83-450z-cnf","http://backend.ballzy.eu/media/catalog/product/s/p/spalding-latvija-74lsd.jpg","","Spordiriided ballzy veebipoest. Vaata lähemalt ballzy.eu.","Kids' Basketballs","24.00 EUR","18.00 EUR","Spalding;5980;Basketball;in stock;Yes;Spalding;Male|Children","","","","","","","","",""
"83-460Z_CNF","","Estonia size 5","http://ballzy.eu/et/product/estonia-size-5-83-460z-cnf","http://backend.ballzy.eu/media/catalog/product/s/p/spalding-estonia-size-55r12.jpg","","Spordiriided ballzy veebipoest. Vaata lähemalt ballzy.eu.","Kids' Basketballs","19.00 EUR","14.25 EUR","Spalding;5980;Basketball;in stock;Yes;Spalding;Male|Female|Children","","","","","","","","",""
"51179Z_CNF","","Nba spaldeens bulls red","http://ballzy.eu/et/product/nba-spaldeens-bulls-red-51179z-cnf","http://backend.ballzy.eu/media/catalog/product/s/p/spalding-nba-spaldeens-bulls-red-multicolor-p9nl.jpg","","Kummipall Vaata lähemalt ballzy.eu.","Kids' Basketballs","9.00 EUR","6.75 EUR","Spalding;Multicolored;Basketball;in stock;Yes;Spalding;Male|Female|Children","","","","","","","","",""
"SX7589_010_M_CNF","","U jordan crew - nba","http://ballzy.eu/et/product/u-jordan-crew-nba-sx7589-010-m-cnf","http://backend.ballzy.eu/media/catalog/product/j/o/jordan-u-jordan-crew-nba-must-vcqj.jpg","","<html><body><p> focused footwork: nba edition&hellip; jordan nba crew sokid pakuvad toetavat istuvust ja tunnetust. ümbritsev kaareriba haarab jalga, samal ajal kui tsooniline pehmendus aitab põrutusi neelata, kui jooksete väljakul&hellip; toote omadused: zonaalne pehmendus aitab absorbeerida lööki&hellip; kaarepael pakub mugavat ja turvalist istuvust&hellip; toote omaduste alapealkirjad: higi eemaldav tehnoloogia aitab sul kuivana ja mugavalt püsida&hellip; toote omaduste alapealkirjad: higi ee Vaata lähemalt ballzy.eu.","Men's Socks","24.00 EUR","18.00 EUR","Jordan;Black;Basketball;in stock;Yes;Jordan;Male|Female|Children","","","","","","","","",""
"65-623Z_CNF","","2016 olyp rbr estonia","http://ballzy.eu/et/product/2016-olyp-rbr-estonia-65-623z-cnf","http://backend.ballzy.eu/media/catalog/product/s/p/spalding-2016-olyp-rbr-estoniavyba.jpg","","Spordiriided ballzy veebipoest. Vaata lähemalt ballzy.eu.","Kids' Basketballs","19.00 EUR","14.25 EUR","Spalding;5980;Basketball;in stock;Yes;Spalding;Male|Children","","","","","","","","",""
"8235SCN_CNF","","Net heavy duty","http://ballzy.eu/et/product/net-heavy-duty-8235scn-cnf","http://backend.ballzy.eu/media/catalog/product/s/p/spalding-net-heavy-duty-multicolor-umdy.jpg","","Spordiriided ballzy veebipoest. Vaata lähemalt ballzy.eu.","Kids' Accessories","11.00 EUR","8.25 EUR","Spalding;Multicolored;Basketball;in stock;Yes;Spalding;Male|Female|Children","","","","","","","","",""
"83-428Z_CNF","","2016 olyp rbr lietuva","http://ballzy.eu/et/product/2016-olyp-rbr-lietuva-83-428z-cnf","http://backend.ballzy.eu/media/catalog/product/s/p/spalding-2016-olyp-rbr-lietuvaj068.jpg","","Spordiriided ballzy veebipoest. Vaata lähemalt ballzy.eu.","Kids' Basketballs","24.00 EUR","18.00 EUR","Spalding;5980;Basketball;in stock;Yes;Spalding;Male|Children","","","","","","","","",""
"83-463Z_CNF","","2016 olyp rbr lietuva","http://ballzy.eu/et/product/2016-olyp-rbr-lietuva-83-463z-cnf","http://backend.ballzy.eu/media/catalog/product/s/p/spalding-2016-olyp-rbr-lietuvaggp3.jpg","","Spordiriided ballzy veebipoest. Vaata lähemalt ballzy.eu.","Kids' Basketballs","19.00 EUR","14.25 EUR","Spalding;5980;Basketball;in stock;Yes;Spalding;Male|Children","","","","","","","","",""
"20955HN_99_XS_CNF","","Hnmky bomber jacket black","http://ballzy.eu/et/product/hnmky-bomber-jacket-black-20955hn-99-xs-cnf","http://backend.ballzy.eu/media/catalog/product/b/a/ballzy-fanwear-hnmky-bomber-jacket-black-must-pqkk.jpg","","Spordiriided ballzy veebipoest. Vaata lähemalt ballzy.eu.","Men's Jackets","100.00 EUR","75.00 EUR","Ballzy Fanwear;Black;Basketball;in stock;Yes;Ballzy Fanwear;Male|Female|Children","","","","","","","","",""
"6446R_RED_S_CNF","","Mcd extended leg sleeves","http://ballzy.eu/et/product/mcd-extended-leg-sleeves-6446r-red-s-cnf","http://backend.ballzy.eu/media/catalog/product/m/c/mcdavid-mcd-extended-leg-sleeves-punane-sfwl.jpg","","Leg sleeve featuring 9mm hex™ technology is a favorite among pro and collegiate players Vaata lähemalt ballzy.eu.","Kids' Accessories","39.00 EUR","19.00 EUR","Mcdavid;Red;Basketball;in stock;Yes;Mcdavid;Male|Female|Children","","","","","","","","",""
"DN3314_010_S_CNF","","U nk evryday plus cush footie","http://ballzy.eu/et/product/u-nk-evryday-plus-cush-footie-dn3314-010-s-cnf","http://backend.ballzy.eu/media/catalog/product/n/i/nike-u-nk-evryday-plus-cush-footie-must-i0uf.jpg","","Spordiriided ballzy veebipoest. Vaata lähemalt ballzy.eu.","Men's Socks","19.00 EUR","14.25 EUR","Nike;Black;Basketball;in stock;Yes;Nike;Male|Female","","","","","","","","",""
"DN3314_100_S_CNF","","U nk evryday plus cush footie","http://ballzy.eu/et/product/u-nk-evryday-plus-cush-footie-dn3314-100-s-cnf","http://backend.ballzy.eu/media/catalog/product/n/i/nike-u-nk-evryday-plus-cush-footie-valge-hbij.jpg","","Spordiriided ballzy veebipoest. Vaata lähemalt ballzy.eu.","Men's Socks","19.00 EUR","14.25 EUR","Nike;White;Basketball;in stock;Yes;Nike;Male|Female","","","","","","","","",""
"SX7669_100_S_CNF","","U nk everyday csh ankl 6pr 132","http://ballzy.eu/et/product/u-nk-everyday-csh-ankl-6pr-132-sx7669-100-s-cnf","http://backend.ballzy.eu/media/catalog/product/n/i/nike-u-nk-everyday-csh-ankl-6pr-132-valge-hevk.jpg","","<html><body><p> mugavus ja tugevus&hellip; nike everyday cushioned sokid annavad jõudu treeningule. paks froteepõhi annab sulle lisamugavust jalaharjutuste ja tõstete tegemiseks, samas kui ribiline kaareriba ümbritseb sinu keskjalga, et tagada toetav tunne&hellip; toote omadused: dri-fit tehnoloogia aitab hoida jalad kuivana ja mugavalt&hellip; paks froteepõhi pakub mugavust ja löögiabi&hellip; ribitud kaareriba tagab toetava tunde&hellip; 1/4-pikkune siluett katab pahkluu&hellip; tooteomaduste  Vaata lähemalt ballzy.eu.","Men's Socks","19.00 EUR","14.25 EUR","Nike;White;Basketball;in stock;Yes;Nike;Male|Female","","","","","","","","",""
"6C1562CN_CNF","","Tf platinum 60","http://ballzy.eu/et/product/tf-platinum-60-6c1562cn-cnf","http://backend.ballzy.eu/media/catalog/product/s/p/spalding-tf-platinum-60-multicolor-pag5.jpg","","Läbipaistvast akrüülist. laua mõõdud 152x86 cm, vedrustusega profirõngas, roostevaba, lihtne rõnga. kõrguse reguleerimise võimalus 2,28x3,05mm. korvpallikorvide transport kodu ukseni tasuta! Vaata lähemalt ballzy.eu.","Kids' Basketball Hoops","1,399.00 EUR","1,049.25 EUR","Spalding;Multicolored;Basketball;in stock;Yes;Spalding;Male|Female|Children","","","","","","","","",""
"791351CN_CNF","","Highlight combo 44""","http://ballzy.eu/et/product/highlight-combo-44-791351cn-cnf","http://backend.ballzy.eu/media/catalog/product/s/p/spalding-highlight-combo-44-multicolor-fcdf.jpg","","Läbipaistvast plastikust, mõõdud 112x73,5cm, vedrurõngaga laud Vaata lähemalt ballzy.eu.","Kids' Basketball Hoops","349.00 EUR","261.75 EUR","Spalding;Multicolored;Basketball;in stock;Yes;Spalding;Male|Female|Children","","","","","","","","",""
"7A1655CN_CNF","","Gametime 48""","http://ballzy.eu/et/product/gametime-48-7a1655cn-cnf","http://backend.ballzy.eu/media/catalog/product/s/p/spalding-gametime-48-multicolor-zlo1.jpg","","Läbipaistvast plastikust laua mõõdud 122x80,5cm, vedrurõngas roostevaba, lihtne rõnga kõrguse reguleerimise võimalus 2,28x3,05m. korvpallikorvide transport kodu ukseni tasuta! Vaata lähemalt ballzy.eu.","Kids' Basketball Hoops","699.00 EUR","524.25 EUR","Spalding;Multicolored;Basketball;in stock;Yes;Spalding;Male|Female|Children","","","","","","","","",""
"7U1674CN_CNF","","Ultimate hybrid 54","http://ballzy.eu/et/product/ultimate-hybrid-54-7u1674cn-cnf","http://backend.ballzy.eu/media/catalog/product/s/p/spalding-ultimate-hybrid-54-glass-multicolor-brqj.jpg","","Klaasist laua mõõdud on 137x81cm, vedrustusega profirõngas, lihtne rõnga kõrguse reguleerimise võimalus, raskusena saab kasutada nii vett kui tahkeid materjale 2,30-3,05mm. korvpallikorvide transport kodu ukseni tasuta! Vaata lähemalt ballzy.eu.","Kids' Basketball Hoops","1,499.00 EUR","1,124.25 EUR","Spalding;Multicolored;Basketball;in stock;Yes;Spalding;Male|Female|Children","","","","","","","","",""
"881365CN_CNF","","Gold inground 54""","http://ballzy.eu/et/product/gold-inground-54-881365cn-cnf","http://backend.ballzy.eu/media/catalog/product/s/p/spalding-gold-inground-54-multicolor-1rmg.jpg","","Läbipaistvast akrüülist laua mõõdud on 137x81cm, vedrustusega profirõngas, lihtne rõnga kõrguse reguleerimise võimalus 2,13-3,05m. komplekt sisaldab maasse kinnitatavat alust. korvpallikorvide transport kodu ukseni tasuta! Vaata lähemalt ballzy.eu.","Kids' Basketball Hoops","1,199.00 EUR","899.25 EUR","Spalding;Multicolored;Basketball;in stock;Yes;Spalding;Male|Female|Children","","","","","","","","",""
"76-803Z_CNF","","Tf-250 react","http://ballzy.eu/et/product/tf-250-react-76-803z-cnf","http://backend.ballzy.eu/media/catalog/product/s/p/spalding-tf-250-react-multicolor-eylt.jpg","","Spordiriided ballzy veebipoest. Vaata lähemalt ballzy.eu.","Kids' Basketballs","44.95 EUR","33.71 EUR","Spalding;Multicolored;Basketball;in stock;Yes;Spalding;Male|Female|Children","","","","","","","","",""
"76-967Z_CNF","","Tf-250 react","http://ballzy.eu/et/product/tf-250-react-76-967z-cnf","http://backend.ballzy.eu/media/catalog/product/s/p/spalding-tf-250-react-multicolor-wgo2.jpg","","Spordiriided ballzy veebipoest. Vaata lähemalt ballzy.eu.","Kids' Basketballs","44.95 EUR","33.71 EUR","Spalding;Multicolored;Basketball;in stock;Yes;Spalding;Male|Female|Children","","","","","","","","",""
"77-100Z_CNF","","Tf-1000 euroleague","http://ballzy.eu/et/product/tf-1000-euroleague-77-100z-cnf","http://backend.ballzy.eu/media/catalog/product/s/p/spalding-tf-1000-euroleague-multicolor-bgfw.jpg","","Spordiriided ballzy veebipoest. Vaata lähemalt ballzy.eu.","Kids' Basketballs","84.95 EUR","63.71 EUR","Spalding;Multicolored;Basketball;in stock;Yes;Spalding;Male|Female|Children","","","","","","","","",""
"77-101Z_CNF","","Tf-500 euroleague","http://ballzy.eu/et/product/tf-500-euroleague-77-101z-cnf","http://backend.ballzy.eu/media/catalog/product/s/p/spalding-tf-500-euroleague-multicolor-nmsc.jpg","","Spordiriided ballzy veebipoest. Vaata lähemalt ballzy.eu.","Kids' Basketballs","54.95 EUR","41.21 EUR","Spalding;Multicolored;Basketball;in stock;Yes;Spalding;Male|Female|Children","","","","","","","","",""
"77-204Z_CNF","","Tf-500 excel","http://ballzy.eu/et/product/tf-500-excel-77-204z-cnf","http://backend.ballzy.eu/media/catalog/product/s/p/spalding-tf-500-excel-multicolor-xqxx.jpg","","Spordiriided ballzy veebipoest. Vaata lähemalt ballzy.eu.","Kids' Basketballs","54.95 EUR","41.21 EUR","Spalding;Multicolored;Basketball;in stock;Yes;Spalding;Male|Female|Children","","","","","","","","",""
"77-205Z_CNF","","Tf-500 excel","http://ballzy.eu/et/product/tf-500-excel-77-205z-cnf","http://backend.ballzy.eu/media/catalog/product/s/p/spalding-tf-500-excel-multicolor-nsj5.jpg","","Spordiriided ballzy veebipoest. Vaata lähemalt ballzy.eu.","Kids' Basketballs","54.95 EUR","41.21 EUR","Spalding;Multicolored;Basketball;in stock;Yes;Spalding;Male|Female|Children","","","","","","","","",""
"77-206Z_CNF","","Tf-500 excel","http://ballzy.eu/et/product/tf-500-excel-77-206z-cnf","http://backend.ballzy.eu/media/catalog/product/s/p/spalding-tf-500-excel-multicolor-w1nm.jpg","","Spordiriided ballzy veebipoest. Vaata lähemalt ballzy.eu.","Kids' Basketballs","54.95 EUR","41.21 EUR","Spalding;Multicolored;Basketball;in stock;Yes;Spalding;Male|Female|Children","","","","","","","","",""
"84-328Z_CNF","","Slam dunk","http://ballzy.eu/et/product/slam-dunk-84-328z-cnf","http://backend.ballzy.eu/media/catalog/product/s/p/spalding-slam-dunk-multicolor-cjxs.jpg","","Spordiriided ballzy veebipoest. Vaata lähemalt ballzy.eu.","Kids' Basketballs","15.95 EUR","11.96 EUR","Spalding;Multicolored;Basketball;in stock;Yes;Spalding;Male|Female|Children","","","","","","","","",""
"84-353Z_CNF","","Highlight red/blue","http://ballzy.eu/et/product/highlight-red-blue-84-353z-cnf","http://backend.ballzy.eu/media/catalog/product/s/p/spalding-highlight-red-blue-multicolor-0lt4.jpg","","Spordiriided ballzy veebipoest. Vaata lähemalt ballzy.eu.","Kids' Basketballs","24.95 EUR","18.71 EUR","Spalding;Multicolored;Basketball;in stock;Yes;Spalding;Male|Female|Children","","","","","","","","",""
"84-355Z_CNF","","Highlight black/gold","http://ballzy.eu/et/product/highlight-black-gold-84-355z-cnf","http://backend.ballzy.eu/media/catalog/product/s/p/spalding-highlight-black-gold-multicolor-kvqs.jpg","","Spordiriided ballzy veebipoest. Vaata lähemalt ballzy.eu.","Kids' Basketballs","24.95 EUR","18.71 EUR","Spalding;Multicolored;Basketball;in stock;Yes;Spalding;Male|Female|Children","","","","","","","","",""
"84-372Z_CNF","","Graffity green/yellow","http://ballzy.eu/et/product/graffity-green-yellow-84-372z-cnf","http://backend.ballzy.eu/media/catalog/product/s/p/spalding-graffity-green-yellow-multicolor-m5yk.jpg","","Spordiriided ballzy veebipoest. Vaata lähemalt ballzy.eu.","Kids' Basketballs","22.95 EUR","17.21 EUR","Spalding;Multicolored;Basketball;in stock;Yes;Spalding;Male|Female|Children","","","","","","","","",""
"84-409Z_CNF","","Marble black/pink","http://ballzy.eu/et/product/marble-black-pink-84-409z-cnf","http://backend.ballzy.eu/media/catalog/product/s/p/spalding-marble-black-pink-multicolor-qdwd.jpg","","Spordiriided ballzy veebipoest. Vaata lähemalt ballzy.eu.","Kids' Basketballs","22.95 EUR","17.21 EUR","Spalding;Multicolored;Basketball;in stock;Yes;Spalding;Male|Female|Children","","","","","","","","",""
"84-421Z_CNF","","Tf-150 varsity fiba","http://ballzy.eu/et/product/tf-150-varsity-fiba-84-421z-cnf","http://backend.ballzy.eu/media/catalog/product/s/p/spalding-tf-150-varsity-fiba-multicolor-mqxr.jpg","","Spordiriided ballzy veebipoest. Vaata lähemalt ballzy.eu.","Kids' Basketballs","17.95 EUR","13.46 EUR","Spalding;Multicolored;Basketball;in stock;Yes;Spalding;Male|Female|Children","","","","","","","","",""
"84-423Z_CNF","","Tf-150 varsity fiba","http://ballzy.eu/et/product/tf-150-varsity-fiba-84-423z-cnf","http://backend.ballzy.eu/media/catalog/product/s/p/spalding-tf-150-varsity-fiba-multicolor-yjoo.jpg","","Spordiriided ballzy veebipoest. Vaata lähemalt ballzy.eu.","Kids' Basketballs","17.95 EUR","13.46 EUR","Spalding;Multicolored;Basketball;in stock;Yes;Spalding;Male|Female|Children","","","","","","","","",""
"84-437Z_CNF","","Street phantom","http://ballzy.eu/et/product/street-phantom-84-437z-cnf","http://backend.ballzy.eu/media/catalog/product/s/p/spalding-street-phantom-multicolor-8znh.jpg","","Spordiriided ballzy veebipoest. Vaata lähemalt ballzy.eu.","Kids' Basketballs","24.95 EUR","18.71 EUR","Spalding;Multicolored;Basketball;in stock;Yes;Spalding;Male|Female|Children","","","","","","","","",""
"84-506Z_CNF","","Tf-150 euroleague","http://ballzy.eu/et/product/tf-150-euroleague-84-506z-cnf","http://backend.ballzy.eu/media/catalog/product/s/p/spalding-tf-150-euroleague-multicolor-2daf.jpg","","Spordiriided ballzy veebipoest. Vaata lähemalt ballzy.eu.","Kids' Basketballs","19.95 EUR","14.96 EUR","Spalding;Multicolored;Basketball;in stock;Yes;Spalding;Male|Female|Children","","","","","","","","",""
"84-508Z_CNF","","Tf-150 euroleague","http://ballzy.eu/et/product/tf-150-euroleague-84-508z-cnf","http://backend.ballzy.eu/media/catalog/product/s/p/spalding-tf-150-euroleague-multicolor-hemz.jpg","","Spordiriided ballzy veebipoest. Vaata lähemalt ballzy.eu.","Kids' Basketballs","19.95 EUR","14.96 EUR","Spalding;Multicolored;Basketball;in stock;Yes;Spalding;Male|Female|Children","","","","","","","","",""
"84-557Z_CNF","","Graffity green/yellow","http://ballzy.eu/et/product/graffity-green-yellow-84-557z-cnf","http://backend.ballzy.eu/media/catalog/product/s/p/spalding-graffity-green-yellow-multicolor-8vrn.jpg","","Spordiriided ballzy veebipoest. Vaata lähemalt ballzy.eu.","Kids' Basketballs","22.95 EUR","17.21 EUR","Spalding;Multicolored;Basketball;in stock;Yes;Spalding;Male|Female|Children","","","","","","","","",""
"84-588Z_CNF","","Commander","http://ballzy.eu/et/product/commander-84-588z-cnf","http://backend.ballzy.eu/media/catalog/product/s/p/spalding-commander-multicolor-frab.jpg","","Spordiriided ballzy veebipoest. Vaata lähemalt ballzy.eu.","Kids' Basketballs","22.95 EUR","17.21 EUR","Spalding;Multicolored;Basketball;in stock;Yes;Spalding;Male|Female|Children","","","","","","","","",""
"N100408687807_7_CNF","","Nike elite championship 8p 2.0","http://ballzy.eu/et/product/nike-elite-championship-8p-2-0-n100408687807-7-cnf","http://backend.ballzy.eu/media/catalog/product/j/o/jordan-nike-elite-championship-8p-2-0-oran-kiap.jpg","","Spordiriided ballzy veebipoest. Vaata lähemalt ballzy.eu.","Kids' Basketballs","84.00 EUR","63.00 EUR","Nike;Orange;Basketball;in stock;Yes;Nike;Male|Female|Children","","","","","","","","",""
"DN3314_063_S_CNF","","U nk evryday plus cush footie","http://ballzy.eu/et/product/u-nk-evryday-plus-cush-footie-dn3314-063-s-cnf","http://backend.ballzy.eu/media/catalog/product/n/i/nike-u-nk-evryday-plus-cush-footie-hall-snpb.jpg","","Spordiriided ballzy veebipoest. Vaata lähemalt ballzy.eu.","Men's Socks","19.00 EUR","10.00 EUR","Nike;Gray;Basketball;in stock;Yes;Nike;Male|Female|Children","","","","","","","","",""
"DX9632_100_S_CNF","","U j ed cush poly crew 3pr 144","http://ballzy.eu/et/product/u-j-ed-cush-poly-crew-3pr-144-dx9632-100-s-cnf","http://backend.ballzy.eu/media/catalog/product/j/o/jordan-u-j-ed-cush-poly-crew-3pr-144-valge-gmq5.jpg","","Sinu igapäevased sokid, mis on pehmed ja usaldusväärsed. higistamisvastane tehnoloogia hoiab jalad jahedad ja kuivad, samal ajal kui tihedalt istuv võlvi ümber olev riba pakub tuge.polsterdus eesmise jala ja kanna all aitab vähendada treeningu mõju. kaare ümber olev pael on kindlalt toetav. peal olev hingav kudumismuster lisab ventilatsiooni. tugevdatud kand ja varvas on loodud püsima. Vaata lähemalt ballzy.eu.","Men's Socks","24.00 EUR","18.00 EUR","Jordan;White;Basketball;in stock;Yes;Jordan;Male|Female|Children","","","","","","","","",""
"DX9655_010_S_CNF","","U j ed cush poly ankle 3pr 144","http://ballzy.eu/et/product/u-j-ed-cush-poly-ankle-3pr-144-dx9655-010-s-cnf","http://backend.ballzy.eu/media/catalog/product/j/o/jordan-u-j-ed-cush-poly-ankle-3pr-144-must-sxtu.jpg","","Need madalad õhku läbilaskvate paneelide ja higi ära juhtiva tehnoloogiaga sokid hoiavad jalad kuivad ja jahutatud. võlvi ümber mõnusalt liibuvad sokid toestavad jalga. Vaata lähemalt ballzy.eu.","Men's Socks","24.00 EUR","18.00 EUR","Jordan;Black;Basketball;in stock;Yes;Jordan;Male|Female|Children","","","","","","","","",""
"DX9655_100_S_CNF","","U j everyday cush poly ankle 3","http://ballzy.eu/et/product/u-j-everyday-cush-poly-ankle-3-dx9655-100-s-cnf","http://backend.ballzy.eu/media/catalog/product/j/o/jordan-u-j-everyday-cush-poly-ankle-3-valge-f6k0.jpg","","Need madalad õhku läbilaskvate paneelide ja higi ära juhtiva tehnoloogiaga sokid hoiavad jalad kuivad ja jahutatud. võlvi ümber mõnusalt liibuvad sokid toestavad jalga. Vaata lähemalt ballzy.eu.","Men's Socks","24.00 EUR","18.00 EUR","Jordan;White;Basketball;in stock;Yes;Jordan;Male|Female|Children","","","","","","","","",""
"SX7673_010_L_CNF","","U nk everyday cush ns 3pr 132","http://ballzy.eu/et/product/u-nk-everyday-cush-ns-3pr-132-sx7673-010-l-cnf","http://backend.ballzy.eu/media/catalog/product/j/o/jordan-u-nk-everyday-cush-ns-3pr-132-must-xf70.jpg","","<html><body><p> mugavus ja tugevus&hellip; nike everyday cushioned sokid annavad jõudu treeningule. paks froteepõhi annab sulle lisamugavust jalaharjutuste ja tõstete tegemiseks, samas kui ribiline kaareriba ümbritseb sinu keskjalga, et tagada toetav tunne&hellip; toote omadused: dri-fit tehnoloogia aitab hoida jalad kuivana ja mugavalt&hellip; paks froteepõhi pakub mugavust ja löögiabi&hellip; ribitud kaarevöönd pakub toetavat tunnet&hellip; nähtamatu siluett annab madala profiili&hellip; toote Vaata lähemalt ballzy.eu.","Men's Socks","19.00 EUR","12.00 EUR","Nike;Black;Basketball;in stock;Yes;Nike;Male|Female|Children","","","","","","","","",""
"77-103Z_CNF","","Tf-500 euroleague size 5","http://ballzy.eu/et/product/tf-500-euroleague-size-5-77-103z-cnf","http://backend.ballzy.eu/media/catalog/product/s/p/spalding-tf-500-euroleague-size-5-multicolor-cj8o.jpg","","Spordiriided ballzy veebipoest. Vaata lähemalt ballzy.eu.","Kids' Basketballs","46.00 EUR","34.50 EUR","Spalding;Multicolored;Basketball;in stock;Yes;Spalding;Male|Female|Children","","","","","","","","",""
"76-927Z_CNF","","Super elite","http://ballzy.eu/et/product/super-elite-76-927z-cnf","http://backend.ballzy.eu/media/catalog/product/s/p/spalding-super-elite-multicolor-zsro.jpg","","Spordiriided ballzy veebipoest. Vaata lähemalt ballzy.eu.","Kids' Basketballs","43.00 EUR","32.25 EUR","Spalding;Multicolored;Basketball;in stock;Yes;Spalding;Male|Female|Children","","","","","","","","",""
"N1000672_010_S_CNF","","Nike pro open knee strap sleev","http://ballzy.eu/et/product/nike-pro-open-knee-strap-sleev-n1000672-010-s-cnf","http://backend.ballzy.eu/media/catalog/product/n/i/nike-nike-pro-open-knee-strap-sleev-must-dy7l.jpg","","Spordiriided ballzy veebipoest. Vaata lähemalt ballzy.eu.","Kids' Accessories","44.00 EUR","24.00 EUR","Nike;Black;Basketball;in stock;Yes;Nike;Male|Female|Children","","","","","","","","",""
"IE1669_7.5_CNF","","Trae young 2","http://ballzy.eu/et/product/trae-young-2-ie1669-7-5-cnf","http://backend.ballzy.eu/media/catalog/product/a/d/adidas-performance-trae-young-2-must-qcbd.jpg","","<html><body><p> trae young on üks külmemaid kõvapuudel, ta on absoluutselt kartmatu. ta võtab igal ajal vastu mis tahes viske ja kui kõik on kaalul, siis olge ettevaatlik, sest trae varastab kohe-kohe show´d. adidase korvpalli ja trae youngi uusimad signatuurjalatsid keskenduvad just agilityle ja kiirusele - kahele elemendile, mis teevad trae´i nii dünaamiliseks. boost ja lightstrike töötavad koos adaptiivse sck360, pooleldi rihmaga pealsega, et pakkuda täiustatud mugavust ja mängulist tuge. </p Vaata lähemalt ballzy.eu.","Men's Basketball Shoes","174.00 EUR","59.00 EUR","adidas Performance;Black;Basketball;in stock;Yes;adidas Performance;Male","","","","","","","","",""
"DH7709_010_MISC_CNF","","Nk brsla m bkpk - 9.5 24l","http://ballzy.eu/et/product/nk-brsla-m-bkpk-9-5-24l-dh7709-010-misc-cnf","http://backend.ballzy.eu/media/catalog/product/n/i/nike-nk-brsla-m-bkpk-9-5-24l-must-lbaw.jpg","","Haara oma asjad ja asuta end nike brasilia seljakotiga teele. sel on piisavalt taskuid, et asjad korralikult ära panna, sh lahter sinu sülearvutile, võrkkangast küljetaskud veepudelitele ja lukuga sisetasku, kus turvaliselt väikeseid asju hoida. see toode on valmistatud vähemalt 50% ulatuses taaskasutatud polüesterkiududest.tihedalt kootud polüestrist materjal talub igapäevast kulumist.i.eesmine lukuga tasku võimaldab hoida kasutatud varustust eraldi teistest asjadest.</ Vaata lähemalt ballzy.eu.","Kids' Backpacks","49.00 EUR","36.75 EUR","Nike;Black;Basketball;in stock;Yes;Nike;Male|Female|Children","","","","","","","","",""
"LAS33763_BK_L_CNF","","Nb patch logo crew 3 pairs","http://ballzy.eu/et/product/nb-patch-logo-crew-3-pairs-las33763-bk-l-cnf","http://backend.ballzy.eu/media/catalog/product/n/e/new-balance-nb-patch-logo-crew-3-pairs-must-wvt7.jpg","","Spordiriided ballzy veebipoest. Vaata lähemalt ballzy.eu.","Men's Socks","19.00 EUR","14.00 EUR","New Balance;Black;Basketball;in stock;Yes;New Balance;Male|Female","","","","","","","","",""
"DX9632_010_S_CNF","","U j everyday cush poly crew 3p","http://ballzy.eu/et/product/u-j-everyday-cush-poly-crew-3p-dx9632-010-s-cnf","http://backend.ballzy.eu/media/catalog/product/j/o/jordan-u-j-ed-cush-poly-crew-3pr-144-must-o6lk.jpg","","Sinu igapäevased sokid, mis on pehmed ja usaldusväärsed. higistamisvastane tehnoloogia hoiab jalad jahedad ja kuivad, samal ajal kui tihedalt istuv võlvi ümber olev riba pakub tuge.polsterdus eesmise jala ja kanna all aitab vähendada treeningu mõju. kaare ümber olev pael on kindlalt toetav. peal olev hingav kudumismuster lisab ventilatsiooni. tugevdatud kand ja varvas on loodud püsima. Vaata lähemalt ballzy.eu.","Men's Socks","24.00 EUR","18.00 EUR","Jordan;Black;Basketball;in stock;Yes;Jordan;Male|Female|Children","","","","","","","","",""
"37907903_7.5_CNF","","All-pro nitro bold","http://ballzy.eu/et/product/all-pro-nitro-bold-37907903-7-5-cnf","http://backend.ballzy.eu/media/catalog/product/p/u/puma-all-pro-nitro-bold-sinine-5svh.jpg","","Spordiriided ballzy veebipoest. Vaata lähemalt ballzy.eu.","Men's Basketball Shoes","149.00 EUR","59.00 EUR","Puma;Blue;Basketball;in stock;Yes;Puma;Male","","","","","","","","",""
"SX7557_100_M_CNF","","Nike multiplier crew socks","http://ballzy.eu/et/product/nike-multiplier-crew-socks-sx7557-100-m-cnf","http://backend.ballzy.eu/media/catalog/product/n/i/nike-nike-multiplier-crew-socks-valge-hctw.jpg","","Jookse sirge seljaga nike multiplieri kõrgetes sokkides (2 paari). higiimav kangas aitab sul püsida kuiva ja jahutatuna, samal ajal kui võrkkangas jala keskosas võimaldab jalal hingata. sirgjooneline „nike‘i“ logo paistab joostes silma. Vaata lähemalt ballzy.eu.","Women's Socks","19.00 EUR","14.25 EUR","Nike;White;Basketball;in stock;Yes;Nike;Male|Female","","","","","","","","",""
"SMJY6519_BCE12KGAKYGN_2XL_CNF","","Nba day jersey celtics 2012 kevin garnett","http://ballzy.eu/et/product/nba-day-jersey-celtics-2012-kevin-garnett-smjy6519-bce12kgakygn-2xl-cnf","http://backend.ballzy.eu/media/catalog/product/m/i/mitchell-and-ness-nba-day-jersey-celtics-2012-kevin-garnett-roheline-cvzj.jpg","","Spordiriided ballzy veebipoest. Vaata lähemalt ballzy.eu.","Men's Tees","124.00 EUR","49.00 EUR","Mitchell &amp; Ness;Green;Basketball;in stock;Yes;Mitchell and Ness;Male","","","","","","","","",""
"LAS33863_WT_L_CNF","","Nb everyday crew 3 pairs","http://ballzy.eu/et/product/nb-everyday-crew-3-pairs-las33863-wt-l-cnf","http://backend.ballzy.eu/media/catalog/product/n/e/new-balance-nb-everyday-crew-3-pairs-valge-actb.jpg","","<html><body><p>new balance nb everyday crew 3 paari sokke on oluline täiendus igale garderoobile. need meeskonnasokid on valmistatud kergest, pehmest puuvillast, mis muudab need mugavaks ja kergesti puhastatavaks. klassikaline nb logo on elegantse, tagasihoidliku stiiliga, mis sobib ideaalselt igaks vabaajaürituseks. igas pakendis on kolm paari meeskonnasokke.</p></body></html> Vaata lähemalt ballzy.eu.","Men's Socks","16.00 EUR","12.00 EUR","New Balance;White;Basketball;in stock;Yes;New Balance;Male|Female","","","","","","","","",""
"LAS33933_WT_L_CNF","","Nb everyday ankle 3 pack","http://ballzy.eu/et/product/nb-everyday-ankle-3-pack-las33933-wt-l-cnf","http://backend.ballzy.eu/media/catalog/product/n/e/new-balance-nb-everyday-ankle-3-pack-valge-kshn.jpg","","<html><body><p>new balance nb everyday ankle 3 paari sokke on oluline täiendus igale garderoobile. need pahkluu sokid on valmistatud kergest, pehmendavast puuvillast, mis muudab need mugavaks ja kergesti puhastatavaks. klassikaline nb logo on elegantse, tagasihoidliku stiiliga, mis sobib ideaalselt igaks juhuslikuks sündmuseks. igas pakendis on kolm paari pahkluude sokke.</p></body></html> Vaata lähemalt ballzy.eu.","Men's Socks","19.00 EUR","14.25 EUR","New Balance;White;Basketball;in stock;Yes;New Balance;Male|Female","","","","","","","","",""
"LAS42132_AS3_L_CNF","","Waffle knit ankle socks 2 pack","http://ballzy.eu/et/product/waffle-knit-ankle-socks-2-pack-las42132-as3-l-cnf","http://backend.ballzy.eu/media/catalog/product/n/e/new-balance-waffle-knit-ankle-socks-2-pack-multicolor-s1nl.jpg","","<html><body><p>need pehmed ja toetavad vahvlikootud sokid on loodud igapäevaseks kandmiseks </p>.</body></html> Vaata lähemalt ballzy.eu.","Men's Socks","18.00 EUR","9.00 EUR","New Balance;Multicolored;Basketball;in stock;Yes;New Balance;Male|Female","","","","","","","","",""
"DA5718_911_L_CNF","","U j essential crew 3pr 144","http://ballzy.eu/et/product/u-j-essential-crew-3pr-144-da5718-911-l-cnf","http://backend.ballzy.eu/media/catalog/product/j/o/jordan-u-j-essential-crew-3pr-144-multicolor-bug6.jpg","","<html><body><p> igapäevane tossukompanii&hellip; jordan essentials crew sokid on pehmed ja venivad, toetava istuvusega ja jalalaba all kudumispehmendusega. 3 paari varustab teid peaaegu pooleks nädalaks&hellip; toote omadused: higi eemaldav tehnoloogia aitab sul kuivana ja mugavalt püsida&hellip; kootud pehmendus lisab pehmust jala alla&hellip; kaarepael pakub mugavat ja kindlat istuvust&hellip; toote omaduste alapealkirjad: tootedetailid: ribitud säärestruktuur. kootud graafika. 65% puuvill/31% Vaata lähemalt ballzy.eu.","Men's Socks","24.00 EUR","15.00 EUR","Jordan;Multicolored;Basketball;in stock;Yes;Jordan;Male|Female","","","","","","","","",""
"IR5731_S_CNF","","Prem crew 2pp","http://ballzy.eu/et/product/prem-crew-2pp-ir5731-s-cnf","http://backend.ballzy.eu/media/catalog/product/a/d/adidas-prem-crew-2pp-valge-gdde.jpg","","<html><body><p> astu julgelt igal sammul nende adidas´i meeskonnasokkidega. esmaklassiline konstruktsioon ja sportlik disain ühendavad endas mitmekülgse stiili, mis on ühtviisi valmis nii kogu päeva seiklusteks kui ka lõõgastumiseks kodus. siledad ja vastupidavad, need on valmistatud koos tugivõlviga, et hoida jalad hommikust õhtuni ergonoomilised. topeltbränding ees- ja tagaküljel ühendab iga sammu adidas originals´i mittekonformistliku loovuse pärandiga.   valides taaskasutatavad materjalid, s Vaata lähemalt ballzy.eu.","Men's Socks","24.00 EUR","10.00 EUR","adidas Originals;White;Basketball;in stock;Yes;adidas Originals;Male|Female","","","","","","","","",""
"DX5089_010_L_CNF","","U nk nsw everyday essential cr","http://ballzy.eu/et/product/u-nk-nsw-everyday-essential-cr-dx5089-010-l-cnf","http://backend.ballzy.eu/media/catalog/product/n/i/nike-u-nk-nsw-everyday-essential-cr-must-wthm.jpg","","<html><body><p> pehmed sokid crew cutis&hellip; nike sportsweari sokkidega paned oma parima jala ette. need on valmistatud pehmest, venivast kangast ja mõeldud igapäevaseks kandmiseks ning on vastupidavad, hingavad ja eriti mugavad. see toode on valmistatud vähemalt 75% ulatuses ümbertöödeldud polüesterkiududest&hellip; toote omadused: dri-fit tehnoloogia aitab hoida jalad kuivana ja mugavalt&hellip; tugevdatud kanna ja varbaosa tagavad vastupidavuse&hellip; strateegiliselt paigutatud võrk lisab Vaata lähemalt ballzy.eu.","Men's Socks","23.00 EUR","12.00 EUR","Nike;Black;Basketball;in stock;Yes;Nike;Male|Female","","","","","","","","",""
"E1025_B_2009_CNF","","2pp star chevron double stripe long crew","http://ballzy.eu/et/product/2pp-star-chevron-double-stripe-long-crew-e1025-b-2009-cnf","http://backend.ballzy.eu/media/catalog/product/c/o/converse-2pp-star-chevron-double-stripe-long-crew-must-d4kn.jpg","","Spordiriided ballzy veebipoest. Vaata lähemalt ballzy.eu.","Men's Socks","9.00 EUR","5.00 EUR","Converse;Black;Basketball;in stock;Yes;Converse;Male","","","","","","","","",""
"E1025_W_2009_CNF","","2pp star chevron double stripe long crew","http://ballzy.eu/et/product/2pp-star-chevron-double-stripe-long-crew-e1025-w-2009-cnf","http://backend.ballzy.eu/media/catalog/product/c/o/converse-2pp-star-chevron-double-stripe-long-crew-valge-sdvr.jpg","","Spordiriided ballzy veebipoest. Vaata lähemalt ballzy.eu.","Men's Socks","9.00 EUR","5.00 EUR","Converse;White;Basketball;in stock;Yes;Converse;Male","","","","","","","","",""
"E746_B_3009_CNF","","3pp converse star chevron logo short quarter","http://ballzy.eu/et/product/3pp-converse-star-chevron-logo-short-quarter-e746-b-3009-cnf","http://backend.ballzy.eu/media/catalog/product/c/o/converse-3pp-converse-star-chevron-logo-short-quarter-must-cbx9.jpg","","Spordiriided ballzy veebipoest. Vaata lähemalt ballzy.eu.","Men's Socks","14.00 EUR","9.00 EUR","Converse;Black;Basketball;in stock;Yes;Converse;Male","","","","","","","","",""
"E746_W_3009_CNF","","3pp converse star chevron logo short quarter","http://ballzy.eu/et/product/3pp-converse-star-chevron-logo-short-quarter-e746-w-3009-cnf","http://backend.ballzy.eu/media/catalog/product/c/o/converse-3pp-converse-star-chevron-logo-short-quarter-valge-elsa.jpg","","Spordiriided ballzy veebipoest. Vaata lähemalt ballzy.eu.","Men's Socks","9.00 EUR","6.75 EUR","Converse;White;Basketball;in stock;Yes;Converse;Male","","","","","","","","",""
"30983702_6_CNF","","Scoot zeros","http://ballzy.eu/et/product/scoot-zeros-30983702-6-cnf","http://backend.ballzy.eu/media/catalog/product/p/u/puma-scoot-zeros-multicolor-shvn.jpg","","Spordiriided ballzy veebipoest. Vaata lähemalt ballzy.eu.","Men's Basketball Shoes","104.00 EUR","39.00 EUR","Puma;Multicolored;Basketball;in stock;Yes;Puma;Male","","","","","","","","",""
"FJ6823_100_L_CNF","","U j everyday essentials crew 1","http://ballzy.eu/et/product/u-j-everyday-essentials-crew-1-fj6823-100-l-cnf","http://backend.ballzy.eu/media/catalog/product/j/o/jordan-u-j-everyday-essentials-crew-1-valge-wo98.jpg","","<html><body><p> pehme ja veniv disain, higi ärajuhtiv tehnoloogia ja toetav rihm teevad jordan everyday essentials crew sokid just selliseks - hädavajalikuks. kas sa'lööd jõusaali või jooksed asju, tee seda mugavalt ja stiilselt&hellip; toote omadused: nike dri-fit tehnoloogia viib higi nahast eemale, et see aurustuks kiiremini, aidates sul jääda kuivaks ja mugavaks&hellip; kaare ümber olev rihm on mugav ja toetav&hellip; toote omaduste alapealkirjad: tootedetailid: 96% polüester/4% elastaani. m Vaata lähemalt ballzy.eu.","Kids' Socks","24.00 EUR","12.00 EUR","Jordan;White;Basketball;in stock;Yes;Jordan;Male|Female|Children","","","","","","","","",""
"DZ1551_900_L_CNF","","U nk ed perf csh crw 2p 168 ud","http://ballzy.eu/et/product/u-nk-ed-perf-csh-crw-2p-168-ud-dz1551-900-l-cnf","http://backend.ballzy.eu/media/catalog/product/n/i/nike-u-nk-ed-perf-csh-crw-2p-168-ud-must-bqzu.jpg","","<html><body><p> kõrgendatud twill-muster, värvitu lõng ja vööndiline pehmendus tähendavad puhast jõudlust, olgu see siis igapäevane töö või pikk matk. ja me ei ole unustanud olulisi asju: kaare ümber olev rihm hoiab teie sokid mugavalt ja toetavalt, samas kui ribid ülaosas aitavad neil püsti püsida&hellip; toote üksikasjad: 64% puuvill / 34% polüester / 2% elastaani. masinpesu. imporditud. </p></body></html> Vaata lähemalt ballzy.eu.","Kids' Socks","24.00 EUR","12.00 EUR","Nike;Beež;Basketball;in stock;Yes;Nike;Male|Female|Children","","","","","","","","",""
"FPHD6293_CBUYYPPPSCAR_L_CNF","","Nba head coach hoodie bulls","http://ballzy.eu/et/product/nba-head-coach-hoodie-bulls-fphd6293-cbuyypppscar-l-cnf","http://backend.ballzy.eu/media/catalog/product/m/i/mitchell-and-ness-nba-head-coach-hoodie-bulls-punane-il3e.jpg","","Spordiriided ballzy veebipoest. Vaata lähemalt ballzy.eu.","Men's Hoodies","99.00 EUR","25.00 EUR","Mitchell &amp; Ness;Red;Basketball;in stock;Yes;Mitchell and Ness;Male","","","","","","","","",""
"31035401_6.5_CNF","","Scoot zeros","http://ballzy.eu/et/product/scoot-zeros-31035401-6-5-cnf","http://backend.ballzy.eu/media/catalog/product/p/u/puma-scoot-zeros-multicolor-c939.jpg","","Spordiriided ballzy veebipoest. Vaata lähemalt ballzy.eu.","Men's Basketball Shoes","99.00 EUR","39.00 EUR","Puma;Multicolored;Basketball;in stock;Yes;Puma;Male","","","","","","","","",""
"IE7798_7.5_CNF","","D.o.n. issue 5","http://ballzy.eu/et/product/d-o-n-issue-5-ie7798-7-5-cnf","http://backend.ballzy.eu/media/catalog/product/a/d/adidas-performance-d-o-n-issue-5-sinine-zve7.jpg","","<html><body><p> alates hetkest, mil ta esimest korda kõnniteele astus, on donovan mitchell olnud mängu muutja, ja see on jätkunud isegi siis, kui tema mäng on kasvanud ja arenenud. need d.o.n. issue 5 signatuurkingad adidas basketballilt jätkavad spida väljakul tegutseva isiksuse ja tema väljakuvälise sotsiaalse aktiivsuse arendamist. need korvpallitrennised, millel on ülikerge lightstrike-välipõhi ja ainulaadne kummist välistald, millel on kõrgendatud tõmbemuster, aitavad sul domineerida mängus Vaata lähemalt ballzy.eu.","Men's Basketball Shoes","129.00 EUR","49.00 EUR","adidas Performance;Blue;Basketball;in stock;Yes;adidas Performance;Male","","","","","","","","",""
"IF1514_8_CNF","","Dame 8 extply","http://ballzy.eu/et/product/dame-8-extply-if1514-8-cnf","http://backend.ballzy.eu/media/catalog/product/a/d/adidas-dame-8-extply-multicolor-oypq.jpg","","<html><body><p> ärge kunagi põgenege lihvimise eest. damian lillardi ja adidas basketballi uusimaid signatuurtrenažööridega ei pea sa seda tegema. need dame 8 extply jalatsid on loodud suurepärase vastupidavuse tagamiseks ning neil on dünaamiline bounce-välipõhi, mis ühendab kõrgendatud stabiilsuse kerge ja paindliku pehmendusega. sisemine soki konstruktsioon ja tpu tõukeplaat hoiavad sind kindlalt paigal ja liikumises, olenemata sellest, kas veedad tundide kaupa jõusaalis, kus sa võidad kaugelt Vaata lähemalt ballzy.eu.","Men's Basketball Shoes","129.00 EUR","79.00 EUR","adidas Originals;Multicolored;Basketball;in stock;Yes;adidas Originals;Male","","","","","","","","",""
"30984101_6.5_CNF","","Scoot zeros 2k","http://ballzy.eu/et/product/scoot-zeros-2k-30984101-6-5-cnf","http://backend.ballzy.eu/media/catalog/product/p/u/puma-scoot-zeros-2k-roheline-lxzw.jpg","","Spordiriided ballzy veebipoest. Vaata lähemalt ballzy.eu.","Men's Basketball Shoes","119.00 EUR","39.00 EUR","Puma;Green;Basketball;in stock;Yes;Puma;Male","","","","","","","","",""
"FN4106_010_MISC_CNF","","Nike utility speed backpack - version 2.0","http://ballzy.eu/et/product/nike-utility-speed-backpack-version-2-0-fn4106-010-misc-cnf","http://backend.ballzy.eu/media/catalog/product/n/i/nike-nk-utility-speed-bkpk-2-0-must-tkao.jpg","","<html><body><p> kui sinu spordikapp oleks seljakott, siis näeks see välja nii. avaras põhikambris on võrktasku, sülearvuti ümbris ja piisavalt ruumi kingapaari ja vahetusriiete jaoks. see muudab töölt järgmisele treeningule jõudmise imelihtne&hellip; toote omadused: lukkudega tehnikatasku mahutab kuni 16"" sülearvuti&hellip; polsterdatud selja- ja õlarihmad tagavad mugava istuvuse&hellip; tihedalt kootud polüester pakub rasket tuge&hellip; toote omaduste alapealkirjad: tootedetailid: 11"" w x 19""  Vaata lähemalt ballzy.eu.","Kids' Backpacks","99.00 EUR","74.25 EUR","Nike;Black;Basketball;in stock;Yes;Nike;Male|Female|Children","","","","","","","","",""
"IG6648_8_CNF","","Harden volume 8","http://ballzy.eu/et/product/harden-volume-8-ig6648-8-cnf","http://backend.ballzy.eu/media/catalog/product/a/d/adidas-harden-volume-8-must-4ef9.jpg","","<html><body><p> james hardeni-suguse superstaari jaoks ei piisa mängu muutmisest, vaid ta peab seda ka revolutsiooniliselt muutma. adidas basketballi ja james hardeni uusimad signature jalanõud tähistavad jätkuvalt ühte korvpalli tippskoorijat ja eliitpersoonust. kombineeritud adidas boost- ja lightstrike-välipõhjaga korvpallijalatsid pakuvad sulle vajalikku tuge, et domineerida iga kord, kui sa põrandale astud. </p></body></html> Vaata lähemalt ballzy.eu.","Men's Basketball Shoes","189.00 EUR","79.00 EUR","adidas Originals;Black;Basketball;in stock;Yes;adidas Originals;Male","","","","","","","","",""
"SX7587_010_L_CNF","","Unisex nike elite crew socks - nba 132","http://ballzy.eu/et/product/unisex-nike-elite-crew-socks-nba-132-sx7587-010-l-cnf","http://backend.ballzy.eu/media/catalog/product/n/i/nike-u-nk-elite-crew-nba-132-must-gn0n.jpg","","<html><body><p> parimad piljutajad&hellip; nike elite nba crew sokid on mängijate valik mugavuse ja toe tagamiseks. need'on valmistatud esmaklassilisest kudumilõngast, millel on higistav tehnoloogia ja pehmendus seal, kus see on oluline. sokid on märgistatud nba logoga ja tähistatud vertikaalselt nike basketballi tipptasemel elite triibuga&hellip; tooteomadused: premium kudumkangas koos higistamistehnoloogiaga aitab sul kuivana ja mugavalt püsida&hellip; pehmendused jalgade all olevates võtmekoh Vaata lähemalt ballzy.eu.","Kids' Socks","24.00 EUR","18.00 EUR","Nike;Black;Basketball;in stock;Yes;Nike;Male|Female|Children","","","","","","","","",""
"LAS16462_BK_L_CNF","","Unisex response performance crew 2 pack","http://ballzy.eu/et/product/unisex-response-performance-crew-2-pack-las16462-bk-l-cnf","http://backend.ballzy.eu/media/catalog/product/n/e/new-balance-unisex-response-performance-crew-2-pack-must-wypp.jpg","","<html><body><p>saage mugavust new balance unisex response performance crew 2 paari. need pehmendusega meeskonnapikkuses sokid pakuvad tugevad tugipunktid ja võrkpaneelid ventilatsiooniks. kas sa oled jalutamas või jõusaalis, need tõhusad sokid katavad sind.</p></body></html> Vaata lähemalt ballzy.eu.","Kids' Socks","19.00 EUR","10.00 EUR","New Balance;Black;Basketball;in stock;Yes;New Balance;Male|Female|Children","","","","","","","","",""
"LAS16462_WT_L_CNF","","Unisex response performance crew 2 pack","http://ballzy.eu/et/product/unisex-response-performance-crew-2-pack-las16462-wt-l-cnf","http://backend.ballzy.eu/media/catalog/product/n/e/new-balance-unisex-response-performance-crew-2-pack-valge-6msg.jpg","","<html><body><p>saage mugavust new balance unisex response performance crew 2 paari. need pehmendusega meeskonnapikkuses sokid pakuvad tugevad tugipunktid ja võrkpaneelid ventilatsiooniks. kas sa oled jalutamas või jõusaalis, need tõhusad sokid katavad sind.</p></body></html> Vaata lähemalt ballzy.eu.","Kids' Socks","19.00 EUR","14.25 EUR","New Balance;White;Basketball;in stock;Yes;New Balance;Male|Female|Children","","","","","","","","",""
"LAS33863_BK_L_CNF","","Nb everyday crew 3 pairs","http://ballzy.eu/et/product/nb-everyday-crew-3-pairs-las33863-bk-l-cnf","http://backend.ballzy.eu/media/catalog/product/n/e/new-balance-nb-everyday-crew-3-pairs-must-k673.jpg","","<html><body><p>new balance nb everyday crew 3 paari sokke on oluline täiendus igale garderoobile. need meeskonnasokid on valmistatud kergest, pehmest puuvillast, mis muudab need mugavaks ja kergesti puhastatavaks. klassikaline nb logo on elegantse, tagasihoidliku stiiliga, mis sobib ideaalselt igaks vabaajaürituseks. igas pakendis on kolm paari meeskonnasokke.</p></body></html> Vaata lähemalt ballzy.eu.","Kids' Socks","19.00 EUR","14.00 EUR","New Balance;Black;Basketball;in stock;Yes;New Balance;Male|Female|Children","","","","","","","","",""
"LAS33933_BK_L_CNF","","Nb everyday ankle 3 pack","http://ballzy.eu/et/product/nb-everyday-ankle-3-pack-las33933-bk-l-cnf","http://backend.ballzy.eu/media/catalog/product/n/e/new-balance-nb-everyday-ankle-3-pack-must-nj7e.jpg","","<html><body><p>new balance nb everyday ankle 3 paari sokke on oluline täiendus igale garderoobile. need pahkluu sokid on valmistatud kergest, pehmendavast puuvillast, mis muudab need mugavaks ja kergesti puhastatavaks. klassikaline nb logo on elegantse, tagasihoidliku stiiliga, mis sobib ideaalselt igaks juhuslikuks sündmuseks. igas pakendis on kolm paari pahkluude sokke.</p></body></html> Vaata lähemalt ballzy.eu.","Kids' Socks","19.00 EUR","14.25 EUR","New Balance;Black;Basketball;in stock;Yes;New Balance;Male|Female|Children","","","","","","","","",""
"77-822Z_CNF","","Tf-1000 legacy lkl","http://ballzy.eu/et/product/tf-1000-legacy-lkl-77-822z-cnf","http://backend.ballzy.eu/media/catalog/product/s/p/spalding-legacy-tf1000-multicolor-ovod.jpg","","Spordiriided ballzy veebipoest. Vaata lähemalt ballzy.eu.","Kids' Basketballs","69.00 EUR","51.75 EUR","Spalding;#n/a;Basketball;in stock;Yes;Spalding;Male|Female|Children","","","","","","","","",""
"85-061Z_CNF","","Legacy tf1000","http://ballzy.eu/et/product/legacy-tf1000-85-061z-cnf","http://backend.ballzy.eu/media/catalog/product/s/p/spalding-legacy-tf1000-multicolor-w2x3.jpg","","Spordiriided ballzy veebipoest. Vaata lähemalt ballzy.eu.","Kids' Basketballs","35.00 EUR","26.25 EUR","Spalding;Multicolored;Basketball;in stock;Yes;Spalding;Male|Children","","","","","","","","",""
"IG6611_4.5_CNF","","A.e. 1 j","http://ballzy.eu/et/product/a-e-1-j-ig6611-4-5-cnf","http://backend.ballzy.eu/media/catalog/product/a/d/adidas-a-e-1-j-punane-zfho.jpg","","<html><body><p> pitsid on ühe mängude tõusva superstaari stiilis. need adidas basketballi ja anthony edwardsi juunioride signature tossud on loodud sertifitseeritud ämbrite hankijatele. kombineeritud boost- ja lightstrike-välipõhi on ülikerge ja lisab sinu kõige plahvatuslikumatele liigutustele silmapaistvat energiavõitu. kummist välistald annab sulle kogu vajaliku toetuse, et rünnata korvi, samas kui signature anthony edwards´i bränding täiendab välimust. </p></body></html> Vaata lähemalt ballzy.eu.","Kids' Basketball Shoes","109.00 EUR","49.00 EUR","adidas Performance;Red;Basketball;in stock;Yes;adidas Performance;Children","","","","","","","","",""
"FQ8185_170_4.5Y_CNF","","Jordan luka 3 gs","http://ballzy.eu/et/product/jordan-luka-3-gs-fq8185-170-4-5y-cnf","http://backend.ballzy.eu/media/catalog/product/j/o/jordan-jordan-luka-3-gs-multicolor-fq2y.jpg","","<html><body><p> pehme ja paindlikuks disainitud luka 3 annab teie sammudele veidi maagiat. jalgade all olev elastne vahtpolster aitab sul luua väljakul ruumi, samas kui kerge disain on loodud liikumiseks. lisaks on luka'armastus autode vastu inspireerinud meid lisama disainile kiiret stiili, mis aitab sul kaitsjatest mööda puhudes välja näha 100&hellip; tooteomadused: need jalatsid on loodud kiirust silmas pidades ja on inspireeritud pöörlevatest rehvidest, et anda lastele välkkiiret stiili. lis Vaata lähemalt ballzy.eu.","Kids' Basketball Shoes","109.00 EUR","54.00 EUR","Jordan;Multicolored;Basketball;in stock;Yes;Jordan;Female|Children","","","","","","","","",""
"31117601_8_CNF","","Mb.03 halloween","http://ballzy.eu/et/product/mb-03-halloween-31117601-8-cnf","http://backend.ballzy.eu/media/catalog/product/p/u/puma-mb-03-halloween-oran-izwh.jpg","","Spordiriided ballzy veebipoest. Vaata lähemalt ballzy.eu.","Men's Basketball Shoes","139.00 EUR","59.00 EUR","Puma;Orange;Basketball;in stock;Yes;Puma;Male","","","","","","","","",""
"31053201_8_CNF","","Mb.04 1love","http://ballzy.eu/et/product/mb-04-1love-31053201-8-cnf","http://backend.ballzy.eu/media/catalog/product/p/u/puma-mb-04-1love-multicolor-fgeo.jpg","","Spordiriided ballzy veebipoest. Vaata lähemalt ballzy.eu.","Men's Basketball Shoes","129.00 EUR","49.00 EUR","Puma;Multicolored;Basketball;in stock;Yes;Puma;Male","","","","","","","","",""
"IG6649_8_CNF","","Harden volume 8","http://ballzy.eu/et/product/harden-volume-8-ig6649-8-cnf","http://backend.ballzy.eu/media/catalog/product/a/d/adidas-performance-harden-volume-8-valge-dwrc.jpg","","<html><body><p> james hardeni-suguse superstaari jaoks ei piisa mängu muutmisest, vaid ta peab seda ka revolutsiooniliselt muutma. adidas basketballi ja james hardeni uusimad signature jalanõud tähistavad jätkuvalt ühte korvpalli tippskoorijat ja eliitpersoonust. kombineeritud adidas boost- ja lightstrike-välipõhjaga korvpallijalatsid pakuvad sulle vajalikku tuge, et domineerida iga kord, kui sa põrandale astud. </p></body></html> Vaata lähemalt ballzy.eu.","Men's Basketball Shoes","159.00 EUR","79.00 EUR","adidas Performance;White;Basketball;in stock;Yes;adidas Performance;Male","","","","","","","","",""
"IH8468_10_CNF","","Dame certified 3","http://ballzy.eu/et/product/dame-certified-3-ih8468-10-cnf","http://backend.ballzy.eu/media/catalog/product/a/d/adidas-performance-dame-certified-3-valge-iist.jpg","","<html><body><p> kui mäng on kaalul, ei ole kedagi paremat, kes saaks palli käes hoida, kui damian lillard. dame´i ainulaadsele stiilile nii väljakul kui ka väljaspool seda vastavad adidas basketballi uusimad damian lillardi signature´i kingad pakuvad kõiki vahendeid, mida vajad, et anda endast märku. bounce-välipõhi on kerge ja paindub koos jalaga, samal ajal kui kummist välistald toetab stardid ja peatused, olgu sa siis tõmbad mänguvõitja logoga üles või ründad kahe punkti eest väravas. </p></b Vaata lähemalt ballzy.eu.","Men's Basketball Shoes","89.00 EUR","39.00 EUR","adidas Performance;White;Basketball;in stock;Yes;adidas Performance;Male","","","","","","","","",""
"3027629_100_44.5_CNF","","Curry 12","http://ballzy.eu/et/product/curry-12-3027629-100-44-5-cnf","http://backend.ballzy.eu/media/catalog/product/u/n/under-armour-curry-12-kollane-wgbe.jpg","","Spordiriided ballzy veebipoest. Vaata lähemalt ballzy.eu.","Men's Basketball Shoes","169.00 EUR","74.00 EUR","Under Armour;Gray;Basketball;in stock;Yes;Under Armour;Male","","","","","","","","",""
"20260R_BK_S_CNF","","Hex tight with knee pads 3/4","http://ballzy.eu/et/product/hex-tight-with-knee-pads-3-4-20260r-bk-s-cnf","http://backend.ballzy.eu/media/catalog/product/m/c/mcdavid-hex-tight-with-knee-pads-3-4-must-lqas.jpg","","Spordiriided ballzy veebipoest. Vaata lähemalt ballzy.eu.","Kids' Accessories","59.00 EUR","44.25 EUR","Mcdavid;Black;Basketball;in stock;Yes;Mcdavid;Male|Female|Children","","","","","","","","",""
"20260R_WH_S_CNF","","Hex tight with knee pads 3/4","http://ballzy.eu/et/product/hex-tight-with-knee-pads-3-4-20260r-wh-s-cnf","http://backend.ballzy.eu/media/catalog/product/m/c/mcdavid-hex-tight-with-knee-pads-3-4-valge-xnml.jpg","","Spordiriided ballzy veebipoest. Vaata lähemalt ballzy.eu.","Kids' Accessories","59.00 EUR","44.25 EUR","Mcdavid;White;Basketball;in stock;Yes;Mcdavid;Male|Female|Children","","","","","","","","",""
"414R_BK_RG_CNF","","Knee strap","http://ballzy.eu/et/product/knee-strap-414r-bk-rg-cnf","http://backend.ballzy.eu/media/catalog/product/m/c/mcdavid-knee-strap-must-icol.jpg","","Spordiriided ballzy veebipoest. Vaata lähemalt ballzy.eu.","Kids' Accessories","24.00 EUR","18.00 EUR","Mcdavid;Black;Basketball;in stock;Yes;Mcdavid;Male|Female|Children","","","","","","","","",""
"513R_BK_S_M_CNF","","Wrist sleeve","http://ballzy.eu/et/product/wrist-sleeve-513r-bk-s-m-cnf","http://backend.ballzy.eu/media/catalog/product/m/c/mcdavid-wrist-sleeve-must-kqkr.jpg","","Spordiriided ballzy veebipoest. Vaata lähemalt ballzy.eu.","Kids' Accessories","19.00 EUR","14.25 EUR","Mcdavid;Black;Basketball;in stock;Yes;Mcdavid;Male|Female|Children","","","","","","","","",""
"6446R_BK_S_CNF","","Hex leg sleeves","http://ballzy.eu/et/product/hex-leg-sleeves-6446r-bk-s-cnf","http://backend.ballzy.eu/media/catalog/product/m/c/mcdavid-hex-leg-sleeves-must-lgt4.jpg","","Spordiriided ballzy veebipoest. Vaata lähemalt ballzy.eu.","Kids' Accessories","39.00 EUR","29.25 EUR","Mcdavid;Black;Basketball;in stock;Yes;Mcdavid;Male|Female|Children","","","","","","","","",""
"6446R_RY_S_CNF","","Hex leg sleeves","http://ballzy.eu/et/product/hex-leg-sleeves-6446r-ry-s-cnf","http://backend.ballzy.eu/media/catalog/product/m/c/mcdavid-hex-leg-sleeves-sinine-35vg.jpg","","Spordiriided ballzy veebipoest. Vaata lähemalt ballzy.eu.","Kids' Accessories","39.00 EUR","29.25 EUR","Mcdavid;Blue;Basketball;in stock;Yes;Mcdavid;Male|Female|Children","","","","","","","","",""
"6446R_SC_S_CNF","","Hex leg sleeves","http://ballzy.eu/et/product/hex-leg-sleeves-6446r-sc-s-cnf","http://backend.ballzy.eu/media/catalog/product/m/c/mcdavid-hex-leg-sleeves-punane-iaqa.jpg","","Spordiriided ballzy veebipoest. Vaata lähemalt ballzy.eu.","Kids' Accessories","39.00 EUR","29.25 EUR","Mcdavid;Red;Basketball;in stock;Yes;Mcdavid;Male|Female|Children","","","","","","","","",""
"6446R_WH_S_CNF","","Hex leg sleeves","http://ballzy.eu/et/product/hex-leg-sleeves-6446r-wh-s-cnf","http://backend.ballzy.eu/media/catalog/product/m/c/mcdavid-hex-leg-sleeves-valge-sq2i.jpg","","Spordiriided ballzy veebipoest. Vaata lähemalt ballzy.eu.","Kids' Accessories","39.00 EUR","29.25 EUR","Mcdavid;White;Basketball;in stock;Yes;Mcdavid;Male|Female|Children","","","","","","","","",""
"6500R_RY_S_CNF","","Hex shooter arm sleeve","http://ballzy.eu/et/product/hex-shooter-arm-sleeve-6500r-ry-s-cnf","http://backend.ballzy.eu/media/catalog/product/m/c/mcdavid-hex-shooter-arm-sleeve-sinine-zdo6.jpg","","Spordiriided ballzy veebipoest. Vaata lähemalt ballzy.eu.","Kids' Accessories","29.00 EUR","21.75 EUR","Mcdavid;Blue;Basketball;in stock;Yes;Mcdavid;Male|Female|Children","","","","","","","","",""
"6566R_RY_S_M_CNF","","Compression arm sleeve","http://ballzy.eu/et/product/compression-arm-sleeve-6566r-ry-s-m-cnf","http://backend.ballzy.eu/media/catalog/product/m/c/mcdavid-compression-arm-sleeve-sinine-nwpz.jpg","","Spordiriided ballzy veebipoest. Vaata lähemalt ballzy.eu.","Kids' Accessories","29.00 EUR","21.75 EUR","Mcdavid;Blue;Basketball;in stock;Yes;Mcdavid;Male|Female|Children","","","","","","","","",""
"6566R_SC_S_M_CNF","","Compression arm sleeve","http://ballzy.eu/et/product/compression-arm-sleeve-6566r-sc-s-m-cnf","http://backend.ballzy.eu/media/catalog/product/m/c/mcdavid-compression-arm-sleeve-punane-5t5c.jpg","","Spordiriided ballzy veebipoest. Vaata lähemalt ballzy.eu.","Kids' Accessories","29.00 EUR","21.75 EUR","Mcdavid;Red;Basketball;in stock;Yes;Mcdavid;Male|Female|Children","","","","","","","","",""
"6566R_WH_S_M_CNF","","Compression arm sleeve","http://ballzy.eu/et/product/compression-arm-sleeve-6566r-wh-s-m-cnf","http://backend.ballzy.eu/media/catalog/product/m/c/mcdavid-compression-arm-sleeve-valge-wiga.jpg","","Spordiriided ballzy veebipoest. Vaata lähemalt ballzy.eu.","Kids' Accessories","29.00 EUR","21.75 EUR","Mcdavid;White;Basketball;in stock;Yes;Mcdavid;Male|Female|Children","","","","","","","","",""
"7374R_BK_S_CNF","","Hex thudd 5-pad 3/4 tight","http://ballzy.eu/et/product/hex-thudd-5-pad-3-4-tight-7374r-bk-s-cnf","http://backend.ballzy.eu/media/catalog/product/m/c/mcdavid-hex-thudd-5-pad-3-4-tight-must-ggyy.jpg","","Spordiriided ballzy veebipoest. Vaata lähemalt ballzy.eu.","Kids' Tights","79.00 EUR","59.25 EUR","Mcdavid;Black;Basketball;in stock;Yes;Mcdavid;Male|Female|Children","","","","","","","","",""
"7374R_WH_S_CNF","","Hex thudd 5-pad 3/4 tight","http://ballzy.eu/et/product/hex-thudd-5-pad-3-4-tight-7374r-wh-s-cnf","http://backend.ballzy.eu/media/catalog/product/m/c/mcdavid-hex-thudd-5-pad-3-4-tight-valge-kedp.jpg","","Spordiriided ballzy veebipoest. Vaata lähemalt ballzy.eu.","Kids' Tights","79.00 EUR","59.25 EUR","Mcdavid;White;Basketball;in stock;Yes;Mcdavid;Male|Female|Children","","","","","","","","",""
"7963R_BK_S_CNF","","Hextm tank shirt","http://ballzy.eu/et/product/hextm-tank-shirt-7963r-bk-s-cnf","http://backend.ballzy.eu/media/catalog/product/m/c/mcdavid-hextm-tank-shirt-must-cbpn.jpg","","Spordiriided ballzy veebipoest. Vaata lähemalt ballzy.eu.","Kids' Tights","74.00 EUR","55.50 EUR","Mcdavid;Black;Basketball;in stock;Yes;Mcdavid;Male|Female|Children","","","","","","","","",""
"7963R_WH_S_CNF","","Hextm tank shirt","http://ballzy.eu/et/product/hextm-tank-shirt-7963r-wh-s-cnf","http://backend.ballzy.eu/media/catalog/product/m/c/mcdavid-hextm-tank-shirt-valge-rhrl.jpg","","Spordiriided ballzy veebipoest. Vaata lähemalt ballzy.eu.","Kids' Tights","74.00 EUR","55.50 EUR","Mcdavid;White;Basketball;in stock;Yes;Mcdavid;Male|Female|Children","","","","","","","","",""
"7991R_BK_S_CNF","","Hex shorts with contoured wrap-around thigh","http://ballzy.eu/et/product/hex-shorts-with-contoured-wrap-around-thigh-7991r-bk-s-cnf","http://backend.ballzy.eu/media/catalog/product/m/c/mcdavid-hex-shorts-with-contoured-wrap-around-thigh-must-gme8.jpg","","Spordiriided ballzy veebipoest. Vaata lähemalt ballzy.eu.","Kids' Accessories","79.00 EUR","59.25 EUR","Mcdavid;Black;Basketball;in stock;Yes;Mcdavid;Male|Female|Children","","","","","","","","",""
"7991R_WH_S_CNF","","Hex shorts with contoured wrap-around thigh","http://ballzy.eu/et/product/hex-shorts-with-contoured-wrap-around-thigh-7991r-wh-s-cnf","http://backend.ballzy.eu/media/catalog/product/m/c/mcdavid-hex-shorts-with-contoured-wrap-around-thigh-valge-qocw.jpg","","Spordiriided ballzy veebipoest. Vaata lähemalt ballzy.eu.","Kids' Accessories","79.00 EUR","59.25 EUR","Mcdavid;White;Basketball;in stock;Yes;Mcdavid;Male|Female|Children","","","","","","","","",""
"MA0957_023_O_S_CNF","","Jam collectors crossbody bag","http://ballzy.eu/et/product/jam-collectors-crossbody-bag-ma0957-023-o-s-cnf","http://backend.ballzy.eu/media/catalog/product/n/i/nike-jam-collectors-crossbody-bag-must-tkla.jpg","","Spordiriided ballzy veebipoest. Vaata lähemalt ballzy.eu.","Kids' Bags","59.00 EUR","34.00 EUR","Jordan;Black;Basketball;in stock;Yes;Jordan;Male|Female|Children","","","","","","","","",""
"6566_WHI_S_M_CNF","","Mcd compression arm sleeve","http://ballzy.eu/et/product/mcd-compression-arm-sleeve-6566-whi-s-m-cnf","http://backend.ballzy.eu/media/catalog/product/m/c/mcdavid-mcd-compression-arm-sleeve-valge-3swq.jpg","","The sleeve is engineered to fit comfortably from the mid-arm to the wrist and includes mcdavids premium ultra hdc™ moisture management technology to insure comfort. Vaata lähemalt ballzy.eu.","Kids' Accessories","24.00 EUR","18.00 EUR","Mcdavid;White;Basketball;in stock;Yes;Mcdavid;Male|Female|Children","","","","","","","","",""
"FB7952_010_S_CNF","","M np df tight","http://ballzy.eu/et/product/m-np-df-tight-fb7952-010-s-cnf","http://backend.ballzy.eu/media/catalog/product/n/i/nike-m-np-df-tight-must-ztwr.jpg","","<html><body><p> nike pro kollektsiooni eesmärk on tunda end kindlalt ja anda endast parim, olenemata sellest, kus sa oma treeningute teekonnal oled. need õhukesed sukkpüksid on sileda ja veniva tundega, mis on loodud selleks, et sooritada kõiki sinu lemmikspordialasid ja -harrastusi&hellip; toote omadused: nike dri-fit tehnoloogia viib higi nahast eemale, et see aurustuks kiiremini, aidates sul jääda kuivaks ja mugavaks&hellip; veniv trikookangas annab kehakinnituse, et saaksid liikuda loomuliku Vaata lähemalt ballzy.eu.","Men's Leggings","49.00 EUR","29.00 EUR","Nike;Black;Basketball;in stock;Yes;Nike;Male","","","","","","","","",""
"FV8634_010_L_CNF","","M j df sprt 3qt tight","http://ballzy.eu/et/product/m-j-df-sprt-3qt-tight-fv8634-010-l-cnf","http://backend.ballzy.eu/media/catalog/product/j/o/jordan-m-j-df-sprt-3qt-tight-must-f8wr.jpg","","<html><body><p> need 3/4-pikkused sukkpüksid aitavad sul esineda alates välitingimustes toimuvast hoopis jalgade päevast. need 3/4-pikkused sukkpüksid on valmistatud siledast, venivast kangast, mis haarab teie keha ja annab lisatoe, lisaks näevad need hästi välja lühikeste pükste alt väljaulatuvalt. ja me oleme katnud teid meediataskutega, et saaksite oma telefoni turvaliselt kinnitada&hellip; toote omadused: nike dri-fit tehnoloogia viib higi nahast eemale, et see aurustuks kiiremini, aidates s Vaata lähemalt ballzy.eu.","Men's Leggings","39.00 EUR","29.00 EUR","Jordan;Black;Basketball;in stock;Yes;Jordan;Male","","","","","","","","",""
"FN4120_010_MISC_CNF","","Nk utility power bkpk - 2.0","http://ballzy.eu/et/product/nk-utility-power-bkpk-2-0-fn4120-010-misc-cnf","http://backend.ballzy.eu/media/catalog/product/n/i/nike-nk-utility-power-bkpk-2-0-must-d8nx.jpg","","<html><body><p> teie elu ei ole ühemõõtmeline, seega ei tohiks ka teie kott olla ühemõõtmeline. hoidke oma tööelu ja mängimine lahus, kasutades eraldi sisemisi lahtreid sülearvuti, telefoni ja jalatsite jaoks. samuti on kolm välist lukuga välistaskut väikeste oluliste asjade jaoks, et hoida teid organiseerituna&hellip; tooteomadused: lukuga taskusse mahub kuni 16"" sülearvuti&hellip; pehmendusega selja- ja õlarihmad aitavad teil end mugavalt hoida&hellip; küljetaskud mahutavad veepudeli või muud  Vaata lähemalt ballzy.eu.","Kids' Backpacks","109.00 EUR","81.75 EUR","Nike;Black;Basketball;in stock;Yes;Nike;Male|Female|Children","","","","","","","","",""
"31140101_8_CNF","","Mb.01 alien","http://ballzy.eu/et/product/mb-01-alien-31140101-8-cnf","http://backend.ballzy.eu/media/catalog/product/p/u/puma-mb-01-alien-roheline-gzh8.jpg","","Spordiriided ballzy veebipoest. Vaata lähemalt ballzy.eu.","Men's Basketball Shoes","149.00 EUR","69.00 EUR","Puma;Green;Basketball;in stock;Yes;Puma;Male","","","","","","","","",""
"31158001_8_CNF","","Mb.01 tmnt baxter stockman","http://ballzy.eu/et/product/mb-01-tmnt-baxter-stockman-31158001-8-cnf","http://backend.ballzy.eu/media/catalog/product/p/u/puma-mb-01-tmnt-baxter-stockman-must-aurd.jpg","","Spordiriided ballzy veebipoest. Vaata lähemalt ballzy.eu.","Men's Basketball Shoes","149.00 EUR","69.00 EUR","Puma;Black;Basketball;in stock;Yes;Puma;Male","","","","","","","","",""
"63075601_S_CNF","","Melo alwayz on 1 7"" is short","http://ballzy.eu/et/product/melo-alwayz-on-1-7-is-short-63075601-s-cnf","http://backend.ballzy.eu/media/catalog/product/p/u/puma-melo-alwayz-on-1-7-is-short-must-p2v1.jpg","","Spordiriided ballzy veebipoest. Vaata lähemalt ballzy.eu.","Men's Shorts","59.00 EUR","24.00 EUR","Puma;Black;Basketball;in stock;Yes;Puma;Male","","","","","","","","",""
"IB7137_400_10_CNF","","Jordan heir","http://ballzy.eu/et/product/jordan-heir-ib7137-400-10-cnf","http://backend.ballzy.eu/media/catalog/product/j/o/jordan-jordan-heir-sinine-2hfm.jpg","","Spordiriided ballzy veebipoest. Vaata lähemalt ballzy.eu.","Men's Basketball Shoes","129.00 EUR","79.00 EUR","Jordan;Blue;Basketball;in stock;Yes;Jordan;Male","","","","","","","","",""
"IB7251_002_4.5Y_CNF","","Ja 2 gs","http://ballzy.eu/et/product/ja-2-gs-ib7251-002-4-5y-cnf","http://backend.ballzy.eu/media/catalog/product/n/i/nike-ja-2-gs-must-btnv.jpg","","Spordiriided ballzy veebipoest. Vaata lähemalt ballzy.eu.","Kids' Basketball Shoes","119.00 EUR","69.00 EUR","Nike;Black;Basketball;in stock;Yes;Nike;Children","","","","","","","","",""
"31126201_8_CNF","","All-pro nitro elite","http://ballzy.eu/et/product/all-pro-nitro-elite-31126201-8-cnf","http://backend.ballzy.eu/media/catalog/product/p/u/puma-all-pro-nitro-elite-multicolor-tk8f.jpg","","Spordiriided ballzy veebipoest. Vaata lähemalt ballzy.eu.","Men's Basketball Shoes","259.00 EUR","119.00 EUR","Puma;Multicolored;Basketball;in stock;Yes;Puma;Male","","","","","","","","",""
"3027630_001_44.5_CNF","","Curry 12","http://ballzy.eu/et/product/curry-12-3027630-001-44-5-cnf","http://backend.ballzy.eu/media/catalog/product/u/n/under-armour-curry-12-must-pkvc.jpg","","Spordiriided ballzy veebipoest. Vaata lähemalt ballzy.eu.","Men's Basketball Shoes","169.00 EUR","74.00 EUR","Under Armour;Black;Basketball;in stock;Yes;Under Armour;Male","","","","","","","","",""
"3027632_100_44.5_CNF","","Curry 12","http://ballzy.eu/et/product/curry-12-3027632-100-44-5-cnf","http://backend.ballzy.eu/media/catalog/product/u/n/under-armour-curry-12-valge-ccor.jpg","","Spordiriided ballzy veebipoest. Vaata lähemalt ballzy.eu.","Men's Basketball Shoes","169.00 EUR","74.00 EUR","Under Armour;White;Basketball;in stock;Yes;Under Armour;Male","","","","","","","","",""
"3027633_001_44.5_CNF","","Curry 12","http://ballzy.eu/et/product/curry-12-3027633-001-44-5-cnf","http://backend.ballzy.eu/media/catalog/product/u/n/under-armour-curry-12-must-hxat.jpg","","Spordiriided ballzy veebipoest. Vaata lähemalt ballzy.eu.","Men's Basketball Shoes","169.00 EUR","74.00 EUR","Under Armour;Green;Basketball;in stock;Yes;Under Armour;Male","","","","","","","","",""
"3027724_600_44.5_CNF","","Curry 11","http://ballzy.eu/et/product/curry-11-3027724-600-44-5-cnf","http://backend.ballzy.eu/media/catalog/product/u/n/under-armour-curry-11-roosa-e3zj.jpg","","Spordiriided ballzy veebipoest. Vaata lähemalt ballzy.eu.","Men's Basketball Shoes","169.00 EUR","74.00 EUR","Under Armour;Pink;Basketball;in stock;Yes;Under Armour;Male","","","","","","","","",""
"3027725_400_44.5_CNF","","Curry 11","http://ballzy.eu/et/product/curry-11-3027725-400-44-5-cnf","http://backend.ballzy.eu/media/catalog/product/u/n/under-armour-curry-11-sinine-qjtq.jpg","","Spordiriided ballzy veebipoest. Vaata lähemalt ballzy.eu.","Men's Basketball Shoes","169.00 EUR","74.00 EUR","Under Armour;Blue;Basketball;in stock;Yes;Under Armour;Male","","","","","","","","",""
"JH6627_8_CNF","","Dame 9","http://ballzy.eu/et/product/dame-9-jh6627-8-cnf","http://backend.ballzy.eu/media/catalog/product/a/d/adidas-performance-dame-9-multicolor-mops.jpg","","<html><body><p> damian lillardi-suguse mängupildi muutva superstaari jaoks on muutused paratamatud. dame´i ja adidas basketballi uusimad signature´i kingad võtavad omaks arenguvaimu, mis viis dame´i tähelepanuta jäänud ja alahinnatud mängijast maailma kõrgeimale korvpallitasemele. täiesti uus disain on kergem ja voolujoonelisem, ühendades sisemise jalanõude mugava istuvuse täispika torsion bariga, mis tagab külgmise jäikuse, ja ülikerge lightstrike-välipinnaga jalalaba all, mis hoiab sind tippki Vaata lähemalt ballzy.eu.","Men's Basketball Shoes","119.00 EUR","59.00 EUR","adidas Performance;Multicolored;Basketball;in stock;Yes;adidas Performance;Male","","","","","","","","",""
"SX7589_101_M_CNF","","U jordan crew - nba","http://ballzy.eu/et/product/u-jordan-crew-nba-sx7589-101-m-cnf","http://backend.ballzy.eu/media/catalog/product/j/o/jordan-u-jordan-crew-nba-valge-3wbx.jpg","","<html><body><p> focused footwork: nba edition&hellip; jordan nba crew sokid pakuvad toetavat istuvust ja tunnetust. ümbritsev kaareriba haarab jalga, samal ajal kui tsooniline pehmendus aitab põrutusi neelata, kui jooksete väljakul&hellip; toote omadused: zonaalne pehmendus aitab absorbeerida lööki&hellip; kaarepael pakub mugavat ja turvalist istuvust&hellip; toote omaduste alapealkirjad: higi eemaldav tehnoloogia aitab sul kuivana ja mugavalt püsida&hellip; toote omaduste alapealkirjad: higi ee Vaata lähemalt ballzy.eu.","Kids' Socks","19.00 EUR","14.25 EUR","Jordan;White;Basketball;in stock;Yes;Jordan;Male|Female|Children","","","","","","","","",""
"HV5893_100_4.5Y_CNF","","Jordan tatum 3 gs","http://ballzy.eu/et/product/jordan-tatum-3-gs-hv5893-100-4-5y-cnf","http://backend.ballzy.eu/media/catalog/product/j/o/jordan-jordan-tatum-3-gs-multicolor-kj3y.jpg","","Spordiriided ballzy veebipoest. Vaata lähemalt ballzy.eu.","Kids' Basketball Shoes","114.00 EUR","69.00 EUR","Jordan;Multicolored;Basketball;in stock;Yes;Jordan;Female|Children","","","","","","","","",""
"SX7677_964_S_CNF","","U nk ed ltwt ankle 3p 132","http://ballzy.eu/et/product/u-nk-ed-ltwt-ankle-3p-132-sx7677-964-s-cnf","http://backend.ballzy.eu/media/catalog/product/n/i/nike-u-nk-ed-ltwt-ankle-3p-132-multicolor-ua30.jpg","","Spordiriided ballzy veebipoest. Vaata lähemalt ballzy.eu.","Kids' Socks","19.00 EUR","14.25 EUR","Nike;Multicolored;Basketball;in stock;Yes;Nike;Male|Female|Children","","","","","","","","",""
"8306SPCN_CNF","","Pump 12"" w/needle in sleeve","http://ballzy.eu/et/product/pump-12-w-needle-in-sleeve-8306spcn-cnf","http://backend.ballzy.eu/media/catalog/product/s/p/spalding-pump-12-w-needle-in-sleeve-multicolor-6azo.jpg","","Spordiriided ballzy veebipoest. Vaata lähemalt ballzy.eu.","Men's Accessories","9.00 EUR","6.75 EUR","Spalding;Multicolored;Basketball;in stock;Yes;Spalding;Male","","","","","","","","",""
"8309SPCN_CNF","","Whistle metal w/lanyard","http://ballzy.eu/et/product/whistle-metal-w-lanyard-8309spcn-cnf","http://backend.ballzy.eu/media/catalog/product/s/p/spalding-whistle-metal-w-lanyard-multicolor-plgp.jpg","","Spordiriided ballzy veebipoest. Vaata lähemalt ballzy.eu.","Men's Accessories","9.00 EUR","6.75 EUR","Spalding;Multicolored;Basketball;in stock;Yes;Spalding;Male","","","","","","","","",""
"8464SPCN_CNF","","Needles 3 metal 1pla","http://ballzy.eu/et/product/needles-3-metal-1pla-8464spcn-cnf","http://backend.ballzy.eu/media/catalog/product/s/p/spalding-needles-3-metal-1pla-multicolor-f846.jpg","","Spordiriided ballzy veebipoest. Vaata lähemalt ballzy.eu.","Men's Accessories","5.00 EUR","3.75 EUR","Spalding;Multicolored;Basketball;in stock;Yes;Spalding;Male","","","","","","","","",""
"FN4106_006_MISC_CNF","","Nk utility speed bkpk - 2.0","http://ballzy.eu/et/product/nk-utility-speed-bkpk-2-0-fn4106-006-misc-cnf","http://backend.ballzy.eu/media/catalog/product/n/i/nike-nk-utility-speed-bkpk-2-0-multicolor-112w.jpg","","Spordiriided ballzy veebipoest. Vaata lähemalt ballzy.eu.","Men's Backpacks","94.00 EUR","70.50 EUR","Nike;Multicolored;Basketball;in stock;Yes;Nike;Male","","","","","","","","",""
"FN4208_010_MISC_CNF","","Nk utility m power duff - 2.0","http://ballzy.eu/et/product/nk-utility-m-power-duff-2-0-fn4208-010-misc-cnf","http://backend.ballzy.eu/media/catalog/product/n/i/nike-nk-utility-m-power-duff-2-0-must-b7kk.jpg","","<html><body><p> utility duffel bag võimaldab sul otse higistamise juurde minna, sest see on varustatud mitmete taskutega, mis aitavad sind organiseerida. vahetusriided ja tossud mahuvad põhikambrisse, samal ajal kui välised tõmblukuga taskud on ideaalsed kiireks juurdepääsuks kõigile teie väikestele hädavajalikele asjadele&hellip; tooteomadused: reguleeritav õlarihm ja tõmbekäepidemed üleval ja küljel annavad teile mugavad kandmisvõimalused&hellip; tihealt kootud polüester pakub rasket tuge&hell Vaata lähemalt ballzy.eu.","Kids' Bags","84.00 EUR","63.00 EUR","Nike;Black;Basketball;in stock;Yes;Nike;Male|Female|Children","","","","","","","","",""
"SX7589_010_XL_CNF","","U jordan crew - nba","http://ballzy.eu/et/product/u-jordan-crew-nba-sx7589-010-xl-cnf","http://backend.ballzy.eu/media/catalog/product/n/i/nike-u-jordan-crew-nba-multicolor-7i2c.jpg","","Spordiriided ballzy veebipoest. Vaata lähemalt ballzy.eu.","Kids' Socks","24.00 EUR","18.00 EUR","Nike;Multicolored;Basketball;in stock;Yes;Nike;Male|Female|Children","","","","","","","","",""
"JH6484_7.5_CNF","","Harden volume 9","http://ballzy.eu/et/product/harden-volume-9-jh6484-7-5-cnf","http://backend.ballzy.eu/media/catalog/product/a/d/adidas-performance-harden-volume-9-roheline-eium.jpg","","Continuing to build on his legend and legacy, the latest signature shoes from james harden and adidas basketball are designed for players who live for the game´s biggest moments. these performance basketball shoes are designed to support the type of moves that have made harden a superstar on the hardwood and are loaded with the unique sense of style that has helped make his name off the court too. a combined boost and lightstrike midsole provides lightweight energy return to propel you towards t Vaata lähemalt ballzy.eu.","Men's Basketball Shoes","159.00 EUR","79.00 EUR","adidas Performance;Green;Basketball;in stock;Yes;adidas Performance;Male","","","","","","","","",""
"JI0424_7.5_CNF","","Anthony edwards 1","http://ballzy.eu/et/product/anthony-edwards-1-ji0424-7-5-cnf","http://backend.ballzy.eu/media/catalog/product/a/d/adidas-performance-anthony-edwards-1-hall-xsek.jpg","","Lace up in the style of one of the game´s emerging superstars. these signature sneakers from adidas basketball and anthony edwards are built for certified bucket-getters. the combined boost and lightstrike midsole is ultra-lightweight and adds outstanding energy return to your most explosive moves. a rubber outsole provides all the support you need to attack the hoop, while signature anthony edwards branding completes the look. Vaata lähemalt ballzy.eu.","Men's Basketball Shoes","139.00 EUR","69.00 EUR","adidas Performance;Gray;Basketball;in stock;Yes;adidas Performance;Male","","","","","","","","",""
"JI1545_8_CNF","","Dame certified 3","http://ballzy.eu/et/product/dame-certified-3-ji1545-8-cnf","http://backend.ballzy.eu/media/catalog/product/a/d/adidas-performance-dame-certified-3-roosa-baez.jpg","","These juniors´ dame certified 3 shoes from adidas basketball are designed for serious hoopers. the lightweight build keeps you flying across the court while bounce cushioning softens each landing. no matter if running through drills at practise or dreaming of knocking down buzzer beaters, signature dame graphics inspire big game confidence every time you lace up and hit the court. Vaata lähemalt ballzy.eu.","Men's Basketball Shoes","79.00 EUR","39.00 EUR","adidas Performance;Pink;Basketball;in stock;Yes;adidas Performance;Male","","","","","","","","",""
"JN0322_S_CNF","","Crazylite short","http://ballzy.eu/et/product/crazylite-short-jn0322-s-cnf","http://backend.ballzy.eu/media/catalog/product/a/d/adidas-crazylite-short-sinine-m0ij.jpg","","Move freely and take your game to new heights in the adidas crazy lite short. the loose fit allows for full range of motion as you drive to the hoop, while subtle detailing and adidas basketball branding let everyone know these are built for the court. climacool wicks and disperses sweat for cool, dry and distraction-free performance. whether you´re playing a pickup game at the park or suiting up for the big tournament, these shorts give you the comfort and style to play your best.   climacool h Vaata lähemalt ballzy.eu.","Men's Shorts","44.00 EUR","25.00 EUR","adidas Originals;Black;Basketball;in stock;Yes;adidas Originals;Male","","","","","","","","",""
"SX2554_901_S_CNF","","U nk ltwt ns 3pr-value 108","http://ballzy.eu/et/product/u-nk-ltwt-ns-3pr-value-108-sx2554-901-s-cnf","http://backend.ballzy.eu/media/catalog/product/n/i/nike-u-nk-ltwt-ns-3pr-value-108-multicolor-nzpy.jpg","","Spordiriided ballzy veebipoest. Vaata lähemalt ballzy.eu.","Kids' Socks","19.00 EUR","14.25 EUR","Nike;Multicolored;Basketball;in stock;Yes;Nike;Male|Female|Children","","","","","","","","",""
"DA2123_010_M_CNF","","U nk ed crew bball 3pr 144","http://ballzy.eu/et/product/u-nk-ed-crew-bball-3pr-144-da2123-010-m-cnf","http://backend.ballzy.eu/media/catalog/product/n/i/nike-u-nk-ed-crew-bball-3pr-144-must-vxvv.jpg","","Spordiriided ballzy veebipoest. Vaata lähemalt ballzy.eu.","Kids' Socks","27.00 EUR","20.25 EUR","Nike;Black;Basketball;in stock;Yes;Nike;Male|Female|Children","","","","","","","","",""
"DA2123_100_M_CNF","","U nk ed crew bball 3pr 144","http://ballzy.eu/et/product/u-nk-ed-crew-bball-3pr-144-da2123-100-m-cnf","http://backend.ballzy.eu/media/catalog/product/n/i/nike-u-nk-ed-crew-bball-3pr-144-valge-fgck.jpg","","Spordiriided ballzy veebipoest. Vaata lähemalt ballzy.eu.","Kids' Socks","27.00 EUR","20.25 EUR","Nike;White;Basketball;in stock;Yes;Nike;Male|Female|Children","","","","","","","","",""
"DX5089_103_S_CNF","","U nk nsw everyday essential cr","http://ballzy.eu/et/product/u-nk-nsw-everyday-essential-cr-dx5089-103-s-cnf","http://backend.ballzy.eu/media/catalog/product/n/i/nike-u-nk-nsw-everyday-essential-cr-valge-2qft.jpg","","Spordiriided ballzy veebipoest. Vaata lähemalt ballzy.eu.","Women's Socks","22.00 EUR","16.50 EUR","Nike;White;Basketball;in stock;Yes;Nike;Female","","","","","","","","",""
"FB7950_010_S_CNF","","M np df 3qt tight","http://ballzy.eu/et/product/m-np-df-3qt-tight-fb7950-010-s-cnf","http://backend.ballzy.eu/media/catalog/product/n/i/nike-m-np-df-3qt-tight-must-hcjo.jpg","","Spordiriided ballzy veebipoest. Vaata lähemalt ballzy.eu.","Men's Leggings","44.00 EUR","29.00 EUR","Nike;Black;Basketball;in stock;Yes;Nike;Male","","","","","","","","",""
"FB7958_010_S_CNF","","M np df short","http://ballzy.eu/et/product/m-np-df-short-fb7958-010-s-cnf","http://backend.ballzy.eu/media/catalog/product/n/i/nike-m-np-df-short-must-s2yo.jpg","","Spordiriided ballzy veebipoest. Vaata lähemalt ballzy.eu.","Men's Shorts","39.00 EUR","29.00 EUR","Nike;Black;Basketball;in stock;Yes;Nike;Male","","","","","","","","",""
"JN0328_S_CNF","","Crazylite short","http://ballzy.eu/et/product/crazylite-short-jn0328-s-cnf","http://backend.ballzy.eu/media/catalog/product/a/d/adidas-crazylite-short-must-yvkt.jpg","","Move freely and take your game to new heights in the adidas crazy lite short. the loose fit allows for full range of motion as you drive to the hoop, while subtle detailing and adidas basketball branding let everyone know these are built for the court. climacool wicks and disperses sweat for cool, dry and distraction-free performance. whether you´re playing a pickup game at the park or suiting up for the big tournament, these shorts give you the comfort and style to play your best.   climacool h Vaata lähemalt ballzy.eu.","Men's Shorts","44.00 EUR","25.00 EUR","adidas Originals;Black;Basketball;in stock;Yes;adidas Originals;Male","","","","","","","","",""
"FJ7791_103_8_CNF","","G.t. hustle academy","http://ballzy.eu/et/product/g-t-hustle-academy-fj7791-103-8-cnf","http://backend.ballzy.eu/media/catalog/product/n/i/nike-g-t-hustle-academy-multicolor-a7hv.jpg","","G.t. hustle academy aitab sul kiiresti mängida, ükskõik kus sinu järgmine mäng toimub. üleni flyknit-pealis on ühendatud pehmete ja vastupidavate vahtudega, mis hoiavad sind platsil värskena ja mugavana, samal ajal kui polsterdatud kannakael tagab liibuva ja toetava istuvuse. vastupidav kummist välistald tagab usaldusväärse haardumise ilma jalga raskemaks muutmata. värv: oatmeal/white/coconut milk. Vaata lähemalt ballzy.eu.","Men's Basketball Shoes","119.00 EUR","54.00 EUR","Nike;Beež;Basketball;in stock;Yes;Nike;Male","","","","","","","","",""
"IB7903_600_8.5_CNF","","Jordan luka 4 gone","http://ballzy.eu/et/product/jordan-luka-4-gone-ib7903-600-8-5-cnf","http://backend.ballzy.eu/media/catalog/product/j/o/jordan-jordan-luka-4-gone-multicolor-rnxc.jpg","","Spordiriided ballzy veebipoest. Vaata lähemalt ballzy.eu.","Men's Basketball Shoes","159.00 EUR","99.00 EUR","Jordan;Multicolored;Basketball;in stock;Yes;Jordan;Male","","","","","","","","",""
"IN5589_S_CNF","","Tf 3s short","http://ballzy.eu/et/product/tf-3s-short-in5589-s-cnf","http://backend.ballzy.eu/media/catalog/product/a/d/adidas-tf-3s-short-must-3l5h.jpg","","Train without limits in these techfit tights. aeroready mesh ventilation allows for a breathable fit that leaves you with no distractions. unlock your next level moves with a compression fit that hugs your muscles.  designed for hybrid training and versatile performance. Vaata lähemalt ballzy.eu.","Men's Leggings","39.00 EUR","24.00 EUR","adidas Originals;Black;Basketball;in stock;Yes;adidas Originals;Male","","","","","","","","",""
"JS1304_8_CNF","","Harden volume 9","http://ballzy.eu/et/product/harden-volume-9-js1304-8-cnf","http://backend.ballzy.eu/media/catalog/product/a/d/adidas-performance-harden-volume-9-punane-mw07.jpg","","Continuing to build on his legend and legacy, the latest signature shoes from james harden and adidas basketball are designed for players who live for the game´s biggest moments. these performance basketball shoes are designed to support the type of moves that have made harden a superstar on the hardwood and are loaded with the unique sense of style that has helped make his name off the court too. a combined boost and lightstrike midsole provides lightweight energy return to propel you towards t Vaata lähemalt ballzy.eu.","Men's Basketball Shoes","159.00 EUR","79.00 EUR","adidas Performance;Red;Basketball;in stock;Yes;adidas Performance;Male","","","","","","","","",""
"83-462Z_CNF","","Latvija 5","http://ballzy.eu/et/product/latvija-5-83-462z-cnf","http://backend.ballzy.eu/media/catalog/product/s/p/spalding-latvija-5-3jfl.jpg","","Spordiriided ballzy veebipoest. Vaata lähemalt ballzy.eu.","Kids' Basketballs","19.00 EUR","14.25 EUR","Spalding;5980;Basketball;in stock;Yes;Spalding;Male|Female|Children","","","","","","","","",""
"JP6089_8_CNF","","Dame x","http://ballzy.eu/et/product/dame-x-jp6089-8-cnf","http://backend.ballzy.eu/media/catalog/product/a/d/adidas-performance-dame-x-hall-vgtu.jpg","","Damian lillard manipulates the game like nobody else. the dame x, the latest signature shoe from adidas basketball and damian lillard was designed specifically to let dame be dame. a lightweight textile upper provides breathability for elevated performance, while three-dimensional printed accents support the zones of the shoe where it is most needed. multi-directional traction on the rubber outsole and an ultralight lightstrike midsole help you generate speed and make dynamic cuts through the la Vaata lähemalt ballzy.eu.","Men's Basketball Shoes","99.00 EUR","44.00 EUR","adidas Performance;Gray;Basketball;in stock;Yes;adidas Performance;Male","","","","","","","","",""
"JP6090_10_CNF","","Dame x","http://ballzy.eu/et/product/dame-x-jp6090-10-cnf","http://backend.ballzy.eu/media/catalog/product/a/d/adidas-performance-dame-x-sinine-ivqw.jpg","","Damian lillard manipulates the game like nobody else. the dame x, the latest signature shoe from adidas basketball and damian lillard was designed specifically to let dame be dame. a lightweight textile upper provides breathability for elevated performance, while three-dimensional printed accents support the zones of the shoe where it is most needed. multi-directional traction on the rubber outsole and an ultralight lightstrike midsole help you generate speed and make dynamic cuts through the la Vaata lähemalt ballzy.eu.","Men's Basketball Shoes","99.00 EUR","44.00 EUR","adidas Performance;Blue;Basketball;in stock;Yes;adidas Performance;Male","","","","","","","","",""
"FZ3075_010_L_CNF","","U nk uncrn csh crew 1p-160 nba","http://ballzy.eu/et/product/u-nk-uncrn-csh-crew-1p-160-nba-fz3075-010-l-cnf","http://backend.ballzy.eu/media/catalog/product/n/i/nike-u-nk-uncrn-csh-crew-1p-160-nba-must-ig3o.jpg","","Spordiriided ballzy veebipoest. Vaata lähemalt ballzy.eu.","Kids' Socks","24.00 EUR","18.00 EUR","Nike;Black;Basketball;in stock;Yes;Nike;Male|Female|Children","","","","","","","","",""
"FZ3075_100_L_CNF","","U nk uncrn csh crew 1p-160 nba","http://ballzy.eu/et/product/u-nk-uncrn-csh-crew-1p-160-nba-fz3075-100-l-cnf","http://backend.ballzy.eu/media/catalog/product/n/i/nike-u-nk-uncrn-csh-crew-1p-160-nba-valge-rarl.jpg","","Spordiriided ballzy veebipoest. Vaata lähemalt ballzy.eu.","Kids' Socks","24.00 EUR","18.00 EUR","Nike;White;Basketball;in stock;Yes;Nike;Male|Female|Children","","","","","","","","",""
"BBFRSIS3_8.5_CNF","","New balance be fresh v3","http://ballzy.eu/et/product/new-balance-be-fresh-v3-bbfrsis3-8-5-cnf","http://backend.ballzy.eu/media/catalog/product/n/e/new-balance-new-balance-be-fresh-v3-hall-aqtm.jpg","","Spordiriided ballzy veebipoest. Vaata lähemalt ballzy.eu.","Men's Basketball Shoes","149.00 EUR","49.00 EUR","New Balance;Gray;Basketball;in stock;Yes;New Balance;Male","","","","","","","","",""
"63029201_S_CNF","","Ancient roars terry short","http://ballzy.eu/et/product/ancient-roars-terry-short-63029201-s-cnf","http://backend.ballzy.eu/media/catalog/product/p/u/puma-ancient-roars-terry-short-bee-idkv.jpg","","Spordiriided ballzy veebipoest. Vaata lähemalt ballzy.eu.","Men's Shorts","59.00 EUR","24.00 EUR","Puma;Beež;Basketball;in stock;Yes;Puma;Male","","","","","","","","",""
"HM0285_100_M_CNF","","U nk elite cush crew 1pr","http://ballzy.eu/et/product/u-nk-elite-cush-crew-1pr-hm0285-100-m-cnf","http://backend.ballzy.eu/media/catalog/product/n/i/nike-u-nk-elite-cush-crew-1pr-valge-fskz.png","","Spordiriided ballzy veebipoest. Vaata lähemalt ballzy.eu.","Kids' Socks","19.00 EUR","14.25 EUR","Nike;White;Basketball;in stock;Yes;Nike;Male|Female|Children","","","","","","","","",""
"JP6093_8_CNF","","Dame x","http://ballzy.eu/et/product/dame-x-jp6093-8-cnf","http://backend.ballzy.eu/media/catalog/product/a/d/adidas-performance-dame-x-hall-q3cf.png","","Damian lillard manipulates the game like nobody else. the dame x, the latest signature shoe from adidas basketball and damian lillard was designed specifically to let dame be dame. a lightweight textile upper provides breathability for elevated performance, while three-dimensional printed accents support the zones of the shoe where it is most needed. multi-directional traction on the rubber outsole and an ultralight lightstrike midsole help you generate speed and make dynamic cuts through the la Vaata lähemalt ballzy.eu.","Men's Basketball Shoes","99.00 EUR","44.00 EUR","adidas Performance;Red;Basketball;in stock;Yes;adidas Performance;Male","","","","","","","","",""
"JR7697_10_CNF","","D.o.n. issue 7","http://ballzy.eu/et/product/d-o-n-issue-7-jr7697-10-cnf","http://backend.ballzy.eu/media/catalog/product/a/d/adidas-performance-d-o-n-issue-7-multicolor-1ouq.png","","Get ready for a new don. d.o.n. issue 7 shoes is the latest signature shoe from adidas basketball and superstar donovan mitchell. built to look sleek and modern, these performance basketball shoes support the type of moves that make spida one of the game´s most dynamic talents. a soft collar and tpu shank provide elevated comfort and containment, while the super-lightweight lightstrike pro midsole helps you fly up and down the hardwood at top speed. a spida logo and signature colours complete th Vaata lähemalt ballzy.eu.","Men's Basketball Shoes","119.00 EUR","69.00 EUR","adidas Performance;Multicolored;Basketball;in stock;Yes;adidas Performance;Male","","","","","","","","",""
"EST_CHZG_blue_XS_CNF","","Estonia fan  jersey 25","http://ballzy.eu/et/product/estonia-fan-jersey-25-est-chzg-blue-xs-cnf","http://backend.ballzy.eu/media/catalog/product/b/a/ballzy-estonia-fan-jersey-25-sinine-fypp.jpg","","uus suund: kultuuriline ja rahvuskõik algas hetkest, mil eesti koondis tagas pääsu 2025. aasta euroopa meistrivõistlustele. tekkis ühine mõistmine ja selge vajadus uue kollektsiooni järele. eesti korvpalliliidu soov oli sel korral midagi sügavamalt rahvuslikku – midagi, mis puudutaks meie kultuurilisi juuri. aruteludes alaliidu, disainer karmo ruusmaa ja fifaa tegevjuhi karel loidega jõuti sümbolini, mis on tähenduslik ja kõnetab meid kõiki, eriti sel aastal –laulupidu. Vaata lähemalt ballzy.eu.","Kids' Tees","59.00 EUR","44.25 EUR","Ballzy;Blue;Basketball;in stock;Yes;Ballzy;Male|Female|Children","","","","","","","","",""
"EST_CHZG_white_XS_CNF","","Estonia fan  jersey 25","http://ballzy.eu/et/product/estonia-fan-jersey-25-est-chzg-white-xs-cnf","http://backend.ballzy.eu/media/catalog/product/b/a/ballzy-estonia-fan-jersey-25-valge-vma6.jpg","","uus suund: kultuuriline ja rahvuskõik algas hetkest, mil eesti koondis tagas pääsu 2025. aasta euroopa meistrivõistlustele. tekkis ühine mõistmine ja selge vajadus uue kollektsiooni järele. eesti korvpalliliidu soov oli sel korral midagi sügavamalt rahvuslikku – midagi, mis puudutaks meie kultuurilisi juuri. aruteludes alaliidu, disainer karmo ruusmaa ja fifaa tegevjuhi karel loidega jõuti sümbolini, mis on tähenduslik ja kõnetab meid kõiki, eriti sel aastal –laulupidu. Vaata lähemalt ballzy.eu.","Kids' Tees","59.00 EUR","44.25 EUR","Ballzy;White;Basketball;in stock;Yes;Ballzy;Male|Female|Children","","","","","","","","",""
"EST_IYOG_black_S_CNF","","Estonia overshirt 25","http://ballzy.eu/et/product/estonia-overshirt-25-est-iyog-black-s-cnf","http://backend.ballzy.eu/media/catalog/product/b/a/ballzy-estonia-overshirt-25-must-t02l.jpg","","Spordiriided ballzy veebipoest. Vaata lähemalt ballzy.eu.","Kids' Tees","59.00 EUR","44.25 EUR","Ballzy;Black;Basketball;in stock;Yes;Ballzy;Male|Female|Children","","","","","","","","",""
"EST_SAVH_grey_S_CNF","","Estonia crewneck 25","http://ballzy.eu/et/product/estonia-crewneck-25-est-savh-grey-s-cnf","http://backend.ballzy.eu/media/catalog/product/e/s/est_savh_grey_s_1.jpg","","uus suund: kultuuriline ja rahvuskõik algas hetkest, mil eesti koondis tagas pääsu 2025. aasta euroopa meistrivõistlustele. tekkis ühine mõistmine ja selge vajadus uue kollektsiooni järele. eesti korvpalliliidu soov oli sel korral midagi sügavamalt rahvuslikku – midagi, mis puudutaks meie kultuurilisi juuri. aruteludes alaliidu, disainer karmo ruusmaa ja fifaa tegevjuhi karel loidega jõuti sümbolini, mis on tähenduslik ja kõnetab meid kõiki, eriti sel aastal –laulupidu. Vaata lähemalt ballzy.eu.","Kids' Tees","54.00 EUR","40.50 EUR","Ballzy;Gray;Basketball;in stock;Yes;Ballzy;Male|Female|Children","","","","","","","","",""
"EST_TSYF_black_S_CNF","","Estonia oversized 25","http://ballzy.eu/et/product/estonia-oversized-25-est-tsyf-black-s-cnf","http://backend.ballzy.eu/media/catalog/product/b/a/ballzy-estonia-oversized-25-must-gm7g.jpg","","uus suund: kultuuriline ja rahvuskõik algas hetkest, mil eesti koondis tagas pääsu 2025. aasta euroopa meistrivõistlustele. tekkis ühine mõistmine ja selge vajadus uue kollektsiooni järele. eesti korvpalliliidu soov oli sel korral midagi sügavamalt rahvuslikku – midagi, mis puudutaks meie kultuurilisi juuri. aruteludes alaliidu, disainer karmo ruusmaa ja fifaa tegevjuhi karel loidega jõuti sümbolini, mis on tähenduslik ja kõnetab meid kõiki, eriti sel aastal –laulupidu. Vaata lähemalt ballzy.eu.","Kids' Tees","34.00 EUR","25.50 EUR","Ballzy;Black;Basketball;in stock;Yes;Ballzy;Male|Female|Children","","","","","","","","",""
"EST_TSYF_white_S_CNF","","Estonia oversized 25","http://ballzy.eu/et/product/estonia-oversized-25-est-tsyf-white-s-cnf","http://backend.ballzy.eu/media/catalog/product/b/a/ballzy-estonia-oversized-25-valge-r7ug.jpg","","uus suund: kultuuriline ja rahvuskõik algas hetkest, mil eesti koondis tagas pääsu 2025. aasta euroopa meistrivõistlustele. tekkis ühine mõistmine ja selge vajadus uue kollektsiooni järele. eesti korvpalliliidu soov oli sel korral midagi sügavamalt rahvuslikku – midagi, mis puudutaks meie kultuurilisi juuri. aruteludes alaliidu, disainer karmo ruusmaa ja fifaa tegevjuhi karel loidega jõuti sümbolini, mis on tähenduslik ja kõnetab meid kõiki, eriti sel aastal –laulupidu. Vaata lähemalt ballzy.eu.","Kids' Tees","34.00 EUR","25.50 EUR","Ballzy;White;Basketball;in stock;Yes;Ballzy;Male|Female|Children","","","","","","","","",""
"N1011755_081_L_CNF","","Nike u lm high pile fleece gloves black cimdi","http://ballzy.eu/et/product/nike-u-lm-high-pile-fleece-gloves-black-cimdi-n1011755-081-l-cnf","http://backend.ballzy.eu/media/catalog/product/n/i/nike-nike-u-lm-high-pile-fleece-gloves-black-cimdi-must-sbmf.jpg","","Spordiriided ballzy veebipoest. Vaata lähemalt ballzy.eu.","Men's Accessories","50.00 EUR","37.50 EUR","Nike;Black;Basketball;in stock;Yes;Nike;Male","","","","","","","","",""
"JM6837_S_CNF","","Crazylite aop 3","http://ballzy.eu/et/product/crazylite-aop-3-jm6837-s-cnf","http://backend.ballzy.eu/media/catalog/product/a/d/adidas-crazylite-aop-3-sinine-3qm4.jpg","","When you live on the basketball court, you need performance shorts that will keep you comfortable. these lightweight basketball shorts from adidas feature an allover print for a unique look. they fit loose so you can move from baseline to baseline with ease. climacool wicks and disperses sweat for cool, dry and distraction-free performance.   climacool helps you manage sweat with materials that wick and manage sweat quickly. its fast-dry fibres give you a fresh-skin feel. Vaata lähemalt ballzy.eu.","Men's Shorts","44.00 EUR","25.00 EUR","adidas Originals;Blue;Basketball;in stock;Yes;adidas Originals;Male","","","","","","","","",""
"31220901_8_CNF","","Mb.04","http://ballzy.eu/et/product/mb-04-31220901-8-cnf","http://backend.ballzy.eu/media/catalog/product/p/u/puma-mb-04-bee-shyy.jpg","","Spordiriided ballzy veebipoest. Vaata lähemalt ballzy.eu.","Men's Basketball Shoes","124.00 EUR","69.00 EUR","Puma;Beež;Basketball;in stock;Yes;Puma;Male","","","","","","","","",""
"31230704_8_CNF","","All-pro nitro  2","http://ballzy.eu/et/product/all-pro-nitro-2-31230704-8-cnf","http://backend.ballzy.eu/media/catalog/product/p/u/puma-all-pro-nitro-2-punane-t2ro.jpg","","Spordiriided ballzy veebipoest. Vaata lähemalt ballzy.eu.","Men's Basketball Shoes","129.00 EUR","69.00 EUR","Puma;Red;Basketball;in stock;Yes;Puma;Male","","","","","","","","",""
"31237301_7_CNF","","Stewie 4 harry potter","http://ballzy.eu/et/product/stewie-4-harry-potter-31237301-7-cnf","http://backend.ballzy.eu/media/catalog/product/p/u/puma-stewie-4-harry-potter-valge-uhh9.jpg","","Spordiriided ballzy veebipoest. Vaata lähemalt ballzy.eu.","Men's Basketball Shoes","129.00 EUR","69.00 EUR","Puma;White;Basketball;in stock;Yes;Puma;Male","","","","","","","","",""
"JR8275_8_CNF","","Adizero select 3.0","http://ballzy.eu/et/product/adizero-select-3-0-jr8275-8-cnf","http://backend.ballzy.eu/media/catalog/product/a/d/adidas-adizero-select-3-0-sinine-iz1c.jpg","","Lightweight and comfortable, the adizero ѕelect trainers from adidas basketball keep you moving. a lightweight lightstrike midsole cushions each stride while the textile upper elevates your comfort level. whether you´re dominating a five-on-five at the park or pushing the pace during a league game, these basketball shoes won´t slow you down on your mission to the rack. Vaata lähemalt ballzy.eu.","Men's Basketball Shoes","109.00 EUR","49.00 EUR","adidas Performance;Orange;Basketball;in stock;Yes;adidas Performance;Male","","","","","","","","",""
"JR9935_10_CNF","","Adidas initiation","http://ballzy.eu/et/product/adidas-initiation-jr9935-10-cnf","http://backend.ballzy.eu/media/catalog/product/a/d/adidas-adidas-initiation-must-ocaj.jpg","","These adidas initiation shoes were built to help you find your flow on the hardwood. the dreamstrike+ midsole provides enhanced comfort on every stride and cut, while the textile lining keeps your feet comfortable through the final whistle. the rubber outsole delivers the traction you need to make your best moves. Vaata lähemalt ballzy.eu.","Men's Basketball Shoes","79.00 EUR","39.00 EUR","adidas Performance;Black;Basketball;in stock;Yes;adidas Performance;Male","","","","","","","","",""
"31212901_7.5_CNF","","Mb.05 world tour","http://ballzy.eu/et/product/mb-05-world-tour-31212901-7-5-cnf","http://backend.ballzy.eu/media/catalog/product/p/u/puma-mb-05-world-tour-multicolor-aitk.jpg","","Spordiriided ballzy veebipoest. Vaata lähemalt ballzy.eu.","Men's Basketball Shoes","124.00 EUR","69.00 EUR","Puma;Multicolored;Basketball;in stock;Yes;Puma;Male","","","","","","","","",""
"JN2460_S_CNF","","Crazylite aop 5","http://ballzy.eu/et/product/crazylite-aop-5-jn2460-s-cnf","http://backend.ballzy.eu/media/catalog/product/a/d/adidas-crazylite-aop-5-valge-mvnw.jpg","","When you live on the basketball court, you need performance shorts that will keep you comfortable. these lightweight basketball shorts from adidas feature an allover print for a unique look. they fit loose so you can move from baseline to baseline with ease. climacool wicks and disperses sweat for cool, dry and distraction-free performance.   climacool helps you manage sweat with materials that wick and manage sweat quickly. its fast-dry fibres give you a fresh-skin feel. Vaata lähemalt ballzy.eu.","Men's Shorts","44.00 EUR","25.00 EUR","adidas Originals;Multicolored;Basketball;in stock;Yes;adidas Originals;Male","","","","","","","","",""
"31264801_8_CNF","","Stewie 4","http://ballzy.eu/et/product/stewie-4-31264801-8-cnf","http://backend.ballzy.eu/media/catalog/product/p/u/puma-stewie-4-valge-m8n6.jpg","","Spordiriided ballzy veebipoest. Vaata lähemalt ballzy.eu.","Men's Basketball Shoes","119.00 EUR","69.00 EUR","Puma;White;Basketball;in stock;Yes;Puma;Male","","","","","","","","",""
"JP8014_10_CNF","","Adidas initiation","http://ballzy.eu/et/product/adidas-initiation-jp8014-10-cnf","http://backend.ballzy.eu/media/catalog/product/a/d/adidas-adidas-initiation-multicolor-9smb.jpg","","These adidas initiation shoes were built to help you find your flow on the hardwood. the dreamstrike+ midsole provides enhanced comfort on every stride and cut, while the textile lining keeps your feet comfortable through the final whistle. the rubber outsole delivers the traction you need to make your best moves. Vaata lähemalt ballzy.eu.","Men's Basketball Shoes","79.00 EUR","39.00 EUR","adidas Performance;Multicolored;Basketball;in stock;Yes;adidas Performance;Male","","","","","","","","",""
"JQ9137_8_CNF","","Harden volume 9","http://ballzy.eu/et/product/harden-volume-9-jq9137-8-cnf","http://backend.ballzy.eu/media/catalog/product/a/d/adidas-performance-harden-volume-9-must-dtwk.jpg","","Continuing to build on his legend and legacy, the latest signature shoes from james harden and adidas basketball are designed for players who live for the game´s biggest moments. these performance basketball shoes are designed to support the type of moves that have made harden a superstar on the hardwood and are loaded with the unique sense of style that has helped make his name off the court too. a combined boost and lightstrike midsole provides lightweight energy return to propel you towards t Vaata lähemalt ballzy.eu.","Men's Basketball Shoes","159.00 EUR","79.00 EUR","adidas Performance;Black;Basketball;in stock;Yes;adidas Performance;Male","","","","","","","","",""
"JS1300_10_CNF","","D.o.n. issue 7","http://ballzy.eu/et/product/d-o-n-issue-7-js1300-10-cnf","http://backend.ballzy.eu/media/catalog/product/a/d/adidas-performance-d-o-n-issue-7-punane-gjux.jpg","","Get ready for a new don. the d.o.n. issue #7 is the latest signature shoe from adidas basketball and superstar donovan mitchell. built to look sleek and modern, these performance basketball shoes support the type of moves that make spida one of the game´s most dynamic talents. a soft collar and tpu shank provide elevated comfort and containment, while the super-lightweight lightstrike pro midsole helps you fly up and down the hardwood at top speed. a spida logo and signature colours complete the Vaata lähemalt ballzy.eu.","Men's Basketball Shoes","119.00 EUR","69.00 EUR","adidas Performance;Red;Basketball;in stock;Yes;adidas Performance;Male","","","","","","","","",""
"KI5996_7.5_CNF","","Dame x","http://ballzy.eu/et/product/dame-x-ki5996-7-5-cnf","http://backend.ballzy.eu/media/catalog/product/a/d/adidas-performance-dame-x-roosa-zubg.jpg","","Damian lillard manipulates the game like nobody else. the dame x, the latest signature shoe from adidas basketball and damian lillard was designed specifically to let dame be dame. a lightweight textile upper provides breathability for elevated performance, while three-dimensional printed accents support the zones of the shoe where it is most needed. multi-directional traction on the rubber outsole and an ultralight lightstrike midsole help you generate speed and make dynamic cuts through the la Vaata lähemalt ballzy.eu.","Men's Basketball Shoes","89.00 EUR","44.00 EUR","adidas Performance;Pink;Basketball;in stock;Yes;adidas Performance;Male","","","","","","","","",""
"JP8013_10_CNF","","Adidas initiation","http://ballzy.eu/et/product/adidas-initiation-jp8013-10-cnf","http://backend.ballzy.eu/media/catalog/product/a/d/adidas-performance-adidas-initiation-valge-w05e.jpg","","These adidas initiation shoes were built to help you find your flow on the hardwood. the dreamstrike+ midsole provides enhanced comfort on every stride and cut, while the textile lining keeps your feet comfortable through the final whistle. the rubber outsole delivers the traction you need to make your best moves. Vaata lähemalt ballzy.eu.","Men's Basketball Shoes","79.00 EUR","39.00 EUR","adidas Performance;White;Basketball;in stock;Yes;adidas Performance;Male","","","","","","","","",""
"JS1305_10_CNF","","Harden volume 9","http://ballzy.eu/et/product/harden-volume-9-js1305-10-cnf","http://backend.ballzy.eu/media/catalog/product/a/d/adidas-performance-harden-volume-9-oran-hz1w.jpg","","Continuing to build on his legend and legacy, the latest signature shoes from james harden and adidas basketball are designed for players who live for the game´s biggest moments. these performance basketball shoes are designed to support the type of moves that have made harden a superstar on the hardwood and are loaded with the unique sense of style that has helped make his name off the court too. a combined boost and lightstrike midsole provides lightweight energy return to propel you towards t Vaata lähemalt ballzy.eu.","Men's Basketball Shoes","159.00 EUR","89.00 EUR","adidas Performance;Orange;Basketball;in stock;Yes;adidas Performance;Male","","","","","","","","",""
"AT0515_063_L_CNF","","Nba m nk df n31 ss tee","http://ballzy.eu/et/product/nba-m-nk-df-n31-ss-tee-at0515-063-l-cnf","http://backend.ballzy.eu/media/catalog/product/n/i/nike-nba-m-nk-df-n31-ss-tee-hall-uodn.jpg","","Pay tribute to team 31—aka the nba—in this nike dri-fit nba t-shirt. it´s a lightweight, softly knit tee with sweat-wicking technology. Vaata lähemalt ballzy.eu.","Men's Tees","39.00 EUR","19.00 EUR","Nike;Gray;Basketball;in stock;Yes;Nike;Male","","","","","","","","",""
"DR9752_010_S_CNF","","U nk ed ess crew 1pr 168 am tn","http://ballzy.eu/et/product/u-nk-ed-ess-crew-1pr-168-am-tn-dr9752-010-s-cnf","http://backend.ballzy.eu/media/catalog/product/n/i/nike-u-nk-ed-ess-crew-1pr-168-am-tn-must-yihf.jpg","","Celebrate the evolution of the air max with tuned air in socks with the standout logo. sure, these socks don´t actually have air units in them, but they´re still super comfy and sport the mark of an icon. plus, they feature sweat-wicking technology and a banded arch that feels snug and supportive so they don´t slip and slide in your favorite pair of air max kicks. Vaata lähemalt ballzy.eu.","Kids' Socks","17.00 EUR","12.75 EUR","Nike;Black;Basketball;in stock;Yes;Nike;Male|Female|Children","","","","","","","","",""
"JS1301_10_CNF","","D.o.n. issue 7","http://ballzy.eu/et/product/d-o-n-issue-7-js1301-10-cnf","http://backend.ballzy.eu/media/catalog/product/a/d/adidas-d-o-n-issue-7-valge-4u2s.jpg","","Get ready for a new don. the d.o.n. issue #7 is the latest signature shoe from adidas basketball and superstar donovan mitchell. built to look sleek and modern, these performance basketball shoes support the type of moves that make spida one of the game´s most dynamic talents. a soft collar and tpu shank provide elevated comfort and containment, while the super-lightweight lightstrike pro midsole helps you fly up and down the hardwood at top speed. a spida logo and signature colours complete the Vaata lähemalt ballzy.eu.","Men's Basketball Shoes","119.00 EUR","69.00 EUR","adidas Performance;White;Basketball;in stock;Yes;adidas Performance;Male","","","","","","","","",""
"84-674Z_CNF","","Tf-33 redbull half court sz7","http://ballzy.eu/et/product/tf-33-redbull-half-court-sz7-84-674z-cnf","http://backend.ballzy.eu/media/catalog/product/s/p/spalding-tf-33-redbull-half-court-sz7-multicolor-e3wk.jpg","","Spordiriided ballzy veebipoest. Vaata lähemalt ballzy.eu.","Kids' Basketballs","24.00 EUR","18.00 EUR","Spalding;Multicolored;Basketball;in stock;Yes;Spalding;Male|Female|Children","","","","","","","","",""
"BBHSLMT2_8.5_CNF","","New balance hesi low v2","http://ballzy.eu/et/product/new-balance-hesi-low-v2-bbhslmt2-8-5-cnf","http://backend.ballzy.eu/media/catalog/product/n/e/new-balance-new-balance-hesi-low-v2-must-rpo3.jpg","","Spordiriided ballzy veebipoest. Vaata lähemalt ballzy.eu.","Men's Basketball Shoes","124.00 EUR","59.00 EUR","New Balance;Black;Basketball;in stock;Yes;New Balance;Male","","","","","","","","",""
"JR8289_10_CNF","","Harden volume 9","http://ballzy.eu/et/product/harden-volume-9-jr8289-10-cnf","http://backend.ballzy.eu/media/catalog/product/a/d/adidas-performance-harden-volume-9-kollane-xbzc.jpg","","Head onto the court with confidence in the harden volume 9 shoes. designed for basketball enthusiasts who demand performance and style, these shoes are engineered to elevate your game.  crafted from a mix of synthetic and textile materials, the upper provides durability and flexibility, offering a comfortable fit that adapts to your moves. the rubber outsole offers reliable grip and traction, allowing you to pivot and sprint with ease.    experience the power of boost cushioning, delivering incr Vaata lähemalt ballzy.eu.","Men's Basketball Shoes","159.00 EUR","99.00 EUR","adidas Performance;Green;Basketball;in stock;Yes;adidas Performance;Male","","","","","","","","",""
"JS3515_6.5_CNF","","Anthony edwards 2 j","http://ballzy.eu/et/product/anthony-edwards-2-j-js3515-6-5-cnf","http://backend.ballzy.eu/media/catalog/product/a/d/adidas-performance-anthony-edwards-2-j-roosa-1mbd.jpg","","Celebrate one of the game´s rising stars with the latest signature trainers from adidas basketball and anthony edwards. these performance basketball shoes for juniors are all about supporting the high-flying, high-speed action that has made edwards an international superstar. combining the energy return of boost and the ultra-lightweight cushioning of lightstrike, these shoes are designed for players who dominate with their speed and athleticism. anthony edwards logos complete the signature look Vaata lähemalt ballzy.eu.","Kids' Basketball Shoes","99.00 EUR","69.00 EUR","adidas Performance;Pink;Basketball;in stock;Yes;adidas Performance;Female|Children","","","","","","","","",""
"JS3514_10_CNF","","Anthony edwards 2","http://ballzy.eu/et/product/anthony-edwards-2-js3514-10-cnf","http://backend.ballzy.eu/media/catalog/product/a/d/adidas-performance-anthony-edwards-2-roosa-wjfp.jpg","","Celebrate one of the game´s rising stars with the latest signature trainers from adidas basketball and anthony edwards. these performance basketball shoes are all about supporting the high-flying, high-speed action that has made edwards an international superstar. combining the energy-return of boost and the ultra-lightweight cushioning of lightstrike, these shoes are designed for players who dominate with their speed and athleticism. anthony edwards logos complete the signature look. Vaata lähemalt ballzy.eu.","Men's Basketball Shoes","129.00 EUR","79.00 EUR","adidas Performance;Pink;Basketball;in stock;Yes;adidas Performance;Male","","","","","","","","",""
"HM4777_011_L_CNF","","Min mnk df swgmn jsy hwc 25","http://ballzy.eu/et/product/min-mnk-df-swgmn-jsy-hwc-25-hm4777-011-l-cnf","http://backend.ballzy.eu/media/catalog/product/n/i/nike-min-mnk-df-swgmn-jsy-hwc-25-must-mn7h.jpg","","Spordiriided ballzy veebipoest. Vaata lähemalt ballzy.eu.","Men's Tees","119.00 EUR","79.00 EUR","Nike;Black;Basketball;in stock;Yes;Nike;Male","","","","","","","","",""
"DN2081_107_L_CNF","","Lal mnk df swgmn jsy asc 22","http://ballzy.eu/et/product/lal-mnk-df-swgmn-jsy-asc-22-dn2081-107-l-cnf","http://backend.ballzy.eu/media/catalog/product/n/i/nike-lal-mnk-df-swgmn-jsy-asc-22-valge-qzw7.jpg","","With a white background, the association edition jersey is a common thread shared by every team in the nba. this los angeles lakers jersey is inspired by what the pros wear on the hardwood, from team colors and graphics to lightweight, sweat-wicking mesh. it helps keep you dry and cool on or off the court while you rep your favorite player and the game you love. Vaata lähemalt ballzy.eu.","Men's Tees","119.00 EUR","89.00 EUR","Nike;White;Basketball;in stock;Yes;Nike;Male","","","","","","","","",""
"IB7903_100_8.5_CNF","","Jordan luka 4 gone","http://ballzy.eu/et/product/jordan-luka-4-gone-ib7903-100-8-5-cnf","http://backend.ballzy.eu/media/catalog/product/j/o/jordan-jordan-luka-4-gone-multicolor-886d.jpg","","Spordiriided ballzy veebipoest. Vaata lähemalt ballzy.eu.","Men's Basketball Shoes","169.00 EUR","99.00 EUR","Jordan;Multicolored;Basketball;in stock;Yes;Jordan;Male","","","","","","","","",""
"JR4359_8_CNF","","Anthony edwards 2","http://ballzy.eu/et/product/anthony-edwards-2-jr4359-8-cnf","http://backend.ballzy.eu/media/catalog/product/a/d/adidas-performance-anthony-edwards-2-sinine-asce.jpg","","Celebrate one of the game´s rising stars with the latest signature trainers from adidas basketball and anthony edwards. these performance basketball shoes are all about supporting the high-flying, high-speed action that has made edwards an international superstar. combining the energy-return of boost and the ultra-lightweight cushioning of lightstrike, these shoes are designed for players who dominate with their speed and athleticism. anthony edwards logos complete the signature look. Vaata lähemalt ballzy.eu.","Men's Basketball Shoes","129.00 EUR","74.00 EUR","adidas Performance;Blue;Basketball;in stock;Yes;adidas Performance;Male","","","","","","","","",""
"31213201_7.5_CNF","","Mb.05 crowd surf","http://ballzy.eu/et/product/mb-05-crowd-surf-31213201-7-5-cnf","http://backend.ballzy.eu/media/catalog/product/p/u/puma-mb-05-crowd-surf-punane-ytsx.jpg","","Spordiriided ballzy veebipoest. Vaata lähemalt ballzy.eu.","Men's Basketball Shoes","124.00 EUR","69.00 EUR","Puma;Red;Basketball;in stock;Yes;Puma;Male","","","","","","","","",""
"HQ4611_300_5Y_CNF","","Jordan tatum 4 gs","http://ballzy.eu/et/product/jordan-tatum-4-gs-hq4611-300-5y-cnf","http://backend.ballzy.eu/media/catalog/product/j/o/jordan-jordan-tatum-4-gs-roheline-odgb.jpg","","Spordiriided ballzy veebipoest. Vaata lähemalt ballzy.eu.","Kids' Basketball Shoes","109.00 EUR","69.00 EUR","Jordan;Green;Basketball;in stock;Yes;Jordan;Children","","","","","","","","",""
"JS3508_7.5_CNF","","Anthony edwards 2","http://ballzy.eu/et/product/anthony-edwards-2-js3508-7-5-cnf","http://backend.ballzy.eu/media/catalog/product/a/d/adidas-performance-anthony-edwards-2-must-tisx.jpg","","Celebrate one of the game´s rising stars with the latest signature trainers from adidas basketball and anthony edwards. these performance basketball shoes are all about supporting the high-flying, high-speed action that has made edwards an international superstar. combining the energy-return of boost and the ultra-lightweight cushioning of lightstrike, these shoes are designed for players who dominate with their speed and athleticism. anthony edwards logos complete the signature look. Vaata lähemalt ballzy.eu.","Men's Basketball Shoes","129.00 EUR","79.00 EUR","adidas Performance;Black;Basketball;in stock;Yes;adidas Performance;Male","","","","","","","","",""
"31213001_7.5_CNF","","Mb.05 rick  &amp; morty","http://ballzy.eu/et/product/mb-05-rick-morty-31213001-7-5-cnf","http://backend.ballzy.eu/media/catalog/product/p/u/puma-mb-05-rick-morty-multicolor-rp2h.jpg","","Spordiriided ballzy veebipoest. Vaata lähemalt ballzy.eu.","Men's Basketball Shoes","134.00 EUR","69.00 EUR","Puma;Multicolored;Basketball;in stock;Yes;Puma;Male","","","","","","","","",""
"NT0201_010_S_CNF","","Nike team basketball stock short","http://ballzy.eu/et/product/nike-team-basketball-stock-short-nt0201-010-s-cnf","http://backend.ballzy.eu/media/catalog/product/n/i/nike-nike-team-basketball-stock-short-must-hot0.jpg","","Spordiriided ballzy veebipoest. Vaata lähemalt ballzy.eu.","Men's Shorts","34.00 EUR","25.50 EUR","Nike;Black;Basketball;in stock;Yes;Nike;Male","","","","","","","","",""
"NT0203_463_S_CNF","","Mens team basketball reversible jersey","http://ballzy.eu/et/product/mens-team-basketball-reversible-jersey-nt0203-463-s-cnf","http://backend.ballzy.eu/media/catalog/product/n/i/nike-mens-team-basketball-reversible-jersey-sinine-bnfi.jpg","","Spordiriided ballzy veebipoest. Vaata lähemalt ballzy.eu.","Men's Tees","34.00 EUR","25.50 EUR","Nike;Blue;Basketball;in stock;Yes;Nike;Male","","","","","","","","",""
"JQ2052_3.5_CNF","","Anthony edwards 2 j","http://ballzy.eu/et/product/anthony-edwards-2-j-jq2052-3-5-cnf","http://backend.ballzy.eu/media/catalog/product/a/d/adidas-performance-anthony-edwards-2-j-valge-dzkz.jpg","","The anthony edwards 2 j shoes are designed for junior basketball enthusiasts who feel ready to take their game to the next level. these shoes offer a blend of style and performance for indoor play.   with adidas lightstrike technology, lightweight cushioning helps players feel supported as they jump and sprint. a lace closure offers a secure fit, so they can focus on the game without distractions.    the non-marking rubber outsole designed for indoor surfaces provides traction and stability. wit Vaata lähemalt ballzy.eu.","Kids' Basketball Shoes","99.00 EUR","74.25 EUR","adidas Performance;White;Basketball;in stock;Yes;adidas Performance;Children","","","","","","","","",""
"JQ9493_7.5_CNF","","Anthony edwards 2","http://ballzy.eu/et/product/anthony-edwards-2-jq9493-7-5-cnf","http://backend.ballzy.eu/media/catalog/product/a/d/adidas-performance-anthony-edwards-2-sinine-qifb.jpg","","The anthony edwards 2 shoes deliver considered functionality and contemporary style for a basketball shoe that truly embraces the spirit of the game.    incorporating adidas lightstrike technology which helps redefine the next generation of speed with a super-light midsole designed for dynamic, lightweight movement.   while adidas boost technology provides incredible energy return and instant comfort with each step to keep you going and deliver a feeling of endless energy.    the regular fit pro Vaata lähemalt ballzy.eu.","Men's Basketball Shoes","129.00 EUR","96.75 EUR","adidas Performance;Blue;Basketball;in stock;Yes;adidas Performance;Male","","","","","","","","",""
"FZ8605_200_5.5_CNF","","A´one","http://ballzy.eu/et/product/a-one-fz8605-200-5-5-cnf","http://backend.ballzy.eu/media/catalog/product/n/i/nike-a-one-roosa-ypja.jpg","","Of course a’ja wilson has her own shoe—what else would you expect from a three-time mvp? her signature debut is built with plush cushlon 3.0 foam for that unapologetic comfort she needs to stay fresh. whether she´s knocking down jumpers, owning the boards or locking down on defense, a’ja is always pushing herself, always leveling up. that´s just who she is. the real question is—are you ready to take your game there too? Vaata lähemalt ballzy.eu.","Women's Basketball Shoes","139.00 EUR","104.25 EUR","Nike;Pink;Basketball;in stock;Yes;Nike;Female","","","","","","","","",""
"JQ2075_3.5_CNF","","Anthony edwards 2 j","http://ballzy.eu/et/product/anthony-edwards-2-j-jq2075-3-5-cnf","http://backend.ballzy.eu/media/catalog/product/a/d/adidas-performance-anthony-edwards-2-j-multicolor-1b0t.jpg","","Our anthony edwards 2 j shoes for junior basketballers are crafted with flexibility in mind. offering both durability and grip, these shoes allow players comfort during indoor play.   lightstrike technology provides lightweight cushioning, helping athletes to feel confident on court. with non-marking outsoles and a secure fit, players can take to the indoor court and enjoy the game without distractions.   crafted with adidas’ high quality and attention to detail, these are built to support junio Vaata lähemalt ballzy.eu.","Kids' Basketball Shoes","99.00 EUR","74.25 EUR","adidas Performance;Multicolored;Basketball;in stock;Yes;adidas Performance;Children","","","","","","","","",""
"JQ9503_7.5_CNF","","Anthony edwards 2","http://ballzy.eu/et/product/anthony-edwards-2-jq9503-7-5-cnf","http://backend.ballzy.eu/media/catalog/product/a/d/adidas-performance-anthony-edwards-2-multicolor-etra.jpg","","The anthony edwards 2 shoes are your ticket to dominating the court with style and precision. designed for basketball enthusiasts, these shoes combine cutting-edge technology with a sleek design, taking your game to the next level.    crafted with a textile and synthetic upper, the construction provides durable flexibility, allowing you to move with confidence. the adjustable lacing system offers the lockdown your foot needs for a secure fit.    underfoot, the non-marking rubber outsole for indo Vaata lähemalt ballzy.eu.","Men's Basketball Shoes","129.00 EUR","96.75 EUR","adidas Performance;Multicolored;Basketball;in stock;Yes;adidas Performance;Male","","","","","","","","",""
"HQ4614_700_8_CNF","","Jordan tatum 4","http://ballzy.eu/et/product/jordan-tatum-4-hq4614-700-8-cnf","http://backend.ballzy.eu/media/catalog/product/j/o/jordan-jordan-tatum-4-kollane-uc5t.jpg","","Spordiriided ballzy veebipoest. Vaata lähemalt ballzy.eu.","Men's Basketball Shoes","159.00 EUR","119.00 EUR","Jordan;Yellow;Basketball;in stock;Yes;Jordan;Male","","","","","","","","",""
"HQ4611_700_4.5Y_CNF","","Jordan tatum 4 (gs)","http://ballzy.eu/et/product/jordan-tatum-4-gs-hq4611-700-4-5y-cnf","http://backend.ballzy.eu/media/catalog/product/j/o/jordan-jordan-tatum-4-gs-kollane-xwum.jpg","","Spordiriided ballzy veebipoest. Vaata lähemalt ballzy.eu.","Women's Basketball Shoes","109.00 EUR","79.00 EUR","Jordan;Yellow;Basketball;in stock;Yes;Jordan;Female|Children","","","","","","","","",""
"IO9987_100_8_CNF","","Book 1 se","http://ballzy.eu/et/product/book-1-se-io9987-100-8-cnf","http://backend.ballzy.eu/media/catalog/product/n/i/nike-book-1-se-valge-wpj1.jpg","","Spordiriided ballzy veebipoest. Vaata lähemalt ballzy.eu.","Men's Basketball Shoes","179.00 EUR","134.25 EUR","Nike;White;Basketball;in stock;Yes;Nike;Male","","","","","","","","",""
"HQ4611_101_4.5Y_CNF","","Jordan tatum 4 (gs)","http://ballzy.eu/et/product/jordan-tatum-4-gs-hq4611-101-4-5y-cnf","http://backend.ballzy.eu/media/catalog/product/j/o/jordan-jordan-tatum-4-gs-valge-qmy6.jpg","","Spordiriided ballzy veebipoest. Vaata lähemalt ballzy.eu.","Women's Basketball Shoes","109.00 EUR","79.00 EUR","Jordan;White;Basketball;in stock;Yes;Jordan;Female|Children","","","","","","","","",""
"IH1513_400_8_CNF","","Lebron xxiii","http://ballzy.eu/et/product/lebron-xxiii-ih1513-400-8-cnf","http://backend.ballzy.eu/media/catalog/product/n/i/nike-lebron-xxiii-sinine-gofc.jpg","","Spordiriided ballzy veebipoest. Vaata lähemalt ballzy.eu.","Men's Basketball Shoes","249.00 EUR","179.00 EUR","Nike;Blue;Basketball;in stock;Yes;Nike;Male","","","","","","","","",""
"IM0542_100_10_CNF","","Kobe i protro","http://ballzy.eu/et/product/kobe-i-protro-im0542-100-10-cnf","http://backend.ballzy.eu/media/catalog/product/n/i/nike-kobe-i-protro-valge-zia9.jpg","","Kobe bryant'i 81-punktilise mängu 20. aastapäeva tähistamiseks toob nike tagasi klassika. kobe 1 protro ""81 points"" kannab kobe'i igavese meeskonna värve (valge/must/court purple). kaasaegse mängu jaoks ümber töötatud mudelil on originaaliga võrreldes väiksem süsinikkiust shank-plaat ning täispikk zoom air üksus, mis tagab sujuva ja pidevalt reageeriva tunnetuse väljakul. pealismaterjalide segu parandab mängitavust ja mugavust, sisemine poolsaabas pakub turvalist istuvust ning hingav pahkluukrae Vaata lähemalt ballzy.eu.","Men's Basketball Shoes","249.00 EUR","186.75 EUR","Nike;White;Basketball;in stock;Yes;Nike;Male","","","","","","","","",""
"HV4417_101_6.5_CNF","","Wmns jordan heir series 2","http://ballzy.eu/et/product/wmns-jordan-heir-series-2-hv4417-101-6-5-cnf","http://backend.ballzy.eu/media/catalog/product/j/o/jordan-wmns-jordan-heir-series-2-valge-szth.jpg","","Spordiriided ballzy veebipoest. Vaata lähemalt ballzy.eu.","Women's Basketball Shoes","129.00 EUR","96.75 EUR","Jordan;White;Basketball;in stock;Yes;Jordan;Female","","","","","","","","",""
"HV9918_800_8.5_CNF","","G.t. cut 3 turbo","http://ballzy.eu/et/product/g-t-cut-3-turbo-hv9918-800-8-5-cnf","http://backend.ballzy.eu/media/catalog/product/n/i/nike-g-t-cut-3-turbo-multicolor-ru4p.jpg","","Spordiriided ballzy veebipoest. Vaata lähemalt ballzy.eu.","Men's Basketball Shoes","249.00 EUR","186.75 EUR","Nike;Multicolored;Basketball;in stock;Yes;Nike;Male","","","","","","","","",""
"IF0889_010_S_CNF","","M j df spt ess slvs top","http://ballzy.eu/et/product/m-j-df-spt-ess-slvs-top-if0889-010-s-cnf","http://backend.ballzy.eu/media/catalog/product/j/o/jordan-m-j-df-spt-ess-slvs-top-must-mqix.jpg","","Spordiriided ballzy veebipoest. Vaata lähemalt ballzy.eu.","Men's Leggings","42.00 EUR","31.50 EUR","Jordan;Black;Basketball;in stock;Yes;Jordan;Male","","","","","","","","",""
"IF0889_100_S_CNF","","M j df spt ess slvs top","http://ballzy.eu/et/product/m-j-df-spt-ess-slvs-top-if0889-100-s-cnf","http://backend.ballzy.eu/media/catalog/product/j/o/jordan-m-j-df-spt-ess-slvs-top-valge-06ew.jpg","","Spordiriided ballzy veebipoest. Vaata lähemalt ballzy.eu.","Men's Leggings","42.00 EUR","31.50 EUR","Jordan;White;Basketball;in stock;Yes;Jordan;Male","","","","","","","","",""
"IF0897_100_S_CNF","","M j df spt ess bl short","http://ballzy.eu/et/product/m-j-df-spt-ess-bl-short-if0897-100-s-cnf","http://backend.ballzy.eu/media/catalog/product/j/o/jordan-m-j-df-spt-ess-bl-short-valge-i0de.jpg","","Spordiriided ballzy veebipoest. Vaata lähemalt ballzy.eu.","Men's Leggings","42.00 EUR","31.50 EUR","Jordan;White;Basketball;in stock;Yes;Jordan;Male","","","","","","","","",""
"IF1610_100_8.5_CNF","","Jordan luka 77","http://ballzy.eu/et/product/jordan-luka-77-if1610-100-8-5-cnf","http://backend.ballzy.eu/media/catalog/product/j/o/jordan-jordan-luka-77-valge-ni6d.jpg","","Spordiriided ballzy veebipoest. Vaata lähemalt ballzy.eu.","Men's Basketball Shoes","124.00 EUR","93.00 EUR","Jordan;White;Basketball;in stock;Yes;Jordan;Male","","","","","","","","",""
"IF1610_300_8.5_CNF","","Jordan luka 77","http://ballzy.eu/et/product/jordan-luka-77-if1610-300-8-5-cnf","http://backend.ballzy.eu/media/catalog/product/j/o/jordan-jordan-luka-77-roheline-tk0f.jpg","","Spordiriided ballzy veebipoest. Vaata lähemalt ballzy.eu.","Men's Basketball Shoes","124.00 EUR","93.00 EUR","Jordan;Green;Basketball;in stock;Yes;Jordan;Male","","","","","","","","",""
"IH0573_001_4.5Y_CNF","","Jordan luka 77 (gs)","http://ballzy.eu/et/product/jordan-luka-77-gs-ih0573-001-4-5y-cnf","http://backend.ballzy.eu/media/catalog/product/n/i/nike-jordan-luka-77-gs-must-90kz.jpg","","Spordiriided ballzy veebipoest. Vaata lähemalt ballzy.eu.","Kids' Basketball Shoes","89.00 EUR","66.75 EUR","Jordan;Black;Basketball;in stock;Yes;Jordan;Female|Children","","","","","","","","",""
"IQ0050_001_4.5_CNF","","Book 2 sp","http://ballzy.eu/et/product/book-2-sp-iq0050-001-4-5-cnf","http://backend.ballzy.eu/media/catalog/product/n/i/nike-book-2-sp-multicolor-gudw.jpg","","Nike book 2 sp “spiridon” – devin bookeri teine nimeline korvpallijalats, inspireeritud 1997. aasta nike air zoom spiridonist. see eriväljaanne võtab üle ikoonilise spiridoni disainikeele: spiridoni swoosh logo, mini-swoosh varbaosal, iseloomuliku keelepaela ja ülämaterjalid, korrates originaalset metallic silver / sport red / black / white värvikombinatsiooni. jala all: air zoom üksus on viidud kannalt esijalale, et tagada kiire reageerimine, pehme cushlon-vahust vahetald pakub ühtlast summutus Vaata lähemalt ballzy.eu.","Men's Basketball Shoes","179.00 EUR","134.25 EUR","Nike;Multicolored;Basketball;in stock;Yes;Nike;Male","","","","","","","","",""
"CU7914_100_M_CNF","","U j flight crew - zw","http://ballzy.eu/et/product/u-j-flight-crew-zw-cu7914-100-m-cnf","http://backend.ballzy.eu/media/catalog/product/j/o/jordan-u-j-flight-crew-zw-valge-gffj.jpg","","Spordiriided ballzy veebipoest. Vaata lähemalt ballzy.eu.","Kids' Socks","19.00 EUR","14.25 EUR","Jordan;White;Basketball;in stock;Yes;Jordan;Male|Female|Children","","","","","","","","",""
"FZ8605_702_5.5_CNF","","A´one","http://ballzy.eu/et/product/a-one-fz8605-702-5-5-cnf","http://backend.ballzy.eu/media/catalog/product/n/i/nike-a-one-kollane-xpot.jpg","","Of course a’ja wilson has her own shoe—what else would you expect from a three-time mvp? her signature debut is built with plush cushlon 3.0 foam for that unapologetic comfort she needs to stay fresh. whether she´s knocking down jumpers, owning the boards or locking down on defense, a’ja is always pushing herself, always leveling up. that´s just who she is. the real question is—are you ready to take your game there too? Vaata lähemalt ballzy.eu.","Women's Basketball Shoes","139.00 EUR","104.25 EUR","Nike;Yellow;Basketball;in stock;Yes;Nike;Female","","","","","","","","",""
"HF3450_100_8_CNF","","Giannis freak 7","http://ballzy.eu/et/product/giannis-freak-7-hf3450-100-8-cnf","http://backend.ballzy.eu/media/catalog/product/n/i/nike-giannis-freak-7-valge-ffvz.jpg","","Spordiriided ballzy veebipoest. Vaata lähemalt ballzy.eu.","Men's Basketball Shoes","139.00 EUR","99.00 EUR","Nike;White;Basketball;in stock;Yes;Nike;Male","","","","","","","","",""
"HV9774_001_8_CNF","","Air zoom g.t. cut academy 2","http://ballzy.eu/et/product/air-zoom-g-t-cut-academy-2-hv9774-001-8-cnf","http://backend.ballzy.eu/media/catalog/product/n/i/nike-air-zoom-g-t-cut-academy-2-must-a67g.jpg","","Indoors. outdoors. perimeter, post…or both. in the gt cut academy 2, you can hoop where you want, how you want. a forefoot pod of responsive zoomx foam offers speed and power. durable features such as herringbone traction can help you go all game, all day. Vaata lähemalt ballzy.eu.","Men's Basketball Shoes","124.00 EUR","93.00 EUR","Nike;Black;Basketball;in stock;Yes;Nike;Male","","","","","","","","",""
"IF1610_600_8.5_CNF","","Jordan luka 77","http://ballzy.eu/et/product/jordan-luka-77-if1610-600-8-5-cnf","http://backend.ballzy.eu/media/catalog/product/j/o/jordan-jordan-luka-77-punane-1thz.jpg","","Spordiriided ballzy veebipoest. Vaata lähemalt ballzy.eu.","Men's Basketball Shoes","124.00 EUR","93.00 EUR","Jordan;Red;Basketball;in stock;Yes;Jordan;Male","","","","","","","","",""
"IH0573_600_4.5Y_CNF","","Jordan luka 77 (gs)","http://ballzy.eu/et/product/jordan-luka-77-gs-ih0573-600-4-5y-cnf","http://backend.ballzy.eu/media/catalog/product/n/i/nike-jordan-luka-77-gs-punane-jqbg.jpg","","Spordiriided ballzy veebipoest. Vaata lähemalt ballzy.eu.","Women's Basketball Shoes","89.00 EUR","66.75 EUR","Jordan;Red;Basketball;in stock;Yes;Jordan;Female|Children","","","","","","","","",""
"IM4646_001_6.5_CNF","","Wmns jordan heir series 2 dur","http://ballzy.eu/et/product/wmns-jordan-heir-series-2-dur-im4646-001-6-5-cnf","http://backend.ballzy.eu/media/catalog/product/n/i/nike-wmns-jordan-heir-series-2-dur-must-ihrl.jpg","","Spordiriided ballzy veebipoest. Vaata lähemalt ballzy.eu.","Women's Basketball Shoes","129.00 EUR","96.75 EUR","Jordan;Black;Basketball;in stock;Yes;Jordan;Female","","","","","","","","",""
"31279601_8_CNF","","Mb.05 fast  &amp; furious","http://ballzy.eu/et/product/mb-05-fast-furious-31279601-8-cnf","http://backend.ballzy.eu/media/catalog/product/p/u/puma-mb-05-fast-furious-multicolor-vosj.jpg","","Spordiriided ballzy veebipoest. Vaata lähemalt ballzy.eu.","Men's Basketball Shoes","134.00 EUR","100.50 EUR","Puma;Multicolored;Basketball;in stock;Yes;Puma;Male","","","","","","","","",""
"31279701_8_CNF","","Mb.05","http://ballzy.eu/et/product/mb-05-31279701-8-cnf","http://backend.ballzy.eu/media/catalog/product/p/u/puma-mb-05-multicolor-aiev.jpg","","Spordiriided ballzy veebipoest. Vaata lähemalt ballzy.eu.","Men's Basketball Shoes","129.00 EUR","96.75 EUR","Puma;Multicolored;Basketball;in stock;Yes;Puma;Male","","","","","","","","",""
"HV9922_400_8_CNF","","G.t. cut 4","http://ballzy.eu/et/product/g-t-cut-4-hv9922-400-8-cnf","http://backend.ballzy.eu/media/catalog/product/n/i/nike-g-t-cut-4-sinine-zenm.jpg","","Spordiriided ballzy veebipoest. Vaata lähemalt ballzy.eu.","Men's Basketball Shoes","229.00 EUR","171.75 EUR","Nike;Blue;Basketball;in stock;Yes;Nike;Male","","","","","","","","",""
"IB9557_601_8.5_CNF","","Lebron xxiii elite","http://ballzy.eu/et/product/lebron-xxiii-elite-ib9557-601-8-5-cnf","http://backend.ballzy.eu/media/catalog/product/n/i/nike-lebron-xxiii-elite-roosa-wzjl.jpg","","Nike lebron xxiii elite „good intentions“ – lebron jamesi 23. põlvkonna eliitkorvpallijalatsid. kerge, kiiresti reageeriv täispika zoomx-vahust sisetald koos süsinikkiust plaadiga annab tipptasemel tagasilöögi ja stabiilsuse, kroonikujuline kinnitusüsteem ja mitmesuunaline haardemuster aitavad püsida kontrolli all kiiretel ja teravatel liikumistel. pealsed on ühtsest flyknit-materjalist, millel on tehniline žakaar ja bootie-vooder, ilma keelekeseta. värv: hyper pink/black/voltage green/alabaster Vaata lähemalt ballzy.eu.","Men's Basketball Shoes","279.00 EUR","209.25 EUR","Nike;Pink;Basketball;in stock;Yes;Nike;Male","","","","","","","","",""
"IM0541_400_10_CNF","","Kobe i protro","http://ballzy.eu/et/product/kobe-i-protro-im0541-400-10-cnf","http://backend.ballzy.eu/media/catalog/product/n/i/nike-kobe-i-protro-sinine-yxuz.jpg","","Nike kobe 1 protro ""city of champions"" austab kobe bryanti karjääri pöördelist hetke. pealismaterjalide kombinatsioon parandab mängitavust ja mugavust, samas kui zoom air pehmendus tagab väljakul kiire reageerimise. värvilahendus on inspireeritud los angeles lakersi meistritiitli pärandist the forumi areenil: work blue pealisosa, metallic gold aktsendid ja summit white detailid, sealhulgas pragunenud tekstuuriga kihid swooshil ja mudguardil. täispikk zoom air üksus tagab pideva reageerimisvõime, Vaata lähemalt ballzy.eu.","Men's Basketball Shoes","229.00 EUR","171.75 EUR","Nike;Blue;Basketball;in stock;Yes;Nike;Male","","","","","","","","",""
"HF3450_007_15_CNF","","Giannis freak 7","http://ballzy.eu/et/product/giannis-freak-7-hf3450-007-15-cnf","http://backend.ballzy.eu/media/catalog/product/n/i/nike-giannis-freak-7-must-uv4b.jpg","","Spordiriided ballzy veebipoest. Vaata lähemalt ballzy.eu.","Men's Basketball Shoes","139.00 EUR","99.00 EUR","Nike;Black;Basketball;in stock;Yes;Nike;Male","","","","","","","","",""
"HV4417_100_6.5_CNF","","Wmns jordan heir series 2","http://ballzy.eu/et/product/wmns-jordan-heir-series-2-hv4417-100-6-5-cnf","http://backend.ballzy.eu/media/catalog/product/j/o/jordan-wmns-jordan-heir-series-2-valge-vkja.jpg","","Spordiriided ballzy veebipoest. Vaata lähemalt ballzy.eu.","Women's Basketball Shoes","129.00 EUR","96.75 EUR","Jordan;White;Basketball;in stock;Yes;Jordan;Female","","","","","","","","",""
"IB6687_900_8.5_CNF","","Book 2","http://ballzy.eu/et/product/book-2-ib6687-900-8-5-cnf","http://backend.ballzy.eu/media/catalog/product/n/i/nike-book-2-multicolor-zmmi.jpg","","Devon bookeri nike book 2 korvpallitossud. book 2 on reageerivam ja kergem kui algne book mudel. forefoot air zoom tagab võimsa esimese sammu, cushlon vahetald pakub pehmet amortisatsiooni kogu väljaku ulatuses ning täiustatud zoomx sisetald annab pehme ja reageeriva tagasilöögi. see eriväljaanne tähistab kentucky wildcatsi 1996. aasta teksakomplekti 30. aastapäeva – pealisosa on kaetud kulunud teksariide tekstuuriga. Vaata lähemalt ballzy.eu.","Men's Basketball Shoes","179.00 EUR","134.25 EUR","Nike;Multicolored;Basketball;in stock;Yes;Nike;Male","","","","","","","","",""
"HV9774_103_8_CNF","","Air zoom g.t. cut academy 2","http://ballzy.eu/et/product/air-zoom-g-t-cut-academy-2-hv9774-103-8-cnf","http://backend.ballzy.eu/media/catalog/product/n/i/nike-air-zoom-g-t-cut-academy-2-valge-6nlk.jpg","","Indoors. outdoors. perimeter, post…or both. in the gt cut academy 2, you can hoop where you want, how you want. a forefoot pod of responsive zoomx foam offers speed and power. durable features such as herringbone traction can help you go all game, all day. Vaata lähemalt ballzy.eu.","Men's Basketball Shoes","124.00 EUR","93.00 EUR","Nike;White;Basketball;in stock;Yes;Nike;Male","","","","","","","","",""
"FZ8605_610_10_CNF","","A´one","http://ballzy.eu/et/product/a-one-fz8605-610-10-cnf","http://backend.ballzy.eu/media/catalog/product/n/i/nike-a-one-roosa-9rpe.jpg","","Of course a’ja wilson has her own shoe—what else would you expect from a three-time mvp? her signature debut is built with plush cushlon 3.0 foam for that unapologetic comfort she needs to stay fresh. whether she´s knocking down jumpers, owning the boards or locking down on defense, a’ja is always pushing herself, always leveling up. that´s just who she is. the real question is—are you ready to take your game there too? Vaata lähemalt ballzy.eu.","Men's Basketball Shoes","139.00 EUR","104.25 EUR","Nike;Pink;Basketball;in stock;Yes;Nike;Male|Female","","","","","","","","",""
"31345401_8_CNF","","Hali 1","http://ballzy.eu/et/product/hali-1-31345401-8-cnf","http://backend.ballzy.eu/media/catalog/product/p/u/puma-hali-1-kollane-wfkq.jpg","","Spordiriided ballzy veebipoest. Vaata lähemalt ballzy.eu.","Men's Basketball Shoes","139.00 EUR","104.25 EUR","Puma;Yellow;Basketball;in stock;Yes;Puma;Male","","","","","","","","",""
"IH1401_401_10_CNF","","Kobe ix elite low em protro","http://ballzy.eu/et/product/kobe-ix-elite-low-em-protro-ih1401-401-10-cnf","http://backend.ballzy.eu/media/catalog/product/n/i/nike-kobe-ix-elite-low-em-protro-lilla-wglr.jpg","","Spordiriided ballzy veebipoest. Vaata lähemalt ballzy.eu.","Men's Basketball Shoes","209.00 EUR","156.75 EUR","Nike;Purple;Basketball;in stock;Yes;Nike;Male","","","","","","","","",""
"JQ9467_4.5 _CNF","","Dame x","http://ballzy.eu/et/product/dame-x-jq9467-4-5-cnf","http://backend.ballzy.eu/media/catalog/product/j/q/jq9467-4-5-rcuy_1.jpg","","Spordiriided ballzy veebipoest. Vaata lähemalt ballzy.eu.","Men's Basketball Shoes","89.00 EUR","66.75 EUR","adidas Originals;Blue;Basketball;in stock;Yes;adidas Originals;Male","","","","","","","","",""
"IO8116_600_8_CNF","","G.t. cut 4 ky per","http://ballzy.eu/et/product/g-t-cut-4-ky-per-io8116-600-8-cnf","http://backend.ballzy.eu/media/catalog/product/n/i/nike-g-t-cut-4-ky-per-roosa-cq7q.jpg","","Spordiriided ballzy veebipoest. Vaata lähemalt ballzy.eu.","Men's Basketball Shoes","249.00 EUR","186.75 EUR","Nike;Pink;Basketball;in stock;Yes;Nike;Male","","","","","","","","",""
"IH1513_002_8_CNF","","Lebron xxiii","http://ballzy.eu/et/product/lebron-xxiii-ih1513-002-8-cnf","http://backend.ballzy.eu/media/catalog/product/n/i/nike-lebron-xxiii-hall-gwct.jpg","","Nike lebron xxiii ""shut up and dribble"" – lebron jamesi 23. signatuurimudel. kerge, äärmiselt reageeriv jalanõu, millel on täispikkuses zoomx-vahust sisetald, süsinikkiust plaat stabiilsuse tagamiseks järskude liigutuste korral ning kroonikujuline kinnitusüsteem, mis hoiab jala kindlalt paigal. insenertehniline žakaarpealis ja kvaliteetne sisemine vooder loovad kerge, soki sarnase istuvuse ning haarduv mitmesuunaline mustri annab kindla pidamise väljakul. värv: cool grey/black-cool grey (hall mu Vaata lähemalt ballzy.eu.","Men's Basketball Shoes","249.00 EUR","186.75 EUR","Nike;Gray;Basketball;in stock;Yes;Nike;Male","","","","","","","","",""
"IH1513_701_8_CNF","","Lebron xxiii","http://ballzy.eu/et/product/lebron-xxiii-ih1513-701-8-cnf","http://backend.ballzy.eu/media/catalog/product/n/i/nike-lebron-xxiii-bee-4kke.jpg","","Lebron on kahe aastakümne jooksul mängu vedanud. aga mis siis, kui suudaksime koormat kergendada? tutvu lebron xxiii-ga. see pakub tipptasemel kerget reageerimisvõimet tänu vetruvale täispikkuses zoomx-vahule—mis sobib ideaalselt tänapäeva mängu kiiretele nõudmistele—ja kroonikujulisele kinnitusüsteemile, mis hoiab sind paigal. see lebron xxiii ammutab inspiratsiooni broni esimesest mvp-st—ja tossudest, mis aitasid tal sinna jõuda. juba oma rookieaasta alguses ütles lebron kuulsalt nike'ile, et  Vaata lähemalt ballzy.eu.","Men's Basketball Shoes","249.00 EUR","186.75 EUR","Nike;Beež;Basketball;in stock;Yes;Nike;Male","","","","","","","","",""
"NT0203_010_S_CNF","","Mens team basketball reversible jersey","http://ballzy.eu/et/product/mens-team-basketball-reversible-jersey-nt0203-010-s-cnf","http://backend.ballzy.eu/media/catalog/product/n/i/nike-mens-team-basketball-reversible-jersey-must-9dfr.jpg","","Spordiriided ballzy veebipoest. Vaata lähemalt ballzy.eu.","Men's Tees","34.00 EUR","25.50 EUR","Nike;Black;Basketball;in stock;Yes;Nike;Male","","","","","","","","",""
"HF2881_003_5.5_CNF","","Sabrina 3","http://ballzy.eu/et/product/sabrina-3-hf2881-003-5-5-cnf","http://backend.ballzy.eu/media/catalog/product/n/i/nike-sabrina-3-multicolor-oind.jpg","","Spordiriided ballzy veebipoest. Vaata lähemalt ballzy.eu.","Men's Basketball Shoes","159.00 EUR","119.25 EUR","Nike;Multicolored;Basketball;in stock;Yes;Nike;Male|Female","","","","","","","","",""
"IH1125_100_10_CNF","","Sabrina 3  nrg","http://ballzy.eu/et/product/sabrina-3-nrg-ih1125-100-10-cnf","http://backend.ballzy.eu/media/catalog/product/n/i/nike-sabrina-3-nrg-valge-re2i.jpg","","Spordiriided ballzy veebipoest. Vaata lähemalt ballzy.eu.","Men's Basketball Shoes","169.00 EUR","126.75 EUR","Nike;White;Basketball;in stock;Yes;Nike;Male","","","","","","","","",""
"IM6119_800_10_CNF","","Kobe ix elite low em protro","http://ballzy.eu/et/product/kobe-ix-elite-low-em-protro-im6119-800-10-cnf","http://backend.ballzy.eu/media/catalog/product/n/i/nike-kobe-ix-elite-low-em-protro-oran-ilef.jpg","","Spordiriided ballzy veebipoest. Vaata lähemalt ballzy.eu.","Men's Basketball Shoes","199.00 EUR","149.25 EUR","Nike;Orange;Basketball;in stock;Yes;Nike;Male","","","","","","","","",""
"JZ6996_S_CNF","","Anted short","http://ballzy.eu/et/product/anted-short-jz6996-s-cnf","http://backend.ballzy.eu/media/catalog/product/a/d/adidas-anted-short-must-li3o.jpg","","Spordiriided ballzy veebipoest. Vaata lähemalt ballzy.eu.","Men's Shorts","59.00 EUR","44.25 EUR","adidas Originals;Black;Basketball;in stock;Yes;adidas Originals;Male","","","","","","","","",""
"KQ8657_S_CNF","","Ae sock","http://ballzy.eu/et/product/ae-sock-kq8657-s-cnf","http://backend.ballzy.eu/media/catalog/product/a/d/adidas-ae-sock-valge-we3k.jpg","","Spordiriided ballzy veebipoest. Vaata lähemalt ballzy.eu.","Women's Socks","14.00 EUR","10.50 EUR","adidas Originals;White;Basketball;in stock;Yes;adidas Originals;Male|Female","","","","","","","","",""
"IM1820_100_10_CNF","","Kobe viii ext protro","http://ballzy.eu/et/product/kobe-viii-ext-protro-im1820-100-10-cnf","http://backend.ballzy.eu/media/catalog/product/n/i/nike-kobe-viii-ext-protro-valge-j7gt.jpg","","Kobe 8 protro ""siempre mio"" on austusavaldus purunematule vennaskonnale ja 2012. aastal kobe bryanti ja pau gasoli ühendanud võiduhobusele. twine-toonist nahast ülaosa on esile tõstetud baroque brown toonis poniservakarvaliste detailidega, ocean cube toonis foxing seob ülaosa jäise ombre-taldaga. spetsiaalsed hobuserauakujulised paelakaunistused viimistlevad loo, kandes kobe sheath-logot ja fraasi ""siempre hermanos"". selles protro 8 väljaandes on painduv ja jalale kohanduv engineered mesh-ülaosa Vaata lähemalt ballzy.eu.","Men's Basketball Shoes","229.00 EUR","171.75 EUR","Nike;White;Basketball;in stock;Yes;Nike;Male","","","","","","","","",""
"IM5182_002_10_CNF","","Jordan luka 5 edge","http://ballzy.eu/et/product/jordan-luka-5-edge-im5182-002-10-cnf","http://backend.ballzy.eu/media/catalog/product/n/i/nike-jordan-luka-5-edge-must-ovqt.jpg","","Spordiriided ballzy veebipoest. Vaata lähemalt ballzy.eu.","Men's Basketball Shoes","169.00 EUR","126.75 EUR","Nike;Black;Basketball;in stock;Yes;Nike;Male","","","","","","","","",""
"31275301_7.5_CNF","","Mb.05 lo flourish","http://ballzy.eu/et/product/mb-05-lo-flourish-31275301-7-5-cnf","http://backend.ballzy.eu/media/catalog/product/p/u/puma-mb-05-lo-flourish-roheline-owsz.jpg","","Spordiriided ballzy veebipoest. Vaata lähemalt ballzy.eu.","Men's Basketball Shoes","124.00 EUR","93.00 EUR","Puma;Green;Basketball;in stock;Yes;Puma;Male","","","","","","","","",""
"31284401_8_CNF","","All-pro nitro  2","http://ballzy.eu/et/product/all-pro-nitro-2-31284401-8-cnf","http://backend.ballzy.eu/media/catalog/product/p/u/puma-all-pro-nitro-2-roosa-9wve.jpg","","Spordiriided ballzy veebipoest. Vaata lähemalt ballzy.eu.","Men's Basketball Shoes","194.00 EUR","145.50 EUR","Puma;Pink;Basketball;in stock;Yes;Puma;Male","","","","","","","","",""
"31359901_7.5_CNF","","Mb.05 showtime","http://ballzy.eu/et/product/mb-05-showtime-31359901-7-5-cnf","http://backend.ballzy.eu/media/catalog/product/p/u/puma-mb-05-showtime-roosa-fzcy.jpg","","Spordiriided ballzy veebipoest. Vaata lähemalt ballzy.eu.","Men's Basketball Shoes","134.00 EUR","100.50 EUR","Puma;Pink;Basketball;in stock;Yes;Puma;Male","","","","","","","","",""
"31280501_3.5_CNF","","Mb.05 lo flourish jr","http://ballzy.eu/et/product/mb-05-lo-flourish-jr-31280501-3-5-cnf","http://backend.ballzy.eu/media/catalog/product/p/u/puma-mb-05-lo-flourish-jr-roheline-pkee.jpg","","Spordiriided ballzy veebipoest. Vaata lähemalt ballzy.eu.","Kids' Basketball Shoes","114.00 EUR","85.50 EUR","Puma;Green;Basketball;in stock;Yes;Puma;Female|Children","","","","","","","","",""
"IH1118_600_10_CNF","","Kd19","http://ballzy.eu/et/product/kd19-ih1118-600-10-cnf","http://backend.ballzy.eu/media/catalog/product/n/i/nike-kd19-roosa-o2w5.jpg","","Nike kd 19 „bubble gum bounce“ – hyper pink / stadium green / university gold värvitoonis korvpallijalatsid, millel on täispikkuses air zoom strobel amortisaator, cushlon 3.0 vaht-tald ja kummist välistald „7s“ ja „35s“ mustriga. Vaata lähemalt ballzy.eu.","Men's Basketball Shoes","189.00 EUR","141.75 EUR","Nike;Pink;Basketball;in stock;Yes;Nike;Male","","","","","","","","",""
"KF3245_S_CNF","","Anted trk pant","http://ballzy.eu/et/product/anted-trk-pant-kf3245-s-cnf","http://backend.ballzy.eu/media/catalog/product/a/d/adidas-anted-trk-pant-sinine-yjnn.jpg","","Spordiriided ballzy veebipoest. Vaata lähemalt ballzy.eu.","Men's Pants","89.00 EUR","66.75 EUR","adidas Originals;Blue;Basketball;in stock;Yes;adidas Originals;Male","","","","","","","","",""
"IQ5341_100_4.5Y_CNF","","Kobe iii low protro gs","http://ballzy.eu/et/product/kobe-iii-low-protro-gs-iq5341-100-4-5y-cnf","http://backend.ballzy.eu/media/catalog/product/n/i/nike-kobe-iii-low-protro-gs-valge-3l8o.jpg","","Spordiriided ballzy veebipoest. Vaata lähemalt ballzy.eu.","Kids' Basketball Shoes","134.00 EUR","100.50 EUR","Nike;White;Basketball;in stock;Yes;Nike;Female|Children","","","","","","","","",""
"JQ9422_12.5_CNF","","Harden volume 10","http://ballzy.eu/et/product/harden-volume-10-jq9422-12-5-cnf","http://backend.ballzy.eu/media/catalog/product/a/d/adidas-harden-volume-10-sinine-kphk.jpg","","Spordiriided ballzy veebipoest. Vaata lähemalt ballzy.eu.","Men's Basketball Shoes","159.00 EUR","119.25 EUR","adidas Originals;Blue;Basketball;in stock;Yes;adidas Originals;Male","","","","","","","","",""
"JQ9475_8_CNF","","Believe that 1","http://ballzy.eu/et/product/believe-that-1-jq9475-8-cnf","http://backend.ballzy.eu/media/catalog/product/a/d/adidas-believe-that-1-sinine-mjwr.jpg","","Spordiriided ballzy veebipoest. Vaata lähemalt ballzy.eu.","Men's Basketball Shoes","109.00 EUR","81.75 EUR","adidas Originals;Blue;Basketball;in stock;Yes;adidas Originals;Male","","","","","","","","",""
"31326602_7.5_CNF","","Mb.05 lo","http://ballzy.eu/et/product/mb-05-lo-31326602-7-5-cnf","http://backend.ballzy.eu/media/catalog/product/p/u/puma-mb-05-lo-valge-wymx.jpg","","Spordiriided ballzy veebipoest. Vaata lähemalt ballzy.eu.","Men's Basketball Shoes","124.00 EUR","93.00 EUR","Puma;White;Basketball;in stock;Yes;Puma;Male","","","","","","","","",""
"HQ4611_601_4.5Y_CNF","","Jordan tatum 4 (gs)","http://ballzy.eu/et/product/jordan-tatum-4-gs-hq4611-601-4-5y-cnf","http://backend.ballzy.eu/media/catalog/product/j/o/jordan-jordan-tatum-4-gs-roosa-kgve.jpg","","Spordiriided ballzy veebipoest. Vaata lähemalt ballzy.eu.","Kids' Basketball Shoes","109.00 EUR","81.75 EUR","Jordan;Pink;Basketball;in stock;Yes;Jordan;Female|Children","","","","","","","","",""
"31409801_7.5_CNF","","Hali 1","http://ballzy.eu/et/product/hali-1-31409801-7-5-cnf","http://backend.ballzy.eu/media/catalog/product/p/u/puma-hali-1-sinine-spb3.jpg","","Spordiriided ballzy veebipoest. Vaata lähemalt ballzy.eu.","Men's Basketball Shoes","139.00 EUR","104.25 EUR","Puma;Blue;Basketball;in stock;Yes;Puma;Male","","","","","","","","",""
"31409802_7.5_CNF","","Hali 1","http://ballzy.eu/et/product/hali-1-31409802-7-5-cnf","http://backend.ballzy.eu/media/catalog/product/p/u/puma-hali-1-hall-o8xj.jpg","","Spordiriided ballzy veebipoest. Vaata lähemalt ballzy.eu.","Men's Basketball Shoes","139.00 EUR","104.25 EUR","Puma;Gray;Basketball;in stock;Yes;Puma;Male","","","","","","","","",""
"31409803_7.5_CNF","","Hali 1","http://ballzy.eu/et/product/hali-1-31409803-7-5-cnf","http://backend.ballzy.eu/media/catalog/product/p/u/puma-hali-1-roheline-jmay.jpg","","Spordiriided ballzy veebipoest. Vaata lähemalt ballzy.eu.","Men's Basketball Shoes","139.00 EUR","104.25 EUR","Puma;Green;Basketball;in stock;Yes;Puma;Male","","","","","","","","",""
"31386701_7.5_CNF","","Mb.05 lo","http://ballzy.eu/et/product/mb-05-lo-31386701-7-5-cnf","http://backend.ballzy.eu/media/catalog/product/p/u/puma-mb-05-lo-roheline-9zwi.jpg","","Spordiriided ballzy veebipoest. Vaata lähemalt ballzy.eu.","Men's Basketball Shoes","124.00 EUR","93.00 EUR","Puma;Green;Basketball;in stock;Yes;Puma;Male","","","","","","","","",""
"76-964Z_CNF","","Tf-1000 legacy fiba","http://ballzy.eu/et/product/tf-1000-legacy-fiba-76-964z-cnf","http://backend.ballzy.eu/media/catalog/product/s/p/spalding-tf-1000-legacy-fiba-multicolor-cxqz.jpg","","Spordiriided ballzy veebipoest. Vaata lähemalt ballzy.eu.","Kids' Basketballs","84.95 EUR","63.71 EUR","Spalding;Multicolored;Basketball;in stock;Yes;Spalding;Male|Female|Children","","","","","","","","",""
"FZ7013_500_10_CNF","","Book 2","http://ballzy.eu/et/product/book-2-fz7013-500-10-cnf","http://backend.ballzy.eu/media/catalog/product/n/i/nike-book-2-lilla-ei0f.jpg","","Spordiriided ballzy veebipoest. Vaata lähemalt ballzy.eu.","Men's Basketball Shoes","179.00 EUR","134.25 EUR","Nike;Purple;Basketball;in stock;Yes;Nike;Male","","","","","","","","",""
"HV8082_501_10_CNF","","Jordan luka 5","http://ballzy.eu/et/product/jordan-luka-5-hv8082-501-10-cnf","http://backend.ballzy.eu/media/catalog/product/j/o/jordan-jordan-luka-5-lilla-imiq.jpg","","Spordiriided ballzy veebipoest. Vaata lähemalt ballzy.eu.","Men's Basketball Shoes","159.00 EUR","119.25 EUR","Jordan;Purple;Basketball;in stock;Yes;Jordan;Male","","","","","","","","",""
"A23977C_040_10_CNF","","Shai 001","http://ballzy.eu/et/product/shai-001-a23977c-040-10-cnf","http://backend.ballzy.eu/media/catalog/product/c/o/converse-shai-001-hall-4m6g.jpg","","Spordiriided ballzy veebipoest. Vaata lähemalt ballzy.eu.","Women's Basketball Shoes","149.00 EUR","111.75 EUR","Converse;Gray;Basketball;in stock;Yes;Converse;Male|Female","","","","","","","","",""
"HV9922_001_8_CNF","","G.t. cut 4","http://ballzy.eu/et/product/g-t-cut-4-hv9922-001-8-cnf","http://backend.ballzy.eu/media/catalog/product/n/i/nike-g-t-cut-4-must-wmfd.jpg","","Spordiriided ballzy veebipoest. Vaata lähemalt ballzy.eu.","Men's Basketball Shoes","229.00 EUR","171.75 EUR","Nike;Black;Basketball;in stock;Yes;Nike;Male","","","","","","","","",""
"IB9562_103_10_CNF","","Lebron xxiii","http://ballzy.eu/et/product/lebron-xxiii-ib9562-103-10-cnf","http://backend.ballzy.eu/media/catalog/product/n/i/nike-lebron-xxiii-multicolor-cfqx.jpg","","Spordiriided ballzy veebipoest. Vaata lähemalt ballzy.eu.","Men's Basketball Shoes","249.00 EUR","186.75 EUR","Nike;Multicolored;Basketball;in stock;Yes;Nike;Male","","","","","","","","",""
"IM6642_400_4.5Y_CNF","","Kobe ix low em (gs)","http://ballzy.eu/et/product/kobe-ix-low-em-gs-im6642-400-4-5y-cnf","http://backend.ballzy.eu/media/catalog/product/n/i/nike-kobe-ix-low-em-gs-sinine-u6dy.jpg","","Kobe bryant kobe ix low em suurte laste korvpallijalatsid. kobe naasmine väljakule pärast sääre kõõluse rebendit inspireeris terveid mängijate põlvkondi võitlema. kobe 9 uuendab jalanõu, mis toetas musta mamba tagasituleku ajal. kerge kootud pealispind ja vedruline pehmendus aitavad sul mänguga kurssi viia ja hakata omaenda pärandit looma. kerge kootud pealispind on loodud liikumiseks, pakkudes hingavat mugavust ja tuge, mida vajad kiirete lõigete tegemiseks väljakul kihutades. kannaosas olev vo Vaata lähemalt ballzy.eu.","Kids' Basketball Shoes","134.00 EUR","100.50 EUR","Nike;Blue;Basketball;in stock;Yes;Nike;Female|Children","","","","","","","","",""
"IR1829_001_10_CNF","","G.t. cut 4 rd","http://ballzy.eu/et/product/g-t-cut-4-rd-ir1829-001-10-cnf","http://backend.ballzy.eu/media/catalog/product/n/i/nike-g-t-cut-4-rd-hall-7lrg.jpg","","Spordiriided ballzy veebipoest. Vaata lähemalt ballzy.eu.","Men's Basketball Shoes","249.00 EUR","186.75 EUR","Nike;Gray;Basketball;in stock;Yes;Nike;Male","","","","","","","","",""
"JQ9453_8 _CNF","","Harden volume 10","http://ballzy.eu/et/product/harden-volume-10-jq9453-8-cnf","http://backend.ballzy.eu/media/catalog/product/j/q/jq9453_8_1.jpg","","Spordiriided ballzy veebipoest. Vaata lähemalt ballzy.eu.","Men's Basketball Shoes","159.00 EUR","119.25 EUR","adidas Originals;Black;Basketball;in stock;Yes;adidas Originals;Male","","","","","","","","",""
"A24274C_259_10_CNF","","Shai 001 premium ox","http://ballzy.eu/et/product/shai-001-premium-ox-a24274c-259-10-cnf","http://backend.ballzy.eu/media/catalog/product/c/o/converse-shai-001-premium-ox-pruun-oev1.jpg","","Spordiriided ballzy veebipoest. Vaata lähemalt ballzy.eu.","Men's Basketball Shoes","149.00 EUR","111.75 EUR","Converse;Pruun;Basketball;in stock;Yes;Converse;Male","","","","","","","","",""
"IM4667_400_10_CNF","","Book 2 se","http://ballzy.eu/et/product/book-2-se-im4667-400-10-cnf","http://backend.ballzy.eu/media/catalog/product/n/i/nike-book-2-se-sinine-sjfo.jpg","","Nike book 2 ""tigers"" on devin bookeri nimeline eriväljaanne korvpallijalats, mis austab tema koduriiki ikoonilise old english ""d""-tähega — 313 piirkonna jõu ja sitkuse sümboliga. air zoom üksus on viidud kannalt esijalga, et pakkuda madala profiiliga reageerivust, ning kaasajastatud heeringaluu muster haardumiseks on inspireeritud air force 1-st, tagades haardumise ja vastupidavuse. kerge ja vastupidav sünteetiline pealisosa hoiab jalga värskena ka neljandal veerandajal, samal ajal kui keskjala  Vaata lähemalt ballzy.eu.","Men's Basketball Shoes","189.00 EUR","141.75 EUR","Nike;Blue;Basketball;in stock;Yes;Nike;Male","","","","","","","","",""
"IM5130_601_10_CNF","","Giannis immortality 5","http://ballzy.eu/et/product/giannis-immortality-5-im5130-601-10-cnf","http://backend.ballzy.eu/media/catalog/product/n/i/nike-giannis-immortality-5-roosa-vsos.jpg","","Nike giannis immortality 5 – kiire ja vastupidav korvpallijalats värvikombinatsioonis hyper pink/oracle pink/black/volt. kahekordselt kihitatud pehmendus (nike renew vaht) tagab kannatoe ja vetruva esijala reageerimise, samas kui euro-step-järgi kohandatud mustr aitab saavutada suurepärase haardumise ja kontrolli igast nurgast. tekstiilist ülaosa ja sünteetilised kattematerjalid tagavad stabiilse, väle ja tugevalt kinnituva istuvuse. madal ehitus koos polsterdatud kaelusega ja kannaaasaga. Vaata lähemalt ballzy.eu.","Men's Basketball Shoes","99.00 EUR","74.25 EUR","Nike;Pink;Basketball;in stock;Yes;Nike;Male","","","","","","","","",""
"UFFBL24C_6_CNF","","New balance p400 low","http://ballzy.eu/et/product/new-balance-p400-low-uffbl24c-6-cnf","http://backend.ballzy.eu/media/catalog/product/n/e/new-balance-new-balance-p400-low-must-xrbp.jpg","","Spordiriided ballzy veebipoest. Vaata lähemalt ballzy.eu.","Men's Basketball Shoes","144.00 EUR","108.00 EUR","New Balance;Black;Basketball;in stock;Yes;New Balance;Male","","","","","","","","",""
"UHSL3ZP_6_CNF","","New balance p350","http://ballzy.eu/et/product/new-balance-p350-uhsl3zp-6-cnf","http://backend.ballzy.eu/media/catalog/product/n/e/new-balance-new-balance-p350-sinine-bvnw.jpg","","Spordiriided ballzy veebipoest. Vaata lähemalt ballzy.eu.","Men's Basketball Shoes","124.00 EUR","93.00 EUR","New Balance;Blue;Basketball;in stock;Yes;New Balance;Male","","","","","","","","",""
"HQ4614_601_10_CNF","","Jordan tatum 4","http://ballzy.eu/et/product/jordan-tatum-4-hq4614-601-10-cnf","http://backend.ballzy.eu/media/catalog/product/j/o/jordan-jordan-tatum-4-roosa-rpf1.jpg","","Spordiriided ballzy veebipoest. Vaata lähemalt ballzy.eu.","Men's Basketball Shoes","159.00 EUR","119.25 EUR","Jordan;Pink;Basketball;in stock;Yes;Jordan;Male","","","","","","","","",""
"HV8082_600_10_CNF","","Jordan luka 5","http://ballzy.eu/et/product/jordan-luka-5-hv8082-600-10-cnf","http://backend.ballzy.eu/media/catalog/product/j/o/jordan-jordan-luka-5-punane-wkz9.jpg","","Spordiriided ballzy veebipoest. Vaata lähemalt ballzy.eu.","Men's Basketball Shoes","159.00 EUR","119.25 EUR","Jordan;Red;Basketball;in stock;Yes;Jordan;Male","","","","","","","","",""
"IM5130_102_10_CNF","","Giannis immortality 5","http://ballzy.eu/et/product/giannis-immortality-5-im5130-102-10-cnf","http://backend.ballzy.eu/media/catalog/product/n/i/nike-giannis-immortality-5-bee-k8d6.jpg","","Giannis on viiendas käigus, olgu siis november, jaanuar või juuni. nike giannis immortality 5 aitab hoida freaki juhiistmel. topeltkihiliselt paigutatud vahtpolster ja tipptasemel haardumine loovad dünaamilise disaini, mis hoiab tema mootori terve mängu vältel kuumalt töötamas. topeltkihiliselt paigutatud polster pakub kanna tuge ja esijala vetruvat reageerimisvõimet, samal ajal kui pealisosa annab stabiilse, väle ja tugevalt jalga fikseeriva istuvuse, mis hoiab liikumise plahvatuslikel hetkedel Vaata lähemalt ballzy.eu.","Men's Basketball Shoes","99.00 EUR","74.25 EUR","Nike;Beež;Basketball;in stock;Yes;Nike;Male","","","","","","","","",""
"IQ3917_100_10_CNF","","Kobe iii low protro","http://ballzy.eu/et/product/kobe-iii-low-protro-iq3917-100-10-cnf","http://backend.ballzy.eu/media/catalog/product/n/i/nike-kobe-iii-low-protro-valge-zsmv.jpg","","Spordiriided ballzy veebipoest. Vaata lähemalt ballzy.eu.","Men's Basketball Shoes","219.00 EUR","164.25 EUR","Nike;White;Basketball;in stock;Yes;Nike;Male","","","","","","","","",""
"IR0955_400_10_CNF","","Wmns jordan heir series 2 pj","http://ballzy.eu/et/product/wmns-jordan-heir-series-2-pj-ir0955-400-10-cnf","http://backend.ballzy.eu/media/catalog/product/j/o/jordan-wmns-jordan-heir-series-2-pj-sinine-ea1d.jpg","","Spordiriided ballzy veebipoest. Vaata lähemalt ballzy.eu.","Women's Basketball Shoes","129.00 EUR","96.75 EUR","Jordan;Blue;Basketball;in stock;Yes;Jordan;Male|Female","","","","","","","","",""
"A24322C_318_10_CNF","","Shai 001 lace up ox","http://ballzy.eu/et/product/shai-001-lace-up-ox-a24322c-318-10-cnf","http://backend.ballzy.eu/media/catalog/product/c/o/converse-shai-001-lace-up-ox-roheline-rhwg.jpg","","Spordiriided ballzy veebipoest. Vaata lähemalt ballzy.eu.","Men's Basketball Shoes","109.00 EUR","81.75 EUR","Converse;Green;Basketball;in stock;Yes;Converse;Male","","","","","","","","",""
"IH1401_402_10_CNF","","Kobe ix elite low em protro","http://ballzy.eu/et/product/kobe-ix-elite-low-em-protro-ih1401-402-10-cnf","http://backend.ballzy.eu/media/catalog/product/n/i/nike-kobe-ix-elite-low-em-protro-sinine-6r9n.jpg","","Spordiriided ballzy veebipoest. Vaata lähemalt ballzy.eu.","Men's Basketball Shoes","209.00 EUR","156.75 EUR","Nike;Blue;Basketball;in stock;Yes;Nike;Male","","","","","","","","",""
"II7530_400_10_CNF","","G.t. cut 4 wnba 30th","http://ballzy.eu/et/product/g-t-cut-4-wnba-30th-ii7530-400-10-cnf","http://backend.ballzy.eu/media/catalog/product/n/i/nike-g-t-cut-4-wnba-30th-sinine-szb8.jpg","","Spordiriided ballzy veebipoest. Vaata lähemalt ballzy.eu.","Men's Basketball Shoes","249.00 EUR","186.75 EUR","Nike;Blue;Basketball;in stock;Yes;Nike;Male","","","","","","","","",""
"IM5125_100_10_CNF","","Lebron xxiii per","http://ballzy.eu/et/product/lebron-xxiii-per-im5125-100-10-cnf","http://backend.ballzy.eu/media/catalog/product/n/i/nike-lebron-xxiii-per-valge-8krp.jpg","","Lebron xxiii pakub tipptasemel kerget reageerimisvõimet tänu vetruvale täispikkuses zoomx vahule, mis on loodud kaasaegse mängu suure kiiruse jaoks. täispikkuses zoomx sisetald pakub optimaalset põrget ning süsinikkiust plaat aitab hoida jalga stabiilsena järskude liigutuste ajal ja lisab veidi kiirust. uuenduslik kroonikujuline toestussüsteem aitab sul püsida kindlalt paigal nii rünnakul kui kaitsepositsioonil. tehniline jacquard-pealis ja kvaliteetne sisevooder hoiavad jalanõu kerge ja luksusl Vaata lähemalt ballzy.eu.","Men's Basketball Shoes","229.00 EUR","171.75 EUR","Nike;White;Basketball;in stock;Yes;Nike;Male","","","","","","","","",""
"84523Z_CNF","","White graffiti sz5","http://ballzy.eu/et/product/white-graffiti-sz5-84523z-cnf","http://backend.ballzy.eu/media/catalog/product/s/p/spalding-white-graffiti-sz5-multicolor-mtjr.jpg","","Spordiriided ballzy veebipoest. Vaata lähemalt ballzy.eu.","Kids' Basketballs","24.00 EUR","18.00 EUR","Spalding;Multicolored;Basketball;in stock;Yes;Spalding;Male|Children","","","","","","","","",""
"A23975C_004_10_CNF","","Shai 001 ox","http://ballzy.eu/et/product/shai-001-ox-a23975c-004-10-cnf","http://backend.ballzy.eu/media/catalog/product/c/o/converse-shai-001-ox-must-iqc8.jpg","","Spordiriided ballzy veebipoest. Vaata lähemalt ballzy.eu.","Men's Basketball Shoes","129.00 EUR","96.75 EUR","Converse;Black;Basketball;in stock;Yes;Converse;Male","","","","","","","","",""
"A23976C_084_10_CNF","","Shai 001 ox","http://ballzy.eu/et/product/shai-001-ox-a23976c-084-10-cnf","http://backend.ballzy.eu/media/catalog/product/c/o/converse-shai-001-ox-kollane-vftk.jpg","","Spordiriided ballzy veebipoest. Vaata lähemalt ballzy.eu.","Men's Basketball Shoes","129.00 EUR","96.75 EUR","Converse;Yellow;Basketball;in stock;Yes;Converse;Male","","","","","","","","",""
"A24323C_507_5.5_CNF","","Shai 001 lace up ox","http://ballzy.eu/et/product/shai-001-lace-up-ox-a24323c-507-5-5-cnf","http://backend.ballzy.eu/media/catalog/product/c/o/converse-shai-001-lace-up-ox-roosa-ezsk.jpg","","Spordiriided ballzy veebipoest. Vaata lähemalt ballzy.eu.","Kids' Basketball Shoes","109.00 EUR","81.75 EUR","Converse;Pink;Basketball;in stock;Yes;Converse;Female|Children","","","","","","","","",""
"IM5130_101_10_CNF","","Giannis immortality 5","http://ballzy.eu/et/product/giannis-immortality-5-im5130-101-10-cnf","http://backend.ballzy.eu/media/catalog/product/n/i/nike-giannis-immortality-5-valge-i69j.jpg","","Giannis on viiendas käigust – nii novembris, jaanuaris kui ka juunis. nike giannis immortality 5 hoiab freaki juhiistmel: kahekordselt laotud vaht ja euro-step'i järgi häälestatud haarduvus loovad dünaamilise disaini, mis hoiab mängija mootori terve mängu kuumana. kahekordselt laotud pehmendus toetab kannapiirkonda ja annab esijalale vetruvat vastukaja, samas kui kerge pealisosa pakub stabiilset ja täpset istuvust kontrolli säilitamiseks plahvatuslike liigutuste ajal. mitmesuunaline, euro-step'i Vaata lähemalt ballzy.eu.","Men's Basketball Shoes","99.00 EUR","74.25 EUR","Nike;White;Basketball;in stock;Yes;Nike;Male","","","","","","","","",""
"IM5166_600_4.5Y_CNF","","Jordan luka 5 (gs)","http://ballzy.eu/et/product/jordan-luka-5-gs-im5166-600-4-5y-cnf","http://backend.ballzy.eu/media/catalog/product/j/o/jordan-jordan-luka-5-gs-roosa-sm7i.jpg","","Spordiriided ballzy veebipoest. Vaata lähemalt ballzy.eu.","Kids' Basketball Shoes","109.00 EUR","81.75 EUR","Jordan;Pink;Basketball;in stock;Yes;Jordan;Female|Children","","","","","","","","",""
"IR4504_100_10_CNF","","A´two asw","http://ballzy.eu/et/product/a-two-asw-ir4504-100-10-cnf","http://backend.ballzy.eu/media/catalog/product/n/i/nike-a-two-asw-valge-vpv5.jpg","","Spordiriided ballzy veebipoest. Vaata lähemalt ballzy.eu.","Women's Basketball Shoes","189.00 EUR","141.75 EUR","Nike;White;Basketball;in stock;Yes;Nike;Male|Female","","","","","","","","",""
"KI4103_7.5_CNF","","Crazy energy +","http://ballzy.eu/et/product/crazy-energy-ki4103-7-5-cnf","http://backend.ballzy.eu/media/catalog/product/a/d/adidas-crazy-energy-multicolor-sfeb.jpg","","Spordiriided ballzy veebipoest. Vaata lähemalt ballzy.eu.","Men's Basketball Shoes","149.00 EUR","111.75 EUR","adidas Originals;Multicolored;Basketball;in stock;Yes;adidas Originals;Male","","","","","","","","",""
"KI9287_7.5_CNF","","D.o.n. issue 8","http://ballzy.eu/et/product/d-o-n-issue-8-ki9287-7-5-cnf","http://backend.ballzy.eu/media/catalog/product/a/d/adidas-d-o-n-issue-8-multicolor-tsxk.jpg","","Spordiriided ballzy veebipoest. Vaata lähemalt ballzy.eu.","Men's Basketball Shoes","119.00 EUR","89.25 EUR","adidas Originals;Multicolored;Basketball;in stock;Yes;adidas Originals;Male","","","","","","","","",""
"LA1435_7.5_CNF","","Crazy energy satou","http://ballzy.eu/et/product/crazy-energy-satou-la1435-7-5-cnf","http://backend.ballzy.eu/media/catalog/product/a/d/adidas-crazy-energy-satou-valge-s2dd.jpg","","Spordiriided ballzy veebipoest. Vaata lähemalt ballzy.eu.","Men's Basketball Shoes","109.00 EUR","81.75 EUR","adidas Originals;White;Basketball;in stock;Yes;adidas Originals;Male","","","","","","","","",""
"HV4417_104_10_CNF","","Wmns jordan heir series 2","http://ballzy.eu/et/product/wmns-jordan-heir-series-2-hv4417-104-10-cnf","http://backend.ballzy.eu/media/catalog/product/j/o/jordan-wmns-jordan-heir-series-2-valge-qd91.jpg","","Spordiriided ballzy veebipoest. Vaata lähemalt ballzy.eu.","Women's Basketball Shoes","129.00 EUR","96.75 EUR","Jordan;White;Basketball;in stock;Yes;Jordan;Male|Female","","","","","","","","",""
"IM5066_010_L_CNF","","Jm m nk tee lse og nightmare","http://ballzy.eu/et/product/jm-m-nk-tee-lse-og-nightmare-im5066-010-l-cnf","http://backend.ballzy.eu/media/catalog/product/n/i/nike-jm-m-nk-tee-lse-og-nightmare-must-6ym1.jpg","","Spordiriided ballzy veebipoest. Vaata lähemalt ballzy.eu.","Men's Tees","64.00 EUR","48.00 EUR","Nike;Black;Basketball;in stock;Yes;Nike;Male","","","","","","","","",""
"IM5166_800_4.5Y_CNF","","Jordan luka 5 (gs)","http://ballzy.eu/et/product/jordan-luka-5-gs-im5166-800-4-5y-cnf","http://backend.ballzy.eu/media/catalog/product/j/o/jordan-jordan-luka-5-gs-oran-gqqv.jpg","","Spordiriided ballzy veebipoest. Vaata lähemalt ballzy.eu.","Kids' Basketball Shoes","109.00 EUR","81.75 EUR","Jordan;Orange;Basketball;in stock;Yes;Jordan;Female|Children","","","","","","","","",""
"IH1117_300_10_CNF","","Kd19","http://ballzy.eu/et/product/kd19-ih1117-300-10-cnf","http://backend.ballzy.eu/media/catalog/product/n/i/nike-kd19-multicolor-ysjt.jpg","","Spordiriided ballzy veebipoest. Vaata lähemalt ballzy.eu.","Men's Basketball Shoes","189.00 EUR","141.75 EUR","Nike;Multicolored;Basketball;in stock;Yes;Nike;Male","","","","","","","","",""
"HV8082_800_10_CNF","","Jordan luka 5","http://ballzy.eu/et/product/jordan-luka-5-hv8082-800-10-cnf","http://backend.ballzy.eu/media/catalog/product/j/o/jordan-jordan-luka-5-oran-html.jpg","","Spordiriided ballzy veebipoest. Vaata lähemalt ballzy.eu.","Men's Basketball Shoes","159.00 EUR","119.25 EUR","Jordan;Orange;Basketball;in stock;Yes;Jordan;Male","","","","","","","","",""
"IR0238_002_10_CNF","","Giannis freak 8 lx","http://ballzy.eu/et/product/giannis-freak-8-lx-ir0238-002-10-cnf","http://backend.ballzy.eu/media/catalog/product/n/i/nike-giannis-freak-8-lx-must-iybv.jpg","","Spordiriided ballzy veebipoest. Vaata lähemalt ballzy.eu.","Men's Basketball Shoes","149.00 EUR","111.75 EUR","Nike;Black;Basketball;in stock;Yes;Nike;Male","","","","","","","","",""
"IR0963_100_10_CNF","","Jordan luka 5 ess","http://ballzy.eu/et/product/jordan-luka-5-ess-ir0963-100-10-cnf","http://backend.ballzy.eu/media/catalog/product/j/o/jordan-jordan-luka-5-ess-valge-misj.jpg","","Spordiriided ballzy veebipoest. Vaata lähemalt ballzy.eu.","Men's Basketball Shoes","159.00 EUR","119.25 EUR","Jordan;White;Basketball;in stock;Yes;Jordan;Male","","","","","","","","",""
"IX5223_001_10_CNF","","Sabrina 4 nn","http://ballzy.eu/et/product/sabrina-4-nn-ix5223-001-10-cnf","http://backend.ballzy.eu/media/catalog/product/n/i/nike-sabrina-4-nn-must-y8im.jpg","","Spordiriided ballzy veebipoest. Vaata lähemalt ballzy.eu.","Women's Basketball Shoes","159.00 EUR","119.25 EUR","Nike;Black;Basketball;in stock;Yes;Nike;Male|Female","","","","","","","","",""
"100230672_5.5_CNF","","Reebok engine a","http://ballzy.eu/et/product/reebok-engine-a-100230672-5-5-cnf","http://backend.ballzy.eu/media/catalog/product/r/e/reebok-reebok-engine-a-roheline-ddcn.jpg","","Reebok engine a korvpallijalatsid, mis on loodud tänapäevase mängu nõudmistele. kahekordse tihedusega energy return system vahetald ühendab lämmastikuga rikastatud superfloat drop-in sisetalla, kõrge tihedusega stability rim tugikihi ja tpu vahetalla aktsendi. vormitud exoskeleton pealisosa ja vormitud kannaosa hoiavad jalga paigal kiiretes suunamuutustes, jab sammudes ja läbimurretes. muudetud heeringalaua (herringbone) mustriga välistald tagab mitmesuunalise haardumise parkettpõrandal. madal s Vaata lähemalt ballzy.eu.","Women's Basketball Shoes","119.00 EUR","89.25 EUR","Reebok;Green;Basketball;in stock;Yes;Reebok;Male|Female","","","","","","","","",""
"IX1923_100_10_CNF","","A´two ds","http://ballzy.eu/et/product/a-two-ds-ix1923-100-10-cnf","http://backend.ballzy.eu/media/catalog/product/n/i/nike-a-two-ds-valge-i4kp.jpg","","Nike a'two „ride at da'wn“ – a'ja wilsoni korvpallijalatsid. eriiväljaanne, mis austab dawn staleyt ja tema 1999. aasta „zoom s5“ mudelit. cushlon 3.0 vahtvahetald annab amortisatsiooni ja reageerimisvõime, esiosas olev „air zoom“ üksus lisab hoogu esimesele sammule. herringbone mustri tallad aitavad pidurdada ja suunda muuta ning vastupidav pealisosa kohandub jalaga. madal lõige, klassikalised paelad. värv: valge/must. stiil: ix1923-100. Vaata lähemalt ballzy.eu.","Women's Basketball Shoes","159.00 EUR","119.25 EUR","Nike;White;Basketball;in stock;Yes;Nike;Male|Female","","","","","","","","",""
"IH7423_700_10_CNF","","Caitlin 1","http://ballzy.eu/et/product/caitlin-1-ih7423-700-10-cnf","http://backend.ballzy.eu/media/catalog/product/n/i/nike-caitlin-1-kollane-aimd.jpg","","Mängu muudab caitlin 1, caitlin clarki esimene signatuur-korvpallijalats. tema step-back loob ruumi hetkega ja esimene samm määrab tempo. tundlik air zoom turbo üksus koos cushlon-vahuga hoiab liikumise sujuvana ja kontrollituna ning uuenduslik nike opticast pealisosa pakub kerget, kindlalt fikseeritud tuge. signatuurdetailide hulgas on topelt swoosh logo, mis viitab tema initsiaalidele, kolmepunkti joon ning pealisosasse vormitud 22-d ja cc-d. mõlemal jalatsil on kiri ""it was never a long shot"" Vaata lähemalt ballzy.eu.","Men's Basketball Shoes","149.00 EUR","111.75 EUR","Nike;Yellow;Basketball;in stock;Yes;Nike;Male","","","","","","","","",""
"IH7423_400_10_CNF","","Caitlin 1","http://ballzy.eu/et/product/caitlin-1-ih7423-400-10-cnf","http://backend.ballzy.eu/media/catalog/product/n/i/nike-caitlin-1-mh3j.jpg","","Nike caitlin 1 ""caitlin blue"" on caitlin clarki debüütallkirja korvpallijalats, loodud mängijatele, kes loovad ruumi ja mängivad kiires tempos. nike opticast vormitud pealisosa pakub kerget, kindlalt kinnituvat tuge ja hingavust, samal ajal kui täispikkuses cushlon-vahtplastist vahetald koos eesmise air zoom turbo üksusega annab reageeriva amortisatsiooni kiireteks liikumisteks, step-back´ideks ja kiirrünnakuteks. iseloomulike detailidena on topelt-swoosh logo, mis viitab tema initsiaalidele ja  Vaata lähemalt ballzy.eu.","Women's Basketball Shoes","149.00 EUR","111.75 EUR","Nike;5980;Basketball;in stock;Yes;Nike;Male|Female","","","","","","","","",""
