item_id,title,description,url,image_url,brand,price,availability,seller_name,target_countries,is_eligible_search,is_eligible_checkout,is_ads_eligible
SX7622_100_S_CNF,U nk elite crew 132,"Nike elite crew' korvpallisokid toetavad tänu võlviribale jalga ja pehmendused strateegilistes kohtades summutavad põrutust, kui sa üle väljaku jooksed. dri-fit-i tehnoloogia aitab sul püsida kuiv ja tunda end mugavalt. Vaata lähemalt ballzy.eu.",https://ballzy.eu/et/product/u-nk-elite-crew-132-sx7622-100-s-cnf,https://backend.ballzy.eu/media/catalog/product/n/i/nike-u-nk-elite-crew-132-valge-89e1.jpg,Nike,17.00 EUR,in_stock,Streetbrand OÜ,EE,true,false,true
CQ2809_9_CNF,Gazelle,"A fan and streetwear favourite for a half century, this ´60s-era football trainer is not done yet. these shoes are a direct reissue of the 1991 upgraded gazelle, with authentic textures, materials and proportions. the upper is made of nubuck and features tonal trim and silver-coloured lettering. Vaata lähemalt ballzy.eu.",https://ballzy.eu/et/product/gazelle-cq2809-9-cnf,https://backend.ballzy.eu/media/catalog/product/a/d/adidas-gazelle-must-jglh.jpg,adidas Originals,109.00 EUR,in_stock,Streetbrand OÜ,EE,true,false,true
SX5544_100_S_CNF,U j everyday max ankl 3pr,Spordiriided ballzy veebipoest. Vaata lähemalt ballzy.eu.,https://ballzy.eu/et/product/u-j-everyday-max-ankl-3pr-sx5544-100-s-cnf,https://backend.ballzy.eu/media/catalog/product/4/m/4me1hlslkk9hpbqh.jpg,Nike,19.00 EUR,in_stock,Streetbrand OÜ,EE,true,false,true
SX5546_011_S_CNF,Jumpman no-show 3ppk,"Unisex jordan jumpman no-show socks (3 pair)unisex jordan jumpman no-show socks (3 pairs) are made with sweat-wicking fabric, mesh panels and arch compression for breathability and a snug, comfortable fit. the heel and toe are reinforced for durability and impact protection.dri-fit technology helps you stay dry and comfortable.mesh panels offer breathability.arch compression provides a snug, comfortable fit.heel and toe are reinforced for durability.righ Vaata lähemalt ballzy.eu.",https://ballzy.eu/et/product/jumpman-no-show-3ppk-sx5546-011-s-cnf,https://backend.ballzy.eu/media/catalog/product/o/p/op6o3foxzuxz1slbd4e4.jpg,Jordan,17.00 EUR,in_stock,Streetbrand OÜ,EE,true,false,true
SX5546_100_S_CNF,U j everyday max ns 3pr,"Unisex jordan jumpman no-show socks (3 pair)unisex jordan jumpman no-show socks (3 pairs) are made with sweat-wicking fabric, mesh panels and arch compression for breathability and a snug, comfortable fit. the heel and toe are reinforced for durability and impact protection.dri-fit technology helps you stay dry and comfortable.mesh panels offer breathability.arch compression provides a snug, comfortable fit.heel and toe are reinforced for durability.righ Vaata lähemalt ballzy.eu.",https://ballzy.eu/et/product/u-j-everyday-max-ns-3pr-sx5546-100-s-cnf,https://backend.ballzy.eu/media/catalog/product/j/o/jordan-u-j-everyday-max-ns-3pr-valge-cyby.jpg,Jordan,19.00 EUR,in_stock,Streetbrand OÜ,EE,true,false,true
B75806_8_CNF,Samba og,samba on sündinud väljakul ja on tänavastiili ajatu ikoon. need jalatsid jäävad oma pärandile truuks pehme nahast pealse ja mokkade kattekihiga. Vaata lähemalt ballzy.eu.,https://ballzy.eu/et/product/samba-og-b75806-8-cnf,https://backend.ballzy.eu/media/catalog/product/a/d/adidas-samba-og-valge-3plk.jpg,adidas Originals,129.00 EUR,in_stock,Streetbrand OÜ,EE,true,false,true
B75807_8_CNF,Samba og,samba on sündinud väljakul ja on tänavastiili ajatu ikoon. need jalatsid jäävad oma pärandile truuks pehme nahast pealse ja mokkade kattekihiga. Vaata lähemalt ballzy.eu.,https://ballzy.eu/et/product/samba-og-b75807-8-cnf,https://backend.ballzy.eu/media/catalog/product/a/d/adidas-samba-og-must-xptx.jpg,adidas Originals,129.00 EUR,in_stock,Streetbrand OÜ,EE,true,false,true
SX7664_100_S_CNF,U nk everyday cush crew 3 pairs,"nike everyday cushioned sokid annavad jõudu treeningule. higi ärajuhtiv tehnoloogia aitab sind kuivana ja jahedana hoida, samas kui paks froteepõhi annab sulle mugavust intensiivsete tõste ja lisakilomeetrite läbimiseks. sokkide paelaga kaetud kaareosa on su jala ümber mugav ja toetav. 3 paari pakend tähendab, et teil on alati varuplaan&hellip; toote omadused: nike dri-fit-tehnoloogia juhib higi nahast eemale, et see aurustuks kiiremini, aidates sul kuivana ja mugavalt püsida.'. Vaata lähemalt ballzy.eu.",https://ballzy.eu/et/product/u-nk-everyday-cush-crew-3-pairs-sx7664-100-s-cnf,https://backend.ballzy.eu/media/catalog/product/n/i/nike-u-nk-everyday-cush-crew-3-pairs-valge-0f5l.jpg,Nike,24.00 EUR,in_stock,Streetbrand OÜ,EE,true,false,true
SX5544_010_S_CNF,U j everyday max ankl 3pr,Spordiriided ballzy veebipoest. Vaata lähemalt ballzy.eu.,https://ballzy.eu/et/product/u-j-everyday-max-ankl-3pr-sx5544-010-s-cnf,https://backend.ballzy.eu/media/catalog/product/j/o/jordan-u-j-everyday-max-ankl-3pr-must-ydap.jpg,Jordan,17.00 EUR,in_stock,Streetbrand OÜ,EE,true,false,true
S20274_3942_CNF,Trefoil liner socks 3 pairs,"trefoil liner sokid annavad igapäevaelus kasutatavatele põhisokkidele originaalsust. need sokid on lõigatud nii, et neid ei oleks näha, kui neid kantakse koos tossudega, ning need on valmistatud kergelt venivast puuvillast ja nende jalapealsel on trefoil kujutis. Vaata lähemalt ballzy.eu.",https://ballzy.eu/et/product/trefoil-liner-socks-3-pairs-s20274-3942-cnf,https://backend.ballzy.eu/media/catalog/product/a/d/adidas-trefoil-liner-socks-3-pairs-must-5iti.jpg,adidas Originals,12.00 EUR,in_stock,Streetbrand OÜ,EE,true,false,true
12122742_OSFM_CNF,Essential 940 wmns new york yankees,Spordiriided ballzy veebipoest. Vaata lähemalt ballzy.eu.,https://ballzy.eu/et/product/essential-940-wmns-new-york-yankees-12122742-osfm-cnf,https://backend.ballzy.eu/media/catalog/product/n/e/newera-essential-940-wmns-new-york-yankees-must-lz0b.jpg,New Era,29.00 EUR,in_stock,Streetbrand OÜ,EE,true,false,true
162050C_001_10_CNF,Chuck 70 hi,Spordiriided ballzy veebipoest. Vaata lähemalt ballzy.eu.,https://ballzy.eu/et/product/chuck-70-hi-162050c-001-10-cnf,https://backend.ballzy.eu/media/catalog/product/c/o/converse-chuck-70-hi-must-hmah.jpg,Converse,94.00 EUR,in_stock,Streetbrand OÜ,EE,true,false,true
162058C_001_10_CNF,Chuck 70 ox,Spordiriided ballzy veebipoest. Vaata lähemalt ballzy.eu.,https://ballzy.eu/et/product/chuck-70-ox-162058c-001-10-cnf,https://backend.ballzy.eu/media/catalog/product/c/o/converse-chuck-70-ox-must-bgq3.jpg,Converse,89.00 EUR,in_stock,Streetbrand OÜ,EE,true,false,true
SX7676_010_S_CNF,U nk everyday ltwt crew 3pr,higi imav mugavus./>läbi oma treening nike'i igapäevaste sokkidega. peened niidid koos higi imava tehnoloogiaga aitavad hoida su jalad mugavatena ja kuivadena.dri-fit tehnoloogia aitab hoida su jalad kuivana ja mugavana.crew stiil katab su pahkluu ja sääre alumise sääre.soonikud aitavad sokke paigal hoida.võlvi ümber on liibuv ja toetav riba. Vaata lähemalt ballzy.eu.,https://ballzy.eu/et/product/u-nk-everyday-ltwt-crew-3pr-sx7676-010-s-cnf,https://backend.ballzy.eu/media/catalog/product/n/i/nike-u-nk-everyday-ltwt-crew-3pr-must-vstx.jpg,Nike,19.00 EUR,in_stock,Streetbrand OÜ,EE,true,false,true
SX7676_100_S_CNF,U nk everyday ltwt crew 3pr,higi imav mugavus./>läbi oma treening nike'i igapäevaste sokkidega. peened niidid koos higi imava tehnoloogiaga aitavad hoida su jalad mugavatena ja kuivadena.dri-fit tehnoloogia aitab hoida su jalad kuivana ja mugavana.crew stiil katab su pahkluu ja sääre alumise sääre.soonikud aitavad sokke paigal hoida.võlvi ümber on liibuv ja toetav riba. Vaata lähemalt ballzy.eu.,https://ballzy.eu/et/product/u-nk-everyday-ltwt-crew-3pr-sx7676-100-s-cnf,https://backend.ballzy.eu/media/catalog/product/n/i/nike-u-nk-everyday-ltwt-crew-3pr-valge-1ir8.jpg,Nike,19.00 EUR,in_stock,Streetbrand OÜ,EE,true,false,true
SX7677_010_S_CNF,U nk everyday ltwt ankle 3pr,Nike everyday lightweighti sokkidega sööstad võimsalt läbi oma treeningu. pehme kangas ja higiimav tehnoloogia hoiavad su jalad mugava ning kuivana. Vaata lähemalt ballzy.eu.,https://ballzy.eu/et/product/u-nk-everyday-ltwt-ankle-3pr-sx7677-010-s-cnf,https://backend.ballzy.eu/media/catalog/product/n/i/nike-u-nk-everyday-ltwt-ankle-3pr-must-adp8.jpg,Nike,19.00 EUR,in_stock,Streetbrand OÜ,EE,true,false,true
SX7677_100_S_CNF,U nk ed ltwt ankle 3p 132,Nike everyday lightweighti sokkidega sööstad võimsalt läbi oma treeningu. pehme kangas ja higiimav tehnoloogia hoiavad su jalad mugava ning kuivana. Vaata lähemalt ballzy.eu.,https://ballzy.eu/et/product/u-nk-ed-ltwt-ankle-3p-132-sx7677-100-s-cnf,https://backend.ballzy.eu/media/catalog/product/n/i/nike-u-nk-everyday-ltwt-ankle-3pr-valge-1ek5.jpg,Nike,19.00 EUR,in_stock,Streetbrand OÜ,EE,true,false,true
CP003_CNF,Crep protect - wipes 12 sachets,12 wipes per tin. individually sealed for freshness. travel size wipes perfect for those unexpected marks when you’re on the move. smooth side for general cleaning and textured side for tougher marks. cotton fresh scented. Vaata lähemalt ballzy.eu.,https://ballzy.eu/et/product/crep-protect-wipes-12-sachets-cp003-cnf,https://backend.ballzy.eu/media/catalog/product/c/r/crep-protect-crep-protect-wipes-12-sachets-multicolor-aihz.jpg,Crep Protect,9.00 EUR,in_stock,Streetbrand OÜ,EE,true,false,true
CP019_CNF,Crep protect mark-on black midsole custom pen,The ultimate midsole custom pen. restore the fresh look of your midsoles or simply switch up the colours! Vaata lähemalt ballzy.eu.,https://ballzy.eu/et/product/crep-protect-mark-on-black-midsole-custom-pen-cp019-cnf,https://backend.ballzy.eu/media/catalog/product/c/r/crep-protect-crep-protect-mark-on-black-midsole-custom-pen-multicolor-rgub.jpg,Crep Protect,15.00 EUR,in_stock,Streetbrand OÜ,EE,true,false,true
CK6784_010_S_CNF,Lbj u nk elt crew,Spordiriided ballzy veebipoest. Vaata lähemalt ballzy.eu.,https://ballzy.eu/et/product/lbj-u-nk-elt-crew-ck6784-010-s-cnf,https://backend.ballzy.eu/media/catalog/product/n/i/nike-lbj-u-nk-elt-crew-must-nmrk.jpg,Nike,14.00 EUR,in_stock,Streetbrand OÜ,EE,true,false,true
BD7632_7.5_CNF,Handball spezial,"esmakordselt 1979. aastal eliitkäsipallurite jaoks kasutusele võetud kingad on nüüdseks armastatud oma klassikalise stiili tõttu. see versioon on valmistatud lehma mokkast pealsest, mis tagab paindliku tunde. pehme kummist välistald hoiab neid oma vintage-juurtele truuks. Vaata lähemalt ballzy.eu.",https://ballzy.eu/et/product/handball-spezial-bd7632-7-5-cnf,https://backend.ballzy.eu/media/catalog/product/a/d/adidas-handball-spezial-valge-kkrz.jpg,adidas Originals,119.00 EUR,in_stock,Streetbrand OÜ,EE,true,false,true
CW2288_111_8.5_CNF,Air force 1 ´07,"legendaarne stiil refined&hellip; sära elab edasi nike air force 1 ´07-s, b-palli og-s, mis paneb värske pöörde sellele, mida tunned kõige paremini: vastupidavad õmblused, puhas viimistlus ja täiuslik kogus välku, mis paneb sind särama&hellip; tooteomadused: nike air pehmendus lisab kerget ja kogu päeva kestvat mugavust&hellip; madalalt lõigatud siluett lisab puhta ja voolujoonelise välimuse&hellip; pehmendusega krae on pehme ja mugav&hellip; toote omadused alapealkirjad: pehmend Vaata lähemalt ballzy.eu.",https://ballzy.eu/et/product/air-force-1-07-cw2288-111-8-5-cnf,https://backend.ballzy.eu/media/catalog/product/n/i/nike-air-force-1-07-valge-cmp1.jpg,Nike,134.00 EUR,in_stock,Streetbrand OÜ,EE,true,false,true
VN000EYEW001_090_CNF,Ua classic slip-on,Spordiriided ballzy veebipoest. Vaata lähemalt ballzy.eu.,https://ballzy.eu/et/product/ua-classic-slip-on-vn000eyew001-090-cnf,https://backend.ballzy.eu/media/catalog/product/v/a/vans-ua-classic-slip-on-valge-qqbr.jpg,Vans,69.00 EUR,in_stock,Streetbrand OÜ,EE,true,false,true
60113286_OSFM_CNF,Face mask new york yankees,Spordiriided ballzy veebipoest. Vaata lähemalt ballzy.eu.,https://ballzy.eu/et/product/face-mask-new-york-yankees-60113286-osfm-cnf,https://backend.ballzy.eu/media/catalog/product/n/e/newera-face-mask-neyyan-must-7gd8.jpg,New Era,19.00 EUR,in_stock,Streetbrand OÜ,EE,true,false,true
DA2123_100_S_CNF,U nk ed crew bball 3pr 144,"peatamatule mängijale./>tugevda oma mängu nike igapäevaste polsterdatud sokkidega. jalataldade polsterdus pakub mugavust väljakul, samal ajal kui jala võlvi soonik ümbritseb su jala keskosa toetava tunde tekitamiseks.dri-fit tehnoloogia aitab hoida jalad kuivana ja mugavana.jalataldade pehmendus tagab mugavuse.soonik jalavõlvi osa pakub toetavat tunnet.crew-stiilis siluett katab su pahkluu ja alumist säärt. Vaata lähemalt ballzy.eu.",https://ballzy.eu/et/product/u-nk-ed-crew-bball-3pr-144-da2123-100-s-cnf,https://backend.ballzy.eu/media/catalog/product/n/i/nike-u-nk-crew-everyday-bball-3pr-valge-loy3.jpg,Nike,27.00 EUR,in_stock,Streetbrand OÜ,EE,true,false,true
DH2920_111_4Y_CNF,Air force 1 le gs,"salute to a legendale&hellip; sellest ongi legendid tehtud. nike air force 1 le toob tagasi 82. aasta kõvapuu ikooni igapäevaseks stiiliks, mis on täielikult valge või täielikult must. vastupidavus, tunnetus ja air on endiselt olemas neile, kes armastavad klassikalist&hellip; toote omadused: ehtne ja sünteetiline nahk on vastupidav ja kergesti puhastatav&hellip; varjatud air-põhjaüksus pakub klassikalist pehmendust&hellip; kummist tald toob vastupidava haardumise&hellip; toote om Vaata lähemalt ballzy.eu.",https://ballzy.eu/et/product/air-force-1-le-gs-dh2920-111-4y-cnf,https://backend.ballzy.eu/media/catalog/product/n/i/nike-air-force-1-le-gs-valge-rwos.jpg,Nike,109.00 EUR,in_stock,Streetbrand OÜ,EE,true,false,true
CZ5478_001_7_CNF,Nike victori one shower slide,"libise mugavusse.oled mänginud tubli mängu. oled kõvasti higistanud. oled andnud endast kõik. nüüd on jäänud ainult üks asi veel – pead duši all ära käima. ära muretse, oleme sulle nike'i victori one'i plätudega abiks. ühes tükis vahtkummist plätu on pehme ja mugav ning haakumist soodustav muster talla all ei lase sul märjal pinnal libiseda. lisaks kuivavad plätud kiiresti, seega ei oska keegi aimata, et tulid just duši alt, kui peole tormad.ühes tükis vahtkummist plät Vaata lähemalt ballzy.eu.",https://ballzy.eu/et/product/nike-victori-one-shower-slide-cz5478-001-7-cnf,https://backend.ballzy.eu/media/catalog/product/n/i/nike-nike-victori-one-shower-slide-must-2wnc.jpg,Nike,29.00 EUR,in_stock,Streetbrand OÜ,EE,true,false,true
VN000D3HY281_050_CNF,Ua old skool,Spordiriided ballzy veebipoest. Vaata lähemalt ballzy.eu.,https://ballzy.eu/et/product/ua-old-skool-vn000d3hy281-050-cnf,https://backend.ballzy.eu/media/catalog/product/v/a/vans-ua-old-skool-must-rmxf.jpg,Vans,79.00 EUR,in_stock,Streetbrand OÜ,EE,true,false,true
SX4863_101_S_CNF,W nk evry ltwt foot 3pr,"mugavad ja lhellip; nike everyday lightweight footie sokid on valmistatud võrgust ja venivast puuvillasegust, mis tagab hingavuse ja mugava, pehme tunde&hellip; toote omadused: higi eemaldav kangas aitab sul kuivana ja mugavalt püsida&hellip; võrgupaneelid aitavad hoida jalad jahedana&hellip; tugevdatud varbad lisavad vastupidavust&hellip; toote omaduste alajaotused: tootedetailid: 71% puuvill/26% nailon/2-3% spandex/0-1% metallist kiud. materjalide protsendid võivad erineda. kon Vaata lähemalt ballzy.eu.",https://ballzy.eu/et/product/w-nk-evry-ltwt-foot-3pr-sx4863-101-s-cnf,https://backend.ballzy.eu/media/catalog/product/n/i/nike-w-nk-evry-ltwt-foot-3pr-valge-lzmz.jpg,Nike,14.00 EUR,in_stock,Streetbrand OÜ,EE,true,false,true
SX7667_010_S_CNF,U nk everyday cush ankle 3pr,"mugavus ja toestus./>läbi oma treeningud nike everyday cushioned socks sokkidega. paks terry tallaosa annab sulle lisamugavust jalgade harjutuste ja tõstete jaoks, samal ajal kui võlvi ümber on liibuv ja toetav riba ekstrateotuse jaoks.dri-fit tehnoloogia aitab hoida su jalad kuivana ja mugavana.paks terry tallaosa pakub mugavust ja põrutuse neeldumist.võlvi ümber olev riba annab toetava tunde.1/4-pikkusega lõige katab su pahkluu. Vaata lähemalt ballzy.eu.",https://ballzy.eu/et/product/u-nk-everyday-cush-ankle-3pr-sx7667-010-s-cnf,https://backend.ballzy.eu/media/catalog/product/n/i/nike-u-nk-everyday-cush-ankle-3pr-must-amou.jpg,Nike,19.00 EUR,in_stock,Streetbrand OÜ,EE,true,false,true
DA5718_100_S_CNF,U j essential crew 3pr - 144,"igapäevane jalanõude kaaslane./>jordan essentials crew sokid on pehmed ja venivad, tagades toetava sobivuse ning jala all on kootud pehmendus. komplektis on 3 paari sokke, mis annavad sulle valmiduse peaaegu pooleks nädalaks. Vaata lähemalt ballzy.eu.",https://ballzy.eu/et/product/u-j-essential-crew-3pr-144-da5718-100-s-cnf,https://backend.ballzy.eu/media/catalog/product/j/o/jordan-u-jordan-essential-crew-3pr-valge-c6cm.jpg,Jordan,24.00 EUR,in_stock,Streetbrand OÜ,EE,true,false,true
VN000EYEBWW1_040_CNF,Ua classic slip-on,Spordiriided ballzy veebipoest. Vaata lähemalt ballzy.eu.,https://ballzy.eu/et/product/ua-classic-slip-on-vn000eyebww1-040-cnf,https://backend.ballzy.eu/media/catalog/product/v/a/vans-ua-classic-slip-on-multicolor-rk1e.jpg,Vans,69.00 EUR,in_stock,Streetbrand OÜ,EE,true,false,true
DK0A4XP3BLK1_L_CNF,Alatna,"Alatna jacket on naiste puhvjakk, mis on loodud sooja hoidmiseks, kui temperatuur langeb. selle pehme ja veekindel kest lukustab soojust ja sellel on käepärased taskud oma hädavajalike asjade kandmiseks. Vaata lähemalt ballzy.eu.",https://ballzy.eu/et/product/alatna-dk0a4xp3blk1-l-cnf,https://backend.ballzy.eu/media/catalog/product/d/i/dickies-alatna-must-39ic.jpg,Dickies,154.00 EUR,in_stock,Streetbrand OÜ,EE,true,false,true
80468932_OSFA_CNF,Mlb league ess 940 yankees,Spordiriided ballzy veebipoest. Vaata lähemalt ballzy.eu.,https://ballzy.eu/et/product/mlb-league-ess-940-yankees-80468932-osfa-cnf,https://backend.ballzy.eu/media/catalog/product/n/e/newera-mlb-league-ess-940-yankees-must-d4nv.jpg,New Era,29.00 EUR,in_stock,Streetbrand OÜ,EE,true,false,true
DH5485_601_S_CNF,U nk everyday ankle 1pk - 144,"töötavad välja rõveduse pärast. kombineerides pehmed lõngad higi äravoolava võimsusega, aitavad need narmastatud mansetiga sokid hoida jalad treeningute ajal kuivana ja mugavalt, ohverdamata seejuures stiili… tooteomadused: dri-fit tehnoloogia aitab hoida jalad kuivana ja mugavalt… kootud lõngad tunduvad jalgade vastu pehmed… toote omaduste alajaotused: tootedetailid: 85% polüester/13% nailon/2% elastaani… masinpesu. imporditud. Vaata lähemalt ballzy.eu.",https://ballzy.eu/et/product/u-nk-everyday-ankle-1pk-144-dh5485-601-s-cnf,https://backend.ballzy.eu/media/catalog/product/n/i/nike-u-nk-everyday-ankle-1pk-144-roosa-gf9w.jpg,Nike,17.00 EUR,in_stock,Streetbrand OÜ,EE,true,false,true
DK0A4XDAWHX1_XS_CNF,Ss mapleton t-shirt w,Spordiriided ballzy veebipoest. Vaata lähemalt ballzy.eu.,https://ballzy.eu/et/product/ss-mapleton-t-shirt-w-dk0a4xdawhx1-xs-cnf,https://backend.ballzy.eu/media/catalog/product/d/i/dickies-ss-mapleton-t-shirt-w-multicolor-rmyr.jpg,Dickies,29.00 EUR,in_stock,Streetbrand OÜ,EE,true,false,true
VN000D3HBKA1_130_CNF,Ua old skool,Spordiriided ballzy veebipoest. Vaata lähemalt ballzy.eu.,https://ballzy.eu/et/product/ua-old-skool-vn000d3hbka1-130-cnf,https://backend.ballzy.eu/media/catalog/product/v/a/vans-ua-old-skool-must-x1er.jpg,Vans,84.00 EUR,in_stock,Streetbrand OÜ,EE,true,false,true
DX5074_010_M_CNF,U nk nsw everyday essential an,Nike everyday essentiali sokid on kerged ja mitmekülgsed ning neid saa kanda erinevate tegevustega. nad tunduvad jalas pehmed ja nende õhku läbilaskev silmkoes kangas pakub kogu päeva kestvat mugavust. see toode on valmistatud vähemalt 75% taaskasutatud polüesterkiududest. Vaata lähemalt ballzy.eu.,https://ballzy.eu/et/product/u-nk-nsw-everyday-essential-an-dx5074-010-m-cnf,https://backend.ballzy.eu/media/catalog/product/n/i/nike-u-nk-nsw-everyday-essential-an-must-ba5c.jpg,Nike,19.00 EUR,in_stock,Streetbrand OÜ,EE,true,false,true
DX5074_101_M_CNF,U nk nsw everyday essential an,Nike everyday essentiali sokid on kerged ja mitmekülgsed ning neid saa kanda erinevate tegevustega. nad tunduvad jalas pehmed ja nende õhku läbilaskev silmkoes kangas pakub kogu päeva kestvat mugavust. see toode on valmistatud vähemalt 75% taaskasutatud polüesterkiududest. Vaata lähemalt ballzy.eu.,https://ballzy.eu/et/product/u-nk-nsw-everyday-essential-an-dx5074-101-m-cnf,https://backend.ballzy.eu/media/catalog/product/n/i/nike-u-nk-nsw-everyday-essential-an-valge-hn5b.jpg,Nike,19.00 EUR,in_stock,Streetbrand OÜ,EE,true,false,true
DX5075_100_L_CNF,U nk nsw everyday essential ns,"Sportlikust vaatevinklist ajendatud nike sportswear essentiali madalad sokid on kerged, ülimadalad ja pehmed, sobides igapäevaseks kandmiseks. see toode on valmistatud vähemalt 75% taaskasutatud polüesterkiududest. Vaata lähemalt ballzy.eu.",https://ballzy.eu/et/product/u-nk-nsw-everyday-essential-ns-dx5075-100-l-cnf,https://backend.ballzy.eu/media/catalog/product/n/i/nike-u-nk-nsw-everyday-essential-ns-valge-cbxu.jpg,Nike,19.00 EUR,in_stock,Streetbrand OÜ,EE,true,false,true
LAH91014_BK_OSZ_CNF,6-panel curved brim nb classic hat,Spordiriided ballzy veebipoest. Vaata lähemalt ballzy.eu.,https://ballzy.eu/et/product/6-panel-curved-brim-nb-classic-hat-lah91014-bk-osz-cnf,https://backend.ballzy.eu/media/catalog/product/n/e/new-balance-6-panel-curved-brim-nb-classic-hat-must-gowi.jpg,New Balance,24.00 EUR,in_stock,Streetbrand OÜ,EE,true,false,true
162056C_102_10_CNF,Chuck 70 hi,Spordiriided ballzy veebipoest. Vaata lähemalt ballzy.eu.,https://ballzy.eu/et/product/chuck-70-hi-162056c-102-10-cnf,https://backend.ballzy.eu/media/catalog/product/c/o/converse-chuck-70-hi-valge-jqat.jpg,Converse,99.00 EUR,in_stock,Streetbrand OÜ,EE,true,false,true
DK0A4XB2BLK1_S_CNF,Pelican rapids,Spordiriided ballzy veebipoest. Vaata lähemalt ballzy.eu.,https://ballzy.eu/et/product/pelican-rapids-dk0a4xb2blk1-s-cnf,https://backend.ballzy.eu/media/catalog/product/d/i/dickies-pelican-rapids-must-iptw.jpg,Dickies,59.00 EUR,in_stock,Streetbrand OÜ,EE,true,false,true
DK0A4XK7CH01_S_CNF,Work shirt ss rec,Spordiriided ballzy veebipoest. Vaata lähemalt ballzy.eu.,https://ballzy.eu/et/product/work-shirt-ss-rec-dk0a4xk7ch01-s-cnf,https://backend.ballzy.eu/media/catalog/product/d/i/dickies-work-shirt-ss-rec-hall-m5nq.jpg,Dickies,59.00 EUR,in_stock,Streetbrand OÜ,EE,true,false,true
DX5075_911_L_CNF,U nk nsw everyday essential ns,"täiendatud kõikse päeva&hellip; nike sportswear essential ankle socks on disainitud spordi objektiivi kaudu, kerged, ei näita stiili ja pehme tundega, mis on valmis igapäevaseks kandmiseks. see toode on valmistatud vähemalt 75% ulatuses ümbertöödeldud polüesterkiududest&hellip; toote omadused: no-show siluett tagab madala profiili&hellip; kaarepael kontuurib ümber jala, et tagada kindel istuvus&hellip; toote omaduste alapealkirjad: tootedetailid: 98% polüester/2% elastaani. masin Vaata lähemalt ballzy.eu.",https://ballzy.eu/et/product/u-nk-nsw-everyday-essential-ns-dx5075-911-l-cnf,https://backend.ballzy.eu/media/catalog/product/n/i/nike-u-nk-nsw-everyday-essential-ns-valge-fqrv.jpg,Nike,19.00 EUR,in_stock,Streetbrand OÜ,EE,true,false,true
CP017_CNF,Crep protect - mark-on white,Spordiriided ballzy veebipoest. Vaata lähemalt ballzy.eu.,https://ballzy.eu/et/product/crep-protect-mark-on-white-cp017-cnf,https://backend.ballzy.eu/media/catalog/product/c/r/crep-protect-crep-protect-mark-on-white-multicolor-alrz.jpg,Crep Protect,17.00 EUR,in_stock,Streetbrand OÜ,EE,true,false,true
CP018_CNF,Crep protect - ultimate box pack,Spordiriided ballzy veebipoest. Vaata lähemalt ballzy.eu.,https://ballzy.eu/et/product/crep-protect-ultimate-box-pack-cp018-cnf,https://backend.ballzy.eu/media/catalog/product/c/r/crep-protect-crep-protect-ultimate-box-pack-multicolor-on8i.jpg,Crep Protect,49.00 EUR,in_stock,Streetbrand OÜ,EE,true,false,true
CP031_CNF,Crep protect - sneaker shields s,Spordiriided ballzy veebipoest. Vaata lähemalt ballzy.eu.,https://ballzy.eu/et/product/crep-protect-sneaker-shields-s-cp031-cnf,https://backend.ballzy.eu/media/catalog/product/c/r/crep-protect-crep-protect-sneaker-shields-s-multicolor-h8jk.jpg,Crep Protect,12.00 EUR,in_stock,Streetbrand OÜ,EE,true,false,true
DX5025_100_S_CNF,U nk nsw everyday essential cr,"pehmed poolpikad sokid./>nike'i nike sportswear everyday essential sokid on valmistatud pehmest ja venivast kangast, mis kohandub sinu jalaga, tagades mugavuse kogu päevaks. see toode on tehtud vähemalt 75% ulatuses taaskasutatud polüesterkiududest.dri-fit tehnoloogia aitab hoida su jalad kuivad ja mugavad.tugevdatud kand ja varbaosa pakuvad vastupidavust.strateegiliselt paigutatud võrk materjal lisab hingavust. Vaata lähemalt ballzy.eu.",https://ballzy.eu/et/product/u-nk-nsw-everyday-essential-cr-dx5025-100-s-cnf,https://backend.ballzy.eu/media/catalog/product/n/i/nike-u-nk-nsw-everyday-essential-cr-valge-mdik.jpg,Nike,19.00 EUR,in_stock,Streetbrand OÜ,EE,true,false,true
DB3021_11.5_CNF,Handball spezial,"esmakordselt 1979. aastal eliitkäsipallurite jaoks kasutusele võetud kingad on nüüdseks armastatud oma klassikalise stiili tõttu. see versioon on valmistatud lehma mokkast pealsest, mis tagab paindliku tunde. pehme kummist välistald hoiab neid oma vintage-juurtele truuks. Vaata lähemalt ballzy.eu.",https://ballzy.eu/et/product/handball-spezial-db3021-11-5-cnf,https://backend.ballzy.eu/media/catalog/product/a/d/adidas-handball-spezial-must-e1be.jpg,adidas Originals,119.00 EUR,in_stock,Streetbrand OÜ,EE,true,false,true
I030014_89XX_S_CNF,Hewitt vest,Spordiriided ballzy veebipoest. Vaata lähemalt ballzy.eu.,https://ballzy.eu/et/product/hewitt-vest-i030014-89xx-s-cnf,https://backend.ballzy.eu/media/catalog/product/c/a/carhartt-hewitt-vest-must-wxqe.jpg,Carhartt WIP,189.00 EUR,in_stock,Streetbrand OÜ,EE,true,false,true
10001_100_41_CNF,Classic,Spordiriided ballzy veebipoest. Vaata lähemalt ballzy.eu.,https://ballzy.eu/et/product/classic-10001-100-41-cnf,https://backend.ballzy.eu/media/catalog/product/c/r/crocs-classic-valge-aqef.jpg,Crocs,54.00 EUR,in_stock,Streetbrand OÜ,EE,true,false,true
I030018_NOXX_S_CNF,Montana jacket,Spordiriided ballzy veebipoest. Vaata lähemalt ballzy.eu.,https://ballzy.eu/et/product/montana-jacket-i030018-noxx-s-cnf,https://backend.ballzy.eu/media/catalog/product/c/a/carhartt-montana-jacket-roheline-vvt0.jpg,Carhartt WIP,189.00 EUR,in_stock,Streetbrand OÜ,EE,true,false,true
DX5075_010_S_CNF,U nk nsw everyday essential ns,"täiendatud kõikse päeva&hellip; nike sportswear essential ankle socks on disainitud spordi objektiivi kaudu, kerged, ei näita stiili ja pehme tundega, mis on valmis igapäevaseks kandmiseks. see toode on valmistatud vähemalt 75% ulatuses ümbertöödeldud polüesterkiududest&hellip; toote omadused: no-show siluett tagab madala profiili&hellip; kaarepael kontuurib ümber jala, et tagada kindel istuvus&hellip; toote omaduste alapealkirjad: tootedetailid: 98% polüester/2% elastaani. masin Vaata lähemalt ballzy.eu.",https://ballzy.eu/et/product/u-nk-nsw-everyday-essential-ns-dx5075-010-s-cnf,https://backend.ballzy.eu/media/catalog/product/n/i/nike-u-nk-nsw-everyday-essential-ns-must-ej20.jpg,Nike,19.00 EUR,in_stock,Streetbrand OÜ,EE,true,false,true
SX7678_100_M_CNF,U nk everyday ltwt ns 3pr 132,Nike everyday lightweighti sokkidega sööstad võimsalt läbi oma treeningu. pehme kangas ja higiimav tehnoloogia hoiavad su jalad mugava ning kuivana. Vaata lähemalt ballzy.eu.,https://ballzy.eu/et/product/u-nk-everyday-ltwt-ns-3pr-132-sx7678-100-m-cnf,https://backend.ballzy.eu/media/catalog/product/n/i/nike-u-nk-everyday-ltwt-ns-3pr-valge-mvmj.jpg,Nike,19.00 EUR,in_stock,Streetbrand OÜ,EE,true,false,true
I026391_00MXX_XS_CNF,S/s chase t-shirt,Spordiriided ballzy veebipoest. Vaata lähemalt ballzy.eu.,https://ballzy.eu/et/product/s-s-chase-t-shirt-i026391-00mxx-xs-cnf,https://backend.ballzy.eu/media/catalog/product/c/a/carhartt-s-s-chase-t-shirt-hall-fxvw.jpg,Carhartt WIP,39.00 EUR,in_stock,Streetbrand OÜ,EE,true,false,true
CQ9512_010_MISC_CNF,U nsw h86 cap jdi wash cap,Spordiriided ballzy veebipoest. Vaata lähemalt ballzy.eu.,https://ballzy.eu/et/product/u-nsw-h86-cap-jdi-wash-cap-cq9512-010-misc-cnf,https://backend.ballzy.eu/media/catalog/product/n/i/nike-u-nsw-h86-cap-jdi-wash-cap-must-zwl6.jpg,Nike,29.00 EUR,in_stock,Streetbrand OÜ,EE,true,false,true
DM0211_100_8_CNF,Air force 1 ´07 fresh,"legendaarne stiil muutub värskeks&hellip; vananemist ei saa peatada, kuid air force 1 ""fresh"" jõuab sellele üsna lähedale. pehme, tekstuurne nahk aitab varjata kortsumist ja seda on lihtne puhastada. debossitud kaubamärgiga, mis asendab kootud sildid, paarib lisapaelad, nii et saate rahulikult seda marmelaadifunkrit süüa. ja perforeeritud sokkpolster hoiab selle õhulisuse ja hingavuse. nüüd ei ole tõesti mingit põhjust, miks mitte rokkida valgeid valgeid&hellip; tooteomadused: pe Vaata lähemalt ballzy.eu.",https://ballzy.eu/et/product/air-force-1-07-fresh-dm0211-100-8-cnf,https://backend.ballzy.eu/media/catalog/product/n/i/nike-air-force-1-07-fresh-valge-sopp.jpg,Nike,134.00 EUR,in_stock,Streetbrand OÜ,EE,true,false,true
I030992_00EXX_S_CNF,Script belt,Spordiriided ballzy veebipoest. Vaata lähemalt ballzy.eu.,https://ballzy.eu/et/product/script-belt-i030992-00exx-s-cnf,https://backend.ballzy.eu/media/catalog/product/c/a/carhartt-script-belt-must-ge77.jpg,Carhartt WIP,69.00 EUR,in_stock,Streetbrand OÜ,EE,true,false,true
MR530SG_8_CNF,New balance 530,The 530 men’s sneaker is a throwback of one of our classic running shoes. this casual kick combines everyday style with modern tech. abzorb cushioning underfoot adds superior comfort. Vaata lähemalt ballzy.eu.,https://ballzy.eu/et/product/new-balance-530-mr530sg-8-cnf,https://backend.ballzy.eu/media/catalog/product/n/e/new-balance-new-balance-530-valge-vzqo.jpg,New Balance,124.00 EUR,in_stock,Streetbrand OÜ,EE,true,false,true
DH2925_111_10.5C_CNF,Force 1 le ps,"salute to a legendale&hellip; sellest ongi legendid tehtud. nike force 1 le toob tagasi 82. aasta kõvapuu ikooni igapäevaseks stiiliks, mis on kas täielikult valge või täielikult must. lase vastupidavusel, pehmendusel ja tunnetusel tutvustada väikestele jalgadele klassikalist&hellip; toote omadused: ehtne ja sünteetiline nahk on vastupidav ja kergesti puhastatav&hellip; pehme vaht annab klassikalise pehmenduse&hellip; kummist tald toob vastupidava haardumise&hellip; toote omadust Vaata lähemalt ballzy.eu.",https://ballzy.eu/et/product/force-1-le-ps-dh2925-111-10-5c-cnf,https://backend.ballzy.eu/media/catalog/product/n/i/nike-force-1-le-ps-valge-hpie.jpg,Nike,79.00 EUR,in_stock,Streetbrand OÜ,EE,true,false,true
DK0A4XK9CH01_30_30_CNF,872 work pant rec,Spordiriided ballzy veebipoest. Vaata lähemalt ballzy.eu.,https://ballzy.eu/et/product/872-work-pant-rec-dk0a4xk9ch01-30-30-cnf,https://backend.ballzy.eu/media/catalog/product/d/i/dickies-872-work-pant-rec-hall-m4ha.jpg,Dickies,79.00 EUR,in_stock,Streetbrand OÜ,EE,true,false,true
DK0A4XYLC151_28_CNF,Thomasville denim w,Spordiriided ballzy veebipoest. Vaata lähemalt ballzy.eu.,https://ballzy.eu/et/product/thomasville-denim-w-dk0a4xylc151-28-cnf,https://backend.ballzy.eu/media/catalog/product/d/i/dickies-thomasville-denim-w-sinine-gukq.jpg,Dickies,89.00 EUR,in_stock,Streetbrand OÜ,EE,true,false,true
DK0A4XYXA281_XS_CNF,Summerdale sweatshirt w,Spordiriided ballzy veebipoest. Vaata lähemalt ballzy.eu.,https://ballzy.eu/et/product/summerdale-sweatshirt-w-dk0a4xyxa281-xs-cnf,https://backend.ballzy.eu/media/catalog/product/d/i/dickies-summerdale-sweatshirt-w-hall-1s6c.jpg,Dickies,69.00 EUR,in_stock,Streetbrand OÜ,EE,true,false,true
DK0A4Y1BBLK1_XS_CNF,Summerdale tee ss w,Spordiriided ballzy veebipoest. Vaata lähemalt ballzy.eu.,https://ballzy.eu/et/product/summerdale-tee-ss-w-dk0a4y1bblk1-xs-cnf,https://backend.ballzy.eu/media/catalog/product/d/i/dickies-summerdale-tee-ss-w-must-us1v.jpg,Dickies,39.00 EUR,in_stock,Streetbrand OÜ,EE,true,false,true
DH5463_903_S_CNF,U nk everyday plus cush footie,"low-profile comfort plus support&hellip; nike everyday plus cushioned socks toovad treeningusse mugavust tänu lisapehmendusele kanna ja esijala all ning mugavale, toetavale kaarepaelale. higi äravoolavus ja hingavus üleval aitavad hoida jalad kuivana ja jahedana, et aidata teil läbi teha täiendav sari&hellip; toote omadused: dri-fit-tehnoloogia aitab jalgadel kuivana ja mugavalt püsida&hellip; vöörihma ümbritsev rihm tundub mugav ja toetav&hellip; hingav kudumismuster ülaosas lis Vaata lähemalt ballzy.eu.",https://ballzy.eu/et/product/u-nk-everyday-plus-cush-footie-dh5463-903-s-cnf,https://backend.ballzy.eu/media/catalog/product/n/i/nike-u-nk-everyday-plus-cush-footie-valge-djvb.jpg,Nike,19.00 EUR,in_stock,Streetbrand OÜ,EE,true,false,true
DN2555_010_MISC_CNF,Nk elmntl prm bkpk,"Stiilne, kaasaegne ja vastupidavast polüestrist valmistatud nike elementali seljakott on lausa hädavajalik. selle suurde lukuga sahtlisse mahuvad lisaks raamatutele ja sülearvutile ka mugavalt sinu jalatsid või trenniriided. kaks välistaskut aitavad sul väikeseid esemeid korralikult ning ligipääsetavalt kaasas kanda.kahetaskuline lukuga peatasku pakub avarat ja turvalist hoiuruumi.mitmed lihtsasti ligipääsetavad taskud, sealhulgas veepudelihoidikud, tagavad mugava korral Vaata lähemalt ballzy.eu.",https://ballzy.eu/et/product/nk-elmntl-prm-bkpk-dn2555-010-misc-cnf,https://backend.ballzy.eu/media/catalog/product/n/i/nike-nk-elmntl-prm-bkpk-must-pedx.jpg,Nike,59.00 EUR,in_stock,Streetbrand OÜ,EE,true,false,true
SX5277_101_S_CNF,U nk everyday plus ltwt footie,"mugavalt paitud ventilatsiooniga&hellip; nike everyday plus kerged sokid pakuvad madala profiiliga mugavust mikro-nyloon- ja spandexlõngade seguga. higi eemaldav disain on pealt hingav, et hoida jalad jahedad ja kuivad&hellip; toote omadused: dri-fit tehnoloogia aitab hoida jalad kuivana ja mugavalt&hellip; kaarepael tundub toetav ja mugav&hellip; hingav konstruktsioon pealt&hellip; sisemine libisemisvastane silikoonitrükk kannal aitab vähendada libisemist&hellip; toote omaduste Vaata lähemalt ballzy.eu.",https://ballzy.eu/et/product/u-nk-everyday-plus-ltwt-footie-sx5277-101-s-cnf,https://backend.ballzy.eu/media/catalog/product/n/i/nike-u-nk-everyday-plus-ltwt-footie-valge-uy0h.jpg,Nike,19.00 EUR,in_stock,Streetbrand OÜ,EE,true,false,true
DX5025_010_S_CNF,U nk nsw everyday essential cr,"Nike sportswear everyday essentiali sokid on valmistatud pehmest ja venivast kangast, mis liibub su jalale, tagades mugavuse kogu päevaks. see toode on valmistatud vähemalt 75% taaskasutatud polüesterkiududest. Vaata lähemalt ballzy.eu.",https://ballzy.eu/et/product/u-nk-nsw-everyday-essential-cr-dx5025-010-s-cnf,https://backend.ballzy.eu/media/catalog/product/n/i/nike-u-nk-nsw-everyday-essential-cr-must-jesj.jpg,Nike,23.00 EUR,in_stock,Streetbrand OÜ,EE,true,false,true
13328667_L_CNF,Smiley originals po hoody,Spordiriided ballzy veebipoest. Vaata lähemalt ballzy.eu.,https://ballzy.eu/et/product/smiley-originals-po-hoody-13328667-l-cnf,https://backend.ballzy.eu/media/catalog/product/n/e/newera-smiley-originals-po-hoody-must-pswg.jpg,New Era,89.00 EUR,in_stock,Streetbrand OÜ,EE,true,false,true
I021756_89XX_M-L_CNF,Watch gloves,Spordiriided ballzy veebipoest. Vaata lähemalt ballzy.eu.,https://ballzy.eu/et/product/watch-gloves-i021756-89xx-m-l-cnf,https://backend.ballzy.eu/media/catalog/product/c/a/carhartt-watch-gloves-hall-0gps.jpg,Carhartt WIP,29.00 EUR,in_stock,Streetbrand OÜ,EE,true,false,true
MR530EMA_4_CNF,New balance 530,The 530 men’s sneaker is a throwback of one of our classic running shoes. this casual kick combines everyday style with modern tech. abzorb cushioning underfoot adds superior comfort. Vaata lähemalt ballzy.eu.,https://ballzy.eu/et/product/new-balance-530-mr530ema-4-cnf,https://backend.ballzy.eu/media/catalog/product/n/e/new-balance-new-balance-530-valge-4eov.jpg,New Balance,124.00 EUR,in_stock,Streetbrand OÜ,EE,true,false,true
IA3919_34_CNF,Puffer jacket,"sa võid olla füüsiliselt kaugel mäenõlvadest, kuid suusatamise meeleolu on selles adidas´i puffy jakis täiesti olemas. nii mahu kui ka soojuse eest hoolitseb polsterdatud konstruktsioon, mis loob muljet, samal ajal blokeerides külma. kui sul on vaja seda veelgi rohkem blokeerida, siis reguleeri lihtsalt piha ja tõmba jope täielikult kinni. abiks on kõrgendatud krae. valmistatud osaliselt taaskasutatud materjalist, mis on saadud tootmisjäätmetest, nt lõikamisjäätmetest, ja tarbija Vaata lähemalt ballzy.eu.",https://ballzy.eu/et/product/puffer-jacket-ia3919-34-cnf,https://backend.ballzy.eu/media/catalog/product/a/d/adidas-puffer-jacket-must-jemp.jpg,adidas Originals,169.00 EUR,in_stock,Streetbrand OÜ,EE,true,false,true
M2002RST_07_CNF,New balance 2002r,Spordiriided ballzy veebipoest. Vaata lähemalt ballzy.eu.,https://ballzy.eu/et/product/new-balance-2002r-m2002rst-07-cnf,https://backend.ballzy.eu/media/catalog/product/n/e/new-balance-new-balance-2002r-hall-rnls.jpg,New Balance,159.00 EUR,in_stock,Streetbrand OÜ,EE,true,false,true
JM102005_CNF,New repel spray refill,Spordiriided ballzy veebipoest. Vaata lähemalt ballzy.eu.,https://ballzy.eu/et/product/new-repel-spray-refill-jm102005-cnf,https://backend.ballzy.eu/media/catalog/product/j/a/jason-markk-new-repel-spray-refill-multicolor-iedc.jpg,Jason Markk,16.00 EUR,in_stock,Streetbrand OÜ,EE,true,false,true
JM1364_CNF,Premium microfiber towel,Spordiriided ballzy veebipoest. Vaata lähemalt ballzy.eu.,https://ballzy.eu/et/product/premium-microfiber-towel-jm1364-cnf,https://backend.ballzy.eu/media/catalog/product/j/a/jason-markk-premium-microfiber-towel-multicolor-bmoj.jpg,Jason Markk,13.00 EUR,in_stock,Streetbrand OÜ,EE,true,false,true
JM1647_CNF,Standard brush,Spordiriided ballzy veebipoest. Vaata lähemalt ballzy.eu.,https://ballzy.eu/et/product/standard-brush-jm1647-cnf,https://backend.ballzy.eu/media/catalog/product/j/a/jason-markk-standard-brush-multicolor-ltbo.jpg,Jason Markk,10.00 EUR,in_stock,Streetbrand OÜ,EE,true,false,true
JM2138_CNF,Jm travel kit,Spordiriided ballzy veebipoest. Vaata lähemalt ballzy.eu.,https://ballzy.eu/et/product/jm-travel-kit-jm2138-cnf,https://backend.ballzy.eu/media/catalog/product/j/a/jason-markk-jm-travel-kit-multicolor-jvbv.jpg,Jason Markk,39.00 EUR,in_stock,Streetbrand OÜ,EE,true,false,true
JM310410_CNF,Essential kit,Spordiriided ballzy veebipoest. Vaata lähemalt ballzy.eu.,https://ballzy.eu/et/product/essential-kit-jm310410-cnf,https://backend.ballzy.eu/media/catalog/product/j/a/jason-markk-hat-care-kit-multicolor-6m7v.jpg,Jason Markk,30.00 EUR,in_stock,Streetbrand OÜ,EE,true,false,true
JM4383_CNF,Premium brush,Spordiriided ballzy veebipoest. Vaata lähemalt ballzy.eu.,https://ballzy.eu/et/product/premium-brush-jm4383-cnf,https://backend.ballzy.eu/media/catalog/product/j/a/jason-markk-premium-brush-multicolor-i22l.jpg,Jason Markk,13.00 EUR,in_stock,Streetbrand OÜ,EE,true,false,true
LAS16463_BK_L_CNF,Unisex response performance crew 3 pairs,Spordiriided ballzy veebipoest. Vaata lähemalt ballzy.eu.,https://ballzy.eu/et/product/unisex-response-performance-crew-3-pairs-las16463-bk-l-cnf,https://backend.ballzy.eu/media/catalog/product/n/e/new-balance-unisex-response-performance-crew-3-pairs-must-tbcw.jpg,New Balance,14.00 EUR,in_stock,Streetbrand OÜ,EE,true,false,true
LAS16463_WT_L_CNF,Unisex response performance crew 3 pairs,Spordiriided ballzy veebipoest. Vaata lähemalt ballzy.eu.,https://ballzy.eu/et/product/unisex-response-performance-crew-3-pairs-las16463-wt-l-cnf,https://backend.ballzy.eu/media/catalog/product/n/e/new-balance-unisex-response-performance-crew-3-pairs-valge-immi.jpg,New Balance,14.00 EUR,in_stock,Streetbrand OÜ,EE,true,false,true
U9060GRY_8_CNF,New balance 9060,"New balance’s new 9060 silhouette fuses classic style with a contemporary, experimental approach to everyday versatility. the 9060 reinterprets familiar elements sourced from classic 99x models with a warped sensibility inspired by the proudly futuristic, visible tech aesthetic of the y2k era. sway bars, taken from the 990, are expanded and utilized throughout the entire upper for a sense of visible motion, while wavy lines and scaled up proportions on a sculpted pod midsole place an exaggerated Vaata lähemalt ballzy.eu.",https://ballzy.eu/et/product/new-balance-9060-u9060gry-8-cnf,https://backend.ballzy.eu/media/catalog/product/n/e/new-balance-new-balance-9060-hall-a8ju.jpg,New Balance,199.00 EUR,in_stock,Streetbrand OÜ,EE,true,false,true
DD1873_102_6_CNF,W nike dunk low next nature,"see on loodud kõva puidu jaoks, kuid viidud tänavale, '80ndate ikoon naaseb, et lasta sul teha head, nähes hea välja. nüüd valmistatud vähemalt 20% ulatuses taaskasutatud materjalidest, värskendasime klassikat, mis säilitab algse terviklikkuse, kuid mille mõju on minimaalne. sünteetilisest nahast valmistatud dunk low suunab tänavale vintage-pallurite stiili ja lihtsa eluviisi&hellip; toote omadused: sunburst-sümbol esindab 1 väikest sammu meie teekonnal move to zero&hellip; karge Vaata lähemalt ballzy.eu.",https://ballzy.eu/et/product/w-nike-dunk-low-next-nature-dd1873-102-6-cnf,https://backend.ballzy.eu/media/catalog/product/n/i/nike-w-nike-dunk-low-next-nature-must-ncr3.jpg,Nike,149.00 EUR,in_stock,Streetbrand OÜ,EE,true,false,true
BS7685_6.5_CNF,Club c 85,Spordiriided ballzy veebipoest. Vaata lähemalt ballzy.eu.,https://ballzy.eu/et/product/club-c-85-bs7685-6-5-cnf,https://backend.ballzy.eu/media/catalog/product/r/e/reebok-club-c-85-valge-a7bj.jpg,Reebok,74.00 EUR,in_stock,Streetbrand OÜ,EE,true,false,true
53834865_XS_CNF,Infuse tee,Spordiriided ballzy veebipoest. Vaata lähemalt ballzy.eu.,https://ballzy.eu/et/product/infuse-tee-53834865-xs-cnf,https://backend.ballzy.eu/media/catalog/product/p/u/puma-infuse-tee-lilla-gdtj.jpg,Puma,44.00 EUR,in_stock,Streetbrand OÜ,EE,true,false,true
53834889_XS_CNF,Infuse tee,Spordiriided ballzy veebipoest. Vaata lähemalt ballzy.eu.,https://ballzy.eu/et/product/infuse-tee-53834889-xs-cnf,https://backend.ballzy.eu/media/catalog/product/p/u/puma-infuse-tee-bee-5fhd.jpg,Puma,44.00 EUR,in_stock,Streetbrand OÜ,EE,true,false,true
HQ8708_8_CNF,Campus 00s,"kuigi adidas campus´i kingad debüteerisid kõvaplatsil, võeti need kiiresti kasutusele ka mujal. selle paari puhul liigutame ikoonilist siluetti teises suunas ning lisame sellele kaasaegseid materjale, värve ja proportsioone. need on tehtud esmaklassilise nahast pealsega, mis on vooderdatud pehme froteekangaga, kusjuures kõik see on paigutatud naturaalvalge vahepealse peale - selge ühendus campus´i pärandiga. Vaata lähemalt ballzy.eu.",https://ballzy.eu/et/product/campus-00s-hq8708-8-cnf,https://backend.ballzy.eu/media/catalog/product/a/d/adidas-campus-00s-must-fmln.jpg,adidas Originals,119.00 EUR,in_stock,Streetbrand OÜ,EE,true,false,true
DD1391_100_9_CNF,Nike dunk low retro,"true to your crew&hellip; nike dunk low retro, mis on loodud kõvaplatsile, kuid viidud tänavatele, naaseb teravate kattematerjalide ja originaalsete meeskonnavärvidega. see korvpalli ikoon kanaliseerib '80ndate vibratsiooni kõrgekvaliteedilise nahaga pealses, mis näeb hea välja ja murdub veelgi paremini. kaasaegne jalatsitehnoloogia aitab tuua mugavuse 21. sajandisse&hellip; toote omadused: premium nahk pealses on täiusliku läikega ja murdub ilusti sisse&hellip; kaasaegne vahtpol Vaata lähemalt ballzy.eu.",https://ballzy.eu/et/product/nike-dunk-low-retro-dd1391-100-9-cnf,https://backend.ballzy.eu/media/catalog/product/n/i/nike-nike-dunk-low-retro-must-vw3g.jpg,Nike,129.00 EUR,in_stock,Streetbrand OÜ,EE,true,false,true
30851329_040_CNF,Combs w,Spordiriided ballzy veebipoest. Vaata lähemalt ballzy.eu.,https://ballzy.eu/et/product/combs-w-30851329-040-cnf,https://backend.ballzy.eu/media/catalog/product/d/r/dr-martens-combs-w-bee-jgwj.jpg,Dr. Martens,159.00 EUR,in_stock,Streetbrand OÜ,EE,true,false,true
I026391_00HXX_S_CNF,S/s chase t-shirt,Spordiriided ballzy veebipoest. Vaata lähemalt ballzy.eu.,https://ballzy.eu/et/product/s-s-chase-t-shirt-i026391-00hxx-s-cnf,https://backend.ballzy.eu/media/catalog/product/c/a/carhartt-s-s-chase-t-shirt-sinine-oh6t.jpg,Carhartt WIP,39.00 EUR,in_stock,Streetbrand OÜ,EE,true,false,true
26002001_080_CNF,Embury,Spordiriided ballzy veebipoest. Vaata lähemalt ballzy.eu.,https://ballzy.eu/et/product/embury-26002001-080-cnf,https://backend.ballzy.eu/media/catalog/product/d/r/dr-martens-embury-must-qbkf.jpg,Dr. Martens,169.00 EUR,in_stock,Streetbrand OÜ,EE,true,false,true
60332142_2XL_CNF,Infill team logo jersey lakers,"Ole kogu päeva mugav selles mustas new era infill team logo särgis: klassikaline ümar kaelus nööbitava esiosaga, lühikesed varrukad ning silmapaistvad la lakersi meeskonna detailid. ideaalne igapäevaseks fännivarustuseks. Vaata lähemalt ballzy.eu.",https://ballzy.eu/et/product/infill-team-logo-jersey-lakers-60332142-2xl-cnf,https://backend.ballzy.eu/media/catalog/product/n/e/newera-infill-team-logo-jersey-lakers-must-fesd.jpg,New Era,69.00 EUR,in_stock,Streetbrand OÜ,EE,true,false,true
DV7616_010_S_CNF,M j ess stmt coaches jkt,Spordiriided ballzy veebipoest. Vaata lähemalt ballzy.eu.,https://ballzy.eu/et/product/m-j-ess-stmt-coaches-jkt-dv7616-010-s-cnf,https://backend.ballzy.eu/media/catalog/product/j/o/jordan-m-j-ess-stmt-coaches-jkt-must-yghj.jpg,Jordan,139.00 EUR,in_stock,Streetbrand OÜ,EE,true,false,true
30823292_070_CNF,Tarik,Spordiriided ballzy veebipoest. Vaata lähemalt ballzy.eu.,https://ballzy.eu/et/product/tarik-30823292-070-cnf,https://backend.ballzy.eu/media/catalog/product/d/r/dr-martens-tarik-bee-tiy3.jpg,Dr. Martens,169.00 EUR,in_stock,Streetbrand OÜ,EE,true,false,true
30852538_070_CNF,Ayce,Spordiriided ballzy veebipoest. Vaata lähemalt ballzy.eu.,https://ballzy.eu/et/product/ayce-30852538-070-cnf,https://backend.ballzy.eu/media/catalog/product/d/r/dr-martens-ayce-roheline-wvt0.jpg,Dr. Martens,119.00 EUR,in_stock,Streetbrand OÜ,EE,true,false,true
DN8396_100_S_CNF,Bkn m nk df shwtm ls fz ce,Spordiriided ballzy veebipoest. Vaata lähemalt ballzy.eu.,https://ballzy.eu/et/product/bkn-m-nk-df-shwtm-ls-fz-ce-dn8396-100-s-cnf,https://backend.ballzy.eu/media/catalog/product/n/i/nike-bkn-m-nk-df-shwtm-ls-fz-ce-valge-czgt.jpg,Nike,159.00 EUR,in_stock,Streetbrand OÜ,EE,true,false,true
N1002455127OS_1SIZE_CNF,Nike gathered hair ties 2.0 2,Spordiriided ballzy veebipoest. Vaata lähemalt ballzy.eu.,https://ballzy.eu/et/product/nike-gathered-hair-ties-2-0-2-n1002455127os-1size-cnf,https://backend.ballzy.eu/media/catalog/product/n/i/nike-nike-gathered-hair-ties-2-0-2-must-yymz.jpg,Nike,14.00 EUR,in_stock,Streetbrand OÜ,EE,true,false,true
60298663_OSFM_CNF,Ne heritage script 9twenty,Spordiriided ballzy veebipoest. Vaata lähemalt ballzy.eu.,https://ballzy.eu/et/product/ne-heritage-script-9twenty-60298663-osfm-cnf,https://backend.ballzy.eu/media/catalog/product/n/e/newera-ne-heritage-script-9twenty-must-atgy.jpg,New Era,34.00 EUR,in_stock,Streetbrand OÜ,EE,true,false,true
I013507_89XX_0_CNF,Clan scarf,Spordiriided ballzy veebipoest. Vaata lähemalt ballzy.eu.,https://ballzy.eu/et/product/clan-scarf-i013507-89xx-0-cnf,https://backend.ballzy.eu/media/catalog/product/c/a/carhartt-clan-scarf-must-h4bu.jpg,Carhartt WIP,59.00 EUR,in_stock,Streetbrand OÜ,EE,true,false,true
DK0A4YFWF311_27_CNF,Leesburg pant w,Spordiriided ballzy veebipoest. Vaata lähemalt ballzy.eu.,https://ballzy.eu/et/product/leesburg-pant-w-dk0a4yfwf311-27-cnf,https://backend.ballzy.eu/media/catalog/product/d/i/dickies-leesburg-pant-w-valge-sukl.jpg,Dickies,79.00 EUR,in_stock,Streetbrand OÜ,EE,true,false,true
I031363_1DIXX_XS_CNF,W´ l/s chromo shirt,"Carhartt wip naiste must l/s chromo särk keskmise raskusega puuvillase twilli pealispinnaga, millel on kogu ulatuses digitaalne chromo trükk, mis on inspireeritud tie dye’st. tavaline lõige, eest nööpidega kinnis ning kaks rinnataskut. Vaata lähemalt ballzy.eu.",https://ballzy.eu/et/product/w-l-s-chromo-shirt-i031363-1dixx-xs-cnf,https://backend.ballzy.eu/media/catalog/product/c/a/carhartt-w-l-s-chromo-shirt-must-v7ki.jpg,Carhartt WIP,89.00 EUR,in_stock,Streetbrand OÜ,EE,true,false,true
30821358_070_CNF,Dante,Spordiriided ballzy veebipoest. Vaata lähemalt ballzy.eu.,https://ballzy.eu/et/product/dante-30821358-070-cnf,https://backend.ballzy.eu/media/catalog/product/d/r/dr-martens-dante-roheline-7xpp.jpg,Dr. Martens,139.00 EUR,in_stock,Streetbrand OÜ,EE,true,false,true
30826292_040_CNF,Combs,Spordiriided ballzy veebipoest. Vaata lähemalt ballzy.eu.,https://ballzy.eu/et/product/combs-30826292-040-cnf,https://backend.ballzy.eu/media/catalog/product/d/r/dr-martens-combs-bee-7sqw.jpg,Dr. Martens,159.00 EUR,in_stock,Streetbrand OÜ,EE,true,false,true
I031355_00EXX_S_CNF,Darper jacket,Spordiriided ballzy veebipoest. Vaata lähemalt ballzy.eu.,https://ballzy.eu/et/product/darper-jacket-i031355-00exx-s-cnf,https://backend.ballzy.eu/media/catalog/product/c/a/carhartt-darper-jacket-must-92il.jpg,Carhartt WIP,259.00 EUR,in_stock,Streetbrand OÜ,EE,true,false,true
I031918_0202_XS_CNF,W´ brandon pant,Spordiriided ballzy veebipoest. Vaata lähemalt ballzy.eu.,https://ballzy.eu/et/product/w-brandon-pant-i031918-0202-xs-cnf,https://backend.ballzy.eu/media/catalog/product/c/a/carhartt-w-brandon-pant-valge-t7or.jpg,Carhartt WIP,89.00 EUR,in_stock,Streetbrand OÜ,EE,true,false,true
IC3031_OSFM_CNF,Pe dad cap,"see adidas´i müts on pakitav disainiga ja minimalistliku stiiliga, mis annab lihtsa emotsiooni. esmaklassiline puuvill ja niiskust eemaldav higipael tagavad mugavuse. Vaata lähemalt ballzy.eu.",https://ballzy.eu/et/product/pe-dad-cap-ic3031-osfm-cnf,https://backend.ballzy.eu/media/catalog/product/a/d/adidas-pe-dad-cap-must-araf.jpg,adidas Originals,29.00 EUR,in_stock,Streetbrand OÜ,EE,true,false,true
10745455_OSFA_CNF,940 leag basic yankees,Spordiriided ballzy veebipoest. Vaata lähemalt ballzy.eu.,https://ballzy.eu/et/product/940-leag-basic-yankees-10745455-osfa-cnf,https://backend.ballzy.eu/media/catalog/product/n/e/newera-940-leag-basic-yankees-valge-pnkm.jpg,New Era,29.00 EUR,in_stock,Streetbrand OÜ,EE,true,false,true
12380590_OSFM_CNF,League essential 940 yankees,Spordiriided ballzy veebipoest. Vaata lähemalt ballzy.eu.,https://ballzy.eu/et/product/league-essential-940-yankees-12380590-osfm-cnf,https://backend.ballzy.eu/media/catalog/product/n/e/newera-league-essential-940-yankees-must-jogu.jpg,New Era,29.00 EUR,in_stock,Streetbrand OÜ,EE,true,false,true
I031461_1ECXX_S_CNF,S/s reyes shirt,"Mitmevärviline lühikeste varrukatega reyes-särk carhartt wip-ilt, valmistatud 100% jätkusuutlikust viskoosist. lühikeste varrukatega meeste särk reyes stripe’i värvikombinatsiooniga toonides wax/black. Vaata lähemalt ballzy.eu.",https://ballzy.eu/et/product/s-s-reyes-shirt-i031461-1ecxx-s-cnf,https://backend.ballzy.eu/media/catalog/product/c/a/carhartt-s-s-reyes-shirt-sinine-vdzl.jpg,Carhartt WIP,99.00 EUR,in_stock,Streetbrand OÜ,EE,true,false,true
DX0598_010_S_CNF,M j westbrook jkt,Spordiriided ballzy veebipoest. Vaata lähemalt ballzy.eu.,https://ballzy.eu/et/product/m-j-westbrook-jkt-dx0598-010-s-cnf,https://backend.ballzy.eu/media/catalog/product/j/o/jordan-m-j-westbrook-jkt-must-w9mf.jpg,Jordan,199.00 EUR,in_stock,Streetbrand OÜ,EE,true,false,true
DD1503_118_6.5_CNF,W nike dunk low,"true to your crew&hellip; kõvakatteks loodud, kuid tänavatele viidud '80ndate b-palli ikoon naaseb ideaalselt läikivate kattekihide ja klassikaliste meeskonnavärvidega. ikoonilise korvpallidisainiga nike dunk low suunab '80ndate vintage´i tagasi tänavatele, samas kui selle polsterdatud, madala lõikega krae võimaldab sul oma mängu kõikjale kaasa võtta - mugavalt&hellip; toote omadused: pealse karge nahk on kergelt läikiv, vananeb pehmeks täiuslikkuseks ja sellel on '80ndate b-ball Vaata lähemalt ballzy.eu.",https://ballzy.eu/et/product/w-nike-dunk-low-dd1503-118-6-5-cnf,https://backend.ballzy.eu/media/catalog/product/n/i/nike-w-nike-dunk-low-roosa-jzgd.jpg,Nike,139.00 EUR,in_stock,Streetbrand OÜ,EE,true,false,true
DK0A4TKVBLK1_OSFA_CNF,Hardwick,Spordiriided ballzy veebipoest. Vaata lähemalt ballzy.eu.,https://ballzy.eu/et/product/hardwick-dk0a4tkvblk1-osfa-cnf,https://backend.ballzy.eu/media/catalog/product/d/i/dickies-hardwick-must-6oar.jpg,Dickies,34.00 EUR,in_stock,Streetbrand OÜ,EE,true,false,true
I029789_0VZGD_26_CNF,W´ collins pant,Spordiriided ballzy veebipoest. Vaata lähemalt ballzy.eu.,https://ballzy.eu/et/product/w-collins-pant-i029789-0vzgd-26-cnf,https://backend.ballzy.eu/media/catalog/product/c/a/carhartt-w-collins-pant-bee-k1bl.jpg,Carhartt WIP,99.00 EUR,in_stock,Streetbrand OÜ,EE,true,false,true
I030483_1D3FH_26_CNF,W´ pierce short,Spordiriided ballzy veebipoest. Vaata lähemalt ballzy.eu.,https://ballzy.eu/et/product/w-pierce-short-i030483-1d3fh-26-cnf,https://backend.ballzy.eu/media/catalog/product/c/a/carhartt-w-pierce-short-lilla-xzfe.jpg,Carhartt WIP,99.00 EUR,in_stock,Streetbrand OÜ,EE,true,false,true
I030501_8902_XS_CNF,W´ master skirt,Spordiriided ballzy veebipoest. Vaata lähemalt ballzy.eu.,https://ballzy.eu/et/product/w-master-skirt-i030501-8902-xs-cnf,https://backend.ballzy.eu/media/catalog/product/c/a/carhartt-w-master-skirt-must-4uea.jpg,Carhartt WIP,69.00 EUR,in_stock,Streetbrand OÜ,EE,true,false,true
I031572_0506_XS_CNF,W´ saledo jacket,Spordiriided ballzy veebipoest. Vaata lähemalt ballzy.eu.,https://ballzy.eu/et/product/w-saledo-jacket-i031572-0506-xs-cnf,https://backend.ballzy.eu/media/catalog/product/c/a/carhartt-w-saledo-jacket-bee-iec6.jpg,Carhartt WIP,144.00 EUR,in_stock,Streetbrand OÜ,EE,true,false,true
SX7673_100_S_CNF,U nk everyday cush ns 3pr 132,"mugavus ja tugevus&hellip; nike everyday cushioned sokid annavad jõudu treeningule. paks froteepõhi annab sulle lisamugavust jalaharjutuste ja tõstete tegemiseks, samas kui ribiline kaareriba ümbritseb sinu keskjalga, et tagada toetav tunne&hellip; toote omadused: dri-fit tehnoloogia aitab hoida jalad kuivana ja mugavalt&hellip; paks froteepõhi pakub mugavust ja löögiabi&hellip; ribitud kaarevöönd pakub toetavat tunnet&hellip; nähtamatu siluett annab madala profiili&hellip; toote Vaata lähemalt ballzy.eu.",https://ballzy.eu/et/product/u-nk-everyday-cush-ns-3pr-132-sx7673-100-s-cnf,https://backend.ballzy.eu/media/catalog/product/n/i/nike-u-nk-everyday-cush-ns-3pr-132-valge-6u98.jpg,Nike,19.00 EUR,in_stock,Streetbrand OÜ,EE,true,false,true
10076_05750_CNF,Daypack,Spordiriided ballzy veebipoest. Vaata lähemalt ballzy.eu.,https://ballzy.eu/et/product/daypack-10076-05750-cnf,https://backend.ballzy.eu/media/catalog/product/h/e/herschel-daypack-valge-86zh.jpg,Herschel,54.00 EUR,in_stock,Streetbrand OÜ,EE,true,false,true
10968_00919_CNF,Heritage,Spordiriided ballzy veebipoest. Vaata lähemalt ballzy.eu.,https://ballzy.eu/et/product/heritage-10968-00919-cnf,https://backend.ballzy.eu/media/catalog/product/h/e/herschel-heritage-hall-vmh1.jpg,Herschel,79.00 EUR,in_stock,Streetbrand OÜ,EE,true,false,true
11054_05726_CNF,Seventeen,Spordiriided ballzy veebipoest. Vaata lähemalt ballzy.eu.,https://ballzy.eu/et/product/seventeen-11054-05726-cnf,https://backend.ballzy.eu/media/catalog/product/h/e/herschel-seventeen-must-xnqd.jpg,Herschel,49.00 EUR,in_stock,Streetbrand OÜ,EE,true,false,true
VN0007AF3KS1_651_CNF,Anaheim sidewall sock,Spordiriided ballzy veebipoest. Vaata lähemalt ballzy.eu.,https://ballzy.eu/et/product/anaheim-sidewall-sock-vn0007af3ks1-651-cnf,https://backend.ballzy.eu/media/catalog/product/v/a/vans-anaheim-sidewall-sock-valge-aqh1.jpg,Vans,29.00 EUR,in_stock,Streetbrand OÜ,EE,true,false,true
10076_05726_CNF,Daypack,Spordiriided ballzy veebipoest. Vaata lähemalt ballzy.eu.,https://ballzy.eu/et/product/daypack-10076-05726-cnf,https://backend.ballzy.eu/media/catalog/product/h/e/herschel-daypack-sinine-8gi0.jpg,Herschel,54.00 EUR,in_stock,Streetbrand OÜ,EE,true,false,true
I031554_0WF02_27_CNF,W´ pierce pant straight,Spordiriided ballzy veebipoest. Vaata lähemalt ballzy.eu.,https://ballzy.eu/et/product/w-pierce-pant-straight-i031554-0wf02-27-cnf,https://backend.ballzy.eu/media/catalog/product/c/a/carhartt-w-pierce-pant-straight-hall-kn5s.jpg,Carhartt WIP,89.00 EUR,in_stock,Streetbrand OÜ,EE,true,false,true
11238_05862_CNF,Heritage,Spordiriided ballzy veebipoest. Vaata lähemalt ballzy.eu.,https://ballzy.eu/et/product/heritage-11238-05862-cnf,https://backend.ballzy.eu/media/catalog/product/h/e/herschel-heritage-sinine-lokh.jpg,Herschel,89.00 EUR,in_stock,Streetbrand OÜ,EE,true,false,true
I031936_0106_XS_CNF,W´ alma jacket,Spordiriided ballzy veebipoest. Vaata lähemalt ballzy.eu.,https://ballzy.eu/et/product/w-alma-jacket-i031936-0106-xs-cnf,https://backend.ballzy.eu/media/catalog/product/c/a/carhartt-w-alma-jacket-sinine-mcaq.jpg,Carhartt WIP,149.00 EUR,in_stock,Streetbrand OÜ,EE,true,false,true
DX9667_277_2XL_CNF,M j ess flc hbr short,Spordiriided ballzy veebipoest. Vaata lähemalt ballzy.eu.,https://ballzy.eu/et/product/m-j-ess-flc-hbr-short-dx9667-277-2xl-cnf,https://backend.ballzy.eu/media/catalog/product/j/o/jordan-m-j-ess-flc-hbr-short-pruun-c751.jpg,Jordan,59.00 EUR,in_stock,Streetbrand OÜ,EE,true,false,true
129443_36_CNF,Arizona eva,Spordiriided ballzy veebipoest. Vaata lähemalt ballzy.eu.,https://ballzy.eu/et/product/arizona-eva-129443-36-cnf,https://backend.ballzy.eu/media/catalog/product/b/i/birkenstock-arizona-eva-valge-mfmy.jpg,Birkenstock,54.00 EUR,in_stock,Streetbrand OÜ,EE,true,false,true
752483_36_CNF,Arizona sfb leoi,Spordiriided ballzy veebipoest. Vaata lähemalt ballzy.eu.,https://ballzy.eu/et/product/arizona-sfb-leoi-752483-36-cnf,https://backend.ballzy.eu/media/catalog/product/b/i/birkenstock-arizona-sfb-leoi-must-7ggc.jpg,Birkenstock,139.00 EUR,in_stock,Streetbrand OÜ,EE,true,false,true
390000202_0001_OS_CNF,Kiss the sky trucker hat,Spordiriided ballzy veebipoest. Vaata lähemalt ballzy.eu.,https://ballzy.eu/et/product/kiss-the-sky-trucker-hat-390000202-0001-os-cnf,https://backend.ballzy.eu/media/catalog/product/m/a/market-kiss-the-sky-trucker-hat-must-ogyt.jpg,Market,59.00 EUR,in_stock,Streetbrand OÜ,EE,true,false,true
395000610_1245_S_CNF,Rug dealer throwback arc shorts,Spordiriided ballzy veebipoest. Vaata lähemalt ballzy.eu.,https://ballzy.eu/et/product/rug-dealer-throwback-arc-shorts-395000610-1245-s-cnf,https://backend.ballzy.eu/media/catalog/product/m/a/market-rug-dealer-throwback-arc-shorts-sinine-smb7.jpg,Market,94.00 EUR,in_stock,Streetbrand OÜ,EE,true,false,true
396000921_0001_S_CNF,Contemporary art market crewneck sweatshirt,Spordiriided ballzy veebipoest. Vaata lähemalt ballzy.eu.,https://ballzy.eu/et/product/contemporary-art-market-crewneck-sweatshirt-396000921-0001-s-cnf,https://backend.ballzy.eu/media/catalog/product/m/a/market-contemporary-art-market-crewneck-sweatshirt-must-on4b.jpg,Market,119.00 EUR,in_stock,Streetbrand OÜ,EE,true,false,true
397000488_1245_S_CNF,Rug dealer throwback arc hoodie,Spordiriided ballzy veebipoest. Vaata lähemalt ballzy.eu.,https://ballzy.eu/et/product/rug-dealer-throwback-arc-hoodie-397000488-1245-s-cnf,https://backend.ballzy.eu/media/catalog/product/m/a/market-rug-dealer-throwback-arc-hoodie-sinine-hs7e.jpg,Market,149.00 EUR,in_stock,Streetbrand OÜ,EE,true,false,true
U9060BLK_5_CNF,New balance 9060,"New balance’s new 9060 silhouette fuses classic style with a contemporary, experimental approach to everyday versatility. the 9060 reinterprets familiar elements sourced from classic 99x models with a warped sensibility inspired by the proudly futuristic, visible tech aesthetic of the y2k era. sway bars, taken from the 990, are expanded and utilized throughout the entire upper for a sense of visible motion, while wavy lines and scaled up proportions on a sculpted pod midsole place an exaggerated Vaata lähemalt ballzy.eu.",https://ballzy.eu/et/product/new-balance-9060-u9060blk-5-cnf,https://backend.ballzy.eu/media/catalog/product/n/e/new-balance-new-balance-9060-must-jfih.jpg,New Balance,199.00 EUR,in_stock,Streetbrand OÜ,EE,true,false,true
I032433_00EXX_M_CNF,Ryan belt,Spordiriided ballzy veebipoest. Vaata lähemalt ballzy.eu.,https://ballzy.eu/et/product/ryan-belt-i032433-00exx-m-cnf,https://backend.ballzy.eu/media/catalog/product/c/a/carhartt-ryan-belt-must-e5v5.jpg,Carhartt WIP,59.00 EUR,in_stock,Streetbrand OÜ,EE,true,false,true
27021001_30_CNF,Tarik,Spordiriided ballzy veebipoest. Vaata lähemalt ballzy.eu.,https://ballzy.eu/et/product/tarik-27021001-30-cnf,https://backend.ballzy.eu/media/catalog/product/d/r/dr-martens-tarik-must-4jhw.jpg,Dr. Martens,189.00 EUR,in_stock,Streetbrand OÜ,EE,true,false,true
31163115_30_CNF,Boury,Spordiriided ballzy veebipoest. Vaata lähemalt ballzy.eu.,https://ballzy.eu/et/product/boury-31163115-30-cnf,https://backend.ballzy.eu/media/catalog/product/d/r/dr-martens-boury-bee-uzjt.jpg,Dr. Martens,179.00 EUR,in_stock,Streetbrand OÜ,EE,true,false,true
397000549_1065_S_CNF,Market mha hoodie,Spordiriided ballzy veebipoest. Vaata lähemalt ballzy.eu.,https://ballzy.eu/et/product/market-mha-hoodie-397000549-1065-s-cnf,https://backend.ballzy.eu/media/catalog/product/m/a/market-market-mha-hoodie-pruun-e3tm.jpg,Market,134.00 EUR,in_stock,Streetbrand OÜ,EE,true,false,true
399001485_1201_S_CNF,Bob marley soccer t-shirt,Spordiriided ballzy veebipoest. Vaata lähemalt ballzy.eu.,https://ballzy.eu/et/product/bob-marley-soccer-t-shirt-399001485-1201-s-cnf,https://backend.ballzy.eu/media/catalog/product/m/a/market-bob-marley-soccer-t-shirt-valge-docp.jpg,Market,74.00 EUR,in_stock,Streetbrand OÜ,EE,true,false,true
VN0006F3BR41_S_CNF,Leisure crew vans,Spordiriided ballzy veebipoest. Vaata lähemalt ballzy.eu.,https://ballzy.eu/et/product/leisure-crew-vans-vn0006f3br41-s-cnf,https://backend.ballzy.eu/media/catalog/product/v/a/vans-leisure-crew-vans-sinine-cwjn.jpg,Vans,89.00 EUR,in_stock,Streetbrand OÜ,EE,true,false,true
10005_05643_CNF,Settlement,Spordiriided ballzy veebipoest. Vaata lähemalt ballzy.eu.,https://ballzy.eu/et/product/settlement-10005-05643-cnf,https://backend.ballzy.eu/media/catalog/product/h/e/herschel-settlement-hall-jrfi.jpg,Herschel,79.00 EUR,in_stock,Streetbrand OÜ,EE,true,false,true
11146_00001_CNF,Charlie leather rfid,Spordiriided ballzy veebipoest. Vaata lähemalt ballzy.eu.,https://ballzy.eu/et/product/charlie-leather-rfid-11146-00001-cnf,https://backend.ballzy.eu/media/catalog/product/h/e/herschel-charlie-leather-rfid-must-vxko.jpg,Herschel,49.00 EUR,in_stock,Streetbrand OÜ,EE,true,false,true
27778001_30_CNF,Thurston chukka,Spordiriided ballzy veebipoest. Vaata lähemalt ballzy.eu.,https://ballzy.eu/et/product/thurston-chukka-27778001-30-cnf,https://backend.ballzy.eu/media/catalog/product/d/r/dr-martens-thurston-chukka-must-f6cl.jpg,Dr. Martens,169.00 EUR,in_stock,Streetbrand OÜ,EE,true,false,true
DK0A4XEKC151_26_CNF,Ellendale denim,Spordiriided ballzy veebipoest. Vaata lähemalt ballzy.eu.,https://ballzy.eu/et/product/ellendale-denim-dk0a4xekc151-26-cnf,https://backend.ballzy.eu/media/catalog/product/d/i/dickies-ellendale-denim-sinine-xbgc.jpg,Dickies,84.00 EUR,in_stock,Streetbrand OÜ,EE,true,false,true
DK0A4XFLRBK1_32_30_CNF,Houston denim,Spordiriided ballzy veebipoest. Vaata lähemalt ballzy.eu.,https://ballzy.eu/et/product/houston-denim-dk0a4xflrbk1-32-30-cnf,https://backend.ballzy.eu/media/catalog/product/d/i/dickies-houston-denim-must-buie.jpg,Dickies,84.00 EUR,in_stock,Streetbrand OÜ,EE,true,false,true
DK0A4XKBF901_26_CNF,Elizaville rec,Spordiriided ballzy veebipoest. Vaata lähemalt ballzy.eu.,https://ballzy.eu/et/product/elizaville-rec-dk0a4xkbf901-26-cnf,https://backend.ballzy.eu/media/catalog/product/d/i/dickies-elizaville-rec-bee-gkka.jpg,Dickies,74.00 EUR,in_stock,Streetbrand OÜ,EE,true,false,true
DK0A4XKCKHK1_XS_CNF,Lined eisnhowr crop w,Spordiriided ballzy veebipoest. Vaata lähemalt ballzy.eu.,https://ballzy.eu/et/product/lined-eisnhowr-crop-w-dk0a4xkckhk1-xs-cnf,https://backend.ballzy.eu/media/catalog/product/d/i/dickies-lined-eisnhowr-crop-w-pruun-5mv2.jpg,Dickies,99.00 EUR,in_stock,Streetbrand OÜ,EE,true,false,true
DK0A4YJCBLK1_XS_CNF,Jackson cargo w,Spordiriided ballzy veebipoest. Vaata lähemalt ballzy.eu.,https://ballzy.eu/et/product/jackson-cargo-w-dk0a4yjcblk1-xs-cnf,https://backend.ballzy.eu/media/catalog/product/d/i/dickies-jackson-cargo-w-must-sqhu.jpg,Dickies,89.00 EUR,in_stock,Streetbrand OÜ,EE,true,false,true
DH9073_011_2XL_CNF,M j df sprt woven pant,Spordiriided ballzy veebipoest. Vaata lähemalt ballzy.eu.,https://ballzy.eu/et/product/m-j-df-sprt-woven-pant-dh9073-011-2xl-cnf,https://backend.ballzy.eu/media/catalog/product/j/o/jordan-m-j-df-sprt-woven-pant-must-biyy.jpg,Jordan,69.00 EUR,in_stock,Streetbrand OÜ,EE,true,false,true
DX5575_001_10_CNF,Jordan post slide,"Kiired, mugavad, stiilsed. need plätud on tehtud tugevast, painduvast vahust, mis tagab kindla istuvuse igal sammul. lai jalatugi hoiab jala paigal ning asümmeetriline disain loob ainulaadse välimuse.vahtmaterjalist platvorm pakub kergekaalulist ja vastupidavat pehmendust.painduv, reljeefse mustriga tald tagab hea haakuvuse igapäevaseks kasutamiseks. Vaata lähemalt ballzy.eu.",https://ballzy.eu/et/product/jordan-post-slide-dx5575-001-10-cnf,https://backend.ballzy.eu/media/catalog/product/j/o/jordan-jordan-post-slide-must-s1b8.jpg,Jordan,39.00 EUR,in_stock,Streetbrand OÜ,EE,true,false,true
I025061_G102_26_CNF,W´ master pant,Spordiriided ballzy veebipoest. Vaata lähemalt ballzy.eu.,https://ballzy.eu/et/product/w-master-pant-i025061-g102-26-cnf,https://backend.ballzy.eu/media/catalog/product/c/a/carhartt-w-master-pant-bee-k42i.jpg,Carhartt WIP,79.00 EUR,in_stock,Streetbrand OÜ,EE,true,false,true
I032644_0M4XX_XS_CNF,W´ hooded casey sweatshirt,Spordiriided ballzy veebipoest. Vaata lähemalt ballzy.eu.,https://ballzy.eu/et/product/w-hooded-casey-sweatshirt-i032644-0m4xx-xs-cnf,https://backend.ballzy.eu/media/catalog/product/c/a/carhartt-w-hooded-casey-sweatshirt-must-nku0.jpg,Carhartt WIP,79.00 EUR,in_stock,Streetbrand OÜ,EE,true,false,true
12285467_OSFM_CNF,Essential af trucker yankees,Spordiriided ballzy veebipoest. Vaata lähemalt ballzy.eu.,https://ballzy.eu/et/product/essential-af-trucker-yankees-12285467-osfm-cnf,https://backend.ballzy.eu/media/catalog/product/n/e/newera-essential-af-trucker-yankees-valge-gnf1.jpg,New Era,34.00 EUR,in_stock,Streetbrand OÜ,EE,true,false,true
360001278_1228_OS_CNF,Alone at peace socks,Spordiriided ballzy veebipoest. Vaata lähemalt ballzy.eu.,https://ballzy.eu/et/product/alone-at-peace-socks-360001278-1228-os-cnf,https://backend.ballzy.eu/media/catalog/product/m/a/market-alone-at-peace-socks-bee-0m5e.jpg,Market,24.00 EUR,in_stock,Streetbrand OÜ,EE,true,false,true
390000313_0001_OS_CNF,Offset arc 6 panel hat,Spordiriided ballzy veebipoest. Vaata lähemalt ballzy.eu.,https://ballzy.eu/et/product/offset-arc-6-panel-hat-390000313-0001-os-cnf,https://backend.ballzy.eu/media/catalog/product/m/a/market-offset-arc-6-panel-hat-must-rb0k.jpg,Market,59.00 EUR,in_stock,Streetbrand OÜ,EE,true,false,true
390000314_0001_OS_CNF,Creative services tech hat,Spordiriided ballzy veebipoest. Vaata lähemalt ballzy.eu.,https://ballzy.eu/et/product/creative-services-tech-hat-390000314-0001-os-cnf,https://backend.ballzy.eu/media/catalog/product/m/a/market-creative-services-tech-hat-must-2hue.jpg,Market,59.00 EUR,in_stock,Streetbrand OÜ,EE,true,false,true
390000316_0001_OS_CNF,What is life tech hat,Spordiriided ballzy veebipoest. Vaata lähemalt ballzy.eu.,https://ballzy.eu/et/product/what-is-life-tech-hat-390000316-0001-os-cnf,https://backend.ballzy.eu/media/catalog/product/m/a/market-what-is-life-tech-hat-must-ylbv.jpg,Market,59.00 EUR,in_stock,Streetbrand OÜ,EE,true,false,true
60364301_OSFM_CNF,Wmns pu 9forty yankees,Spordiriided ballzy veebipoest. Vaata lähemalt ballzy.eu.,https://ballzy.eu/et/product/wmns-pu-9forty-yankees-60364301-osfm-cnf,https://backend.ballzy.eu/media/catalog/product/n/e/newera-wmns-pu-9forty-yankees-must-1twp.jpg,New Era,34.00 EUR,in_stock,Streetbrand OÜ,EE,true,false,true
DD1503_101_6.5_CNF,W nike dunk low,"true to your crew&hellip; kõvakatteks loodud, kuid tänavatele viidud '80ndate b-palli ikoon naaseb ideaalselt läikivate kattekihide ja klassikaliste meeskonnavärvidega. ikoonilise korvpallidisainiga nike dunk low suunab '80ndate vintage´i tagasi tänavatele, samas kui selle polsterdatud, madala lõikega krae võimaldab sul oma mängu kõikjale kaasa võtta - mugavalt&hellip; toote omadused: pealse karge nahk on kergelt läikiv, vananeb pehmeks täiuslikkuseks ja sellel on '80ndate b-ball Vaata lähemalt ballzy.eu.",https://ballzy.eu/et/product/w-nike-dunk-low-dd1503-101-6-5-cnf,https://backend.ballzy.eu/media/catalog/product/n/i/nike-w-nike-dunk-low-must-bmkz.jpg,Nike,139.00 EUR,in_stock,Streetbrand OÜ,EE,true,false,true
DH2925_001_1.5Y_CNF,Force 1 le ps,"salute to a legendale… sellest ongi legendid tehtud. nike force 1 le toob tagasi 82. aasta kõvapuu ikooni igapäevaseks stiiliks, mis on kas täielikult valge või täielikult must. lase vastupidavusel, pehmendusel ja tunnetusel tutvustada väikestele jalgadele klassikalist… toote omadused: ehtne ja sünteetiline nahk on vastupidav ja kergesti puhastatav… pehme vaht annab klassikalise pehmenduse… kummist tald toob vastupidava haardumise… toote omaduste alapealkirjad: Vaata lähemalt ballzy.eu.",https://ballzy.eu/et/product/force-1-le-ps-dh2925-001-1-5y-cnf,https://backend.ballzy.eu/media/catalog/product/n/i/nike-force-1-le-ps-must-fouj.jpg,Nike,79.00 EUR,in_stock,Streetbrand OÜ,EE,true,false,true
DK0A4YF3G231_31_CNF,Ellis pant,Spordiriided ballzy veebipoest. Vaata lähemalt ballzy.eu.,https://ballzy.eu/et/product/ellis-pant-dk0a4yf3g231-31-cnf,https://backend.ballzy.eu/media/catalog/product/d/i/dickies-ellis-pant-must-sutw.jpg,Dickies,79.00 EUR,in_stock,Streetbrand OÜ,EE,true,false,true
MR530CK_4.5_CNF,New balance 530,Spordiriided ballzy veebipoest. Vaata lähemalt ballzy.eu.,https://ballzy.eu/et/product/new-balance-530-mr530ck-4-5-cnf,https://backend.ballzy.eu/media/catalog/product/n/e/new-balance-new-balance-530-hall-gwaj.jpg,New Balance,129.00 EUR,in_stock,Streetbrand OÜ,EE,true,false,true
60364230_OSFM_CNF,Multi texture 9forty dodgers,Spordiriided ballzy veebipoest. Vaata lähemalt ballzy.eu.,https://ballzy.eu/et/product/multi-texture-9forty-dodgers-60364230-osfm-cnf,https://backend.ballzy.eu/media/catalog/product/n/e/newera-multi-texture-9forty-dodgers-bee-mtla.jpg,New Era,34.00 EUR,in_stock,Streetbrand OÜ,EE,true,false,true
IF6562_4.5_CNF,Handball spezial w,"adidas spezial jalanõud võeti kasutusele 1979. aastal käsipallisportlaste jaoks, kuid ei läinud kaua aega, enne kui nende vaieldamatu stiil sillutas teed ka väljapoole siseplatsi. see paar tähistab seda rikkalikku minevikku koos iseloomulike disainielementidega, alates mokkamaterjalist pealsest kuni t-kujulise varbakastini. eredad kaasaegsed värvikombinatsioonid lisavad silmapaistvat välimust. pange need jalga ja väljendage oma stiili vintage´ile omaselt. Vaata lähemalt ballzy.eu.",https://ballzy.eu/et/product/handball-spezial-w-if6562-4-5-cnf,https://backend.ballzy.eu/media/catalog/product/a/d/adidas-handball-spezial-w-hall-gytx.jpg,adidas Originals,119.00 EUR,in_stock,Streetbrand OÜ,EE,true,false,true
60424659_OSFM_CNF,Wmns houndstooth 9forty yankees,Spordiriided ballzy veebipoest. Vaata lähemalt ballzy.eu.,https://ballzy.eu/et/product/wmns-houndstooth-9forty-yankees-60424659-osfm-cnf,https://backend.ballzy.eu/media/catalog/product/n/e/newera-wmns-houndstooth-9forty-yankees-must-eloe.jpg,New Era,34.00 EUR,in_stock,Streetbrand OÜ,EE,true,false,true
CW2289_001_8_CNF,Air force 1 mid ´07,"legendaarne af1 stiil&hellip; air force 1 mid '07 on kõik, mida sa kõige paremini tunned: teravad katted, julged aktsendid ja täiuslik kogus välku, mis laseb sul särada. pehmendusega, keskmise lõikega krae koos klassikalise konksuga lisab b-palli mugavust, samal ajal kui perforeeringud varvastel hoiavad sind jahedana&hellip; toote omadused: pehmendusega, keskmise lõikega krae koos klassikalise konksuga lisab mugavust: üle 35 aasta on see olnud mugavus ja vastupidavus otse karbist Vaata lähemalt ballzy.eu.",https://ballzy.eu/et/product/air-force-1-mid-07-cw2289-001-8-cnf,https://backend.ballzy.eu/media/catalog/product/n/i/nike-air-force-1-mid-07-must-sxkf.jpg,Nike,149.00 EUR,in_stock,Streetbrand OÜ,EE,true,false,true
DD8959_001_6.5_CNF,Wmns air force 1 ´07,"legendaarne stiil refined&hellip; sära elab edasi nike air force 1 ´07-s, b-palli ikoonis, mis paneb värske pöörde sellele, mida tunned kõige paremini: karge nahk, julged värvid ja täiuslik kogus välgust, et sind särada&hellip; toote omadused: nike air pehmendus lisab kerget ja kogu päeva kestvat mugavust&hellip; madalalt lõigatud siluett lisab puhta ja voolujoonelise välimuse&hellip; pehmendusega krae on pehme ja mugav&hellip; toote omadused alapealkirjad: pehmendusega krae on p Vaata lähemalt ballzy.eu.",https://ballzy.eu/et/product/wmns-air-force-1-07-dd8959-001-6-5-cnf,https://backend.ballzy.eu/media/catalog/product/n/i/nike-wmns-air-force-1-07-must-pzvr.jpg,Nike,134.00 EUR,in_stock,Streetbrand OÜ,EE,true,false,true
DM4044_100_10_CNF,Nike cortez,"oli 1972. nüüd 2023. mõnikord on rohkem parem. ümberkujundades austusväärse välimuse, oleme uuendanud disaini laiema varbaosa ja tugevamate külgpaneelidega, et saaksite neid mugavalt kanda iga päev. ümbertöödeldud materjalid aitavad vältida väändumist ja lisavad vastupidavust, säilitades samas klassikalise '72 kuju, millesse armunud olete. pitsid, sest traditsioonid muutuvad aina paremaks&hellip; toote omadused: uuesti töödeldud nahast ja tekstiilist materjalid säilitavad sinu ar Vaata lähemalt ballzy.eu.",https://ballzy.eu/et/product/nike-cortez-dm4044-100-10-cnf,https://backend.ballzy.eu/media/catalog/product/n/i/nike-nike-cortez-valge-cflb.jpg,Nike,109.00 EUR,in_stock,Streetbrand OÜ,EE,true,false,true
A30004_35_37_CNF,Merino socks,"Tunne lamba pehmet kallistust ümber oma jalgade! millest me sokime? aja oma igapäevased toimetused korda, roni mõne mäe otsa või istu niisama kodus. mitmekülgsed, mugavad ja kerget hooldust vajavad meriinovillased sokid on nüüd sinu teenistuses! Vaata lähemalt ballzy.eu.",https://ballzy.eu/et/product/merino-socks-a30004-35-37-cnf,https://backend.ballzy.eu/media/catalog/product/w/o/woolish-merino-socks-must-xbex.jpg,Woolish,34.00 EUR,in_stock,Streetbrand OÜ,EE,true,false,true
DK0A4YF1G281_33_CNF,Alma pant,Spordiriided ballzy veebipoest. Vaata lähemalt ballzy.eu.,https://ballzy.eu/et/product/alma-pant-dk0a4yf1g281-33-cnf,https://backend.ballzy.eu/media/catalog/product/d/i/dickies-alma-pant-must-d9vz.jpg,Dickies,89.00 EUR,in_stock,Streetbrand OÜ,EE,true,false,true
DX5080_050_L_CNF,U nk nsw everyday essential an,"casual comfort&hellip; nike everyday essential ankle socks on kerge stiil, mis on pehme sportliku tunnetusega ja valmis igapäevaseks kandmiseks. see toode on valmistatud vähemalt 75% ulatuses ümbertöödeldud polüesterkiududest&hellip; toote omadused: 1/4-pikkune siluett pakub pahkluude katmist&hellip; paks froteepõhi pakub mugavust ja löögisummutust&hellip; dri-fit tehnoloogia aitab jalgadel kuivana ja mugavalt püsida&hellip; kaare ümber olev rihm on mugav ja toetav&hellip; hingav Vaata lähemalt ballzy.eu.",https://ballzy.eu/et/product/u-nk-nsw-everyday-essential-an-dx5080-050-l-cnf,https://backend.ballzy.eu/media/catalog/product/n/i/nike-u-nk-nsw-everyday-essential-an-hall-k9lw.jpg,Nike,19.00 EUR,in_stock,Streetbrand OÜ,EE,true,false,true
HZ0711_M_CNF,Hack aac tee,"sa oled sees. see adidas´i t-särk toob tagasi arhiividest pärit disaini ja tähistab klassikalises vormis vintage-stiilis graafikat. see on valmistatud puhtast puuvillasest singlejersey´st, mis tagab eriti mugava tunde, mis jääb pehmeks päevast päeva ja pesu järel. ribitud kaelaosa hoiab istuvuse kontrolli all ja kootud silt serva lähedal on ideaalne viimistlus. Vaata lähemalt ballzy.eu.",https://ballzy.eu/et/product/hack-aac-tee-hz0711-m-cnf,https://backend.ballzy.eu/media/catalog/product/a/d/adidas-hack-aac-tee-must-h2ns.jpg,adidas Originals,44.00 EUR,in_stock,Streetbrand OÜ,EE,true,false,true
I025268_0147_27_CNF,W´ pierce pant,Spordiriided ballzy veebipoest. Vaata lähemalt ballzy.eu.,https://ballzy.eu/et/product/w-pierce-pant-i025268-0147-27-cnf,https://backend.ballzy.eu/media/catalog/product/c/a/carhartt-w-pierce-pant-sinine-6xmi.jpg,Carhartt WIP,99.00 EUR,in_stock,Streetbrand OÜ,EE,true,false,true
I029208_0106_30_CNF,Newel pant,Spordiriided ballzy veebipoest. Vaata lähemalt ballzy.eu.,https://ballzy.eu/et/product/newel-pant-i029208-0106-30-cnf,https://backend.ballzy.eu/media/catalog/product/c/a/carhartt-newel-pant-sinine-uobb.jpg,Carhartt WIP,99.00 EUR,in_stock,Streetbrand OÜ,EE,true,false,true
I031920_0106_27_CNF,W´ noxon pant,Spordiriided ballzy veebipoest. Vaata lähemalt ballzy.eu.,https://ballzy.eu/et/product/w-noxon-pant-i031920-0106-27-cnf,https://backend.ballzy.eu/media/catalog/product/c/a/carhartt-w-noxon-pant-sinine-atgy.jpg,Carhartt WIP,89.00 EUR,in_stock,Streetbrand OÜ,EE,true,false,true
I031920_8906_27_CNF,W´ noxon pant,Spordiriided ballzy veebipoest. Vaata lähemalt ballzy.eu.,https://ballzy.eu/et/product/w-noxon-pant-i031920-8906-27-cnf,https://backend.ballzy.eu/media/catalog/product/c/a/carhartt-w-noxon-pant-must-is6w.jpg,Carhartt WIP,89.00 EUR,in_stock,Streetbrand OÜ,EE,true,false,true
I032274_1NDXX_S_CNF,L/s charter shirt,"Carhartt wip roheline pika varrukaga l/s charter shirt 100% puuvillast, suurus s. lõdvem lõige, nööpsulgur ja kaks esitaskut, millest ühel on klapp ja nööp. vasakul küljel on tikitud carhartt wip logolabel. pestav käsitsi või masinas. Vaata lähemalt ballzy.eu.",https://ballzy.eu/et/product/l-s-charter-shirt-i032274-1ndxx-s-cnf,https://backend.ballzy.eu/media/catalog/product/c/a/carhartt-l-s-charter-shirt-roheline-s3sg.jpg,Carhartt WIP,129.00 EUR,in_stock,Streetbrand OÜ,EE,true,false,true
I032867_0D2XX_XS_CNF,W´ hooded onyx script sweat,Spordiriided ballzy veebipoest. Vaata lähemalt ballzy.eu.,https://ballzy.eu/et/product/w-hooded-onyx-script-sweat-i032867-0d2xx-xs-cnf,https://backend.ballzy.eu/media/catalog/product/c/a/carhartt-w-hooded-onyx-script-sweat-must-ohmt.jpg,Carhartt WIP,119.00 EUR,in_stock,Streetbrand OÜ,EE,true,false,true
I032883_1YAXX_0_CNF,Newhaven backpack,Spordiriided ballzy veebipoest. Vaata lähemalt ballzy.eu.,https://ballzy.eu/et/product/newhaven-backpack-i032883-1yaxx-0-cnf,https://backend.ballzy.eu/media/catalog/product/c/a/carhartt-newhaven-backpack-pruun-nyqa.jpg,Carhartt WIP,99.00 EUR,in_stock,Streetbrand OÜ,EE,true,false,true
I032894_1YAXX_0_CNF,Newhaven cap,Spordiriided ballzy veebipoest. Vaata lähemalt ballzy.eu.,https://ballzy.eu/et/product/newhaven-cap-i032894-1yaxx-0-cnf,https://backend.ballzy.eu/media/catalog/product/c/a/carhartt-newhaven-cap-pruun-zizd.jpg,Carhartt WIP,39.00 EUR,in_stock,Streetbrand OÜ,EE,true,false,true
VN0009QC6BT1_080_CNF,Knu skool,Spordiriided ballzy veebipoest. Vaata lähemalt ballzy.eu.,https://ballzy.eu/et/product/knu-skool-vn0009qc6bt1-080-cnf,https://backend.ballzy.eu/media/catalog/product/v/a/vans-knu-skool-must-sfs0.jpg,Vans,99.00 EUR,in_stock,Streetbrand OÜ,EE,true,false,true
VN0009QCBKA1_055_CNF,Knu skool,Spordiriided ballzy veebipoest. Vaata lähemalt ballzy.eu.,https://ballzy.eu/et/product/knu-skool-vn0009qcbka1-055-cnf,https://backend.ballzy.eu/media/catalog/product/v/a/vans-knu-skool-must-gxsi.jpg,Vans,99.00 EUR,in_stock,Streetbrand OÜ,EE,true,false,true
GY0042_4.5_CNF,Campus 00s w,"proportsioonid on muutumas ja isiklik stiil valitseb. uue perspektiiviga meie campus 80s´ile näitavad need adidas´i trennid julget lihtsust oma parimas vormis puhta mokkamoe pealse ja klassikaliste kontrastsete 3 triibuga. uuendatud proportsioonid, mis on inspireeritud 2000ndate rulaajastust, toovad sinu igapäevastesse stiilidesse autentse, enesemääratletud meeleolu. Vaata lähemalt ballzy.eu.",https://ballzy.eu/et/product/campus-00s-w-gy0042-4-5-cnf,https://backend.ballzy.eu/media/catalog/product/a/d/adidas-campus-00s-w-hall-hrge.jpg,adidas Originals,119.00 EUR,in_stock,Streetbrand OÜ,EE,true,false,true
I031521_1CQ01_S_CNF,Arbor vest,Spordiriided ballzy veebipoest. Vaata lähemalt ballzy.eu.,https://ballzy.eu/et/product/arbor-vest-i031521-1cq01-s-cnf,https://backend.ballzy.eu/media/catalog/product/c/a/carhartt-arbor-vest-pruun-avpp.jpg,Carhartt WIP,129.00 EUR,in_stock,Streetbrand OÜ,EE,true,false,true
S11577_WW006_6.5_CNF,Low cut shoe z80 desert ash low,Spordiriided ballzy veebipoest. Vaata lähemalt ballzy.eu.,https://ballzy.eu/et/product/low-cut-shoe-z80-desert-ash-low-s11577-ww006-6-5-cnf,https://backend.ballzy.eu/media/catalog/product/c/h/champion-low-cut-shoe-z80-desert-ash-low-roosa-uaxf.jpg,Champion,94.00 EUR,in_stock,Streetbrand OÜ,EE,true,false,true
HQ8707_4.5_CNF,Campus 00s,"kuigi adidas campus´i kingad debüteerisid kõvaplatsil, võeti need kiiresti kasutusele ka mujal. selle paari puhul liigutame ikoonilist siluetti teises suunas ning lisame sellele kaasaegseid materjale, värve ja proportsioone. need on tehtud esmaklassilise nahast pealsega, mis on vooderdatud pehme froteekangaga, kusjuures kõik see on paigutatud naturaalvalge vahepealse peale - selge ühendus campus´i pärandiga. Vaata lähemalt ballzy.eu.",https://ballzy.eu/et/product/campus-00s-hq8707-4-5-cnf,https://backend.ballzy.eu/media/catalog/product/a/d/adidas-campus-00s-hall-mlu4.jpg,adidas Originals,119.00 EUR,in_stock,Streetbrand OÜ,EE,true,false,true
I033096_25UXX_0_CNF,Canvas graphic zip wallet,Spordiriided ballzy veebipoest. Vaata lähemalt ballzy.eu.,https://ballzy.eu/et/product/canvas-graphic-zip-wallet-i033096-25uxx-0-cnf,https://backend.ballzy.eu/media/catalog/product/c/a/carhartt-canvas-graphic-zip-wallet-pruun-uqsm.jpg,Carhartt WIP,29.00 EUR,in_stock,Streetbrand OÜ,EE,true,false,true
I033096_25VXX_0_CNF,Canvas graphic zip wallet,Spordiriided ballzy veebipoest. Vaata lähemalt ballzy.eu.,https://ballzy.eu/et/product/canvas-graphic-zip-wallet-i033096-25vxx-0-cnf,https://backend.ballzy.eu/media/catalog/product/c/a/carhartt-canvas-graphic-zip-wallet-must-snkm.jpg,Carhartt WIP,29.00 EUR,in_stock,Streetbrand OÜ,EE,true,false,true
I033661_00FXX_S_CNF,Hooded chase sweat,Spordiriided ballzy veebipoest. Vaata lähemalt ballzy.eu.,https://ballzy.eu/et/product/hooded-chase-sweat-i033661-00fxx-s-cnf,https://backend.ballzy.eu/media/catalog/product/c/a/carhartt-hooded-chase-sweat-must-cvg9.jpg,Carhartt WIP,84.00 EUR,in_stock,Streetbrand OÜ,EE,true,false,true
39640302_4_CNF,Creeper phatty puma,Spordiriided ballzy veebipoest. Vaata lähemalt ballzy.eu.,https://ballzy.eu/et/product/creeper-phatty-puma-39640302-4-cnf,https://backend.ballzy.eu/media/catalog/product/p/u/puma-creeper-phatty-puma-sinine-j5lm.jpg,Puma,139.00 EUR,in_stock,Streetbrand OÜ,EE,true,false,true
I032966_4702_27_CNF,W´ pierce pant straight,Spordiriided ballzy veebipoest. Vaata lähemalt ballzy.eu.,https://ballzy.eu/et/product/w-pierce-pant-straight-i032966-4702-27-cnf,https://backend.ballzy.eu/media/catalog/product/c/a/carhartt-w-pierce-pant-straight-pruun-6c9a.jpg,Carhartt WIP,109.00 EUR,in_stock,Streetbrand OÜ,EE,true,false,true
OJBF5516_PSUYYPPPPURP_2XL_CNF,Nba heavyweight satin jacket suns,Spordiriided ballzy veebipoest. Vaata lähemalt ballzy.eu.,https://ballzy.eu/et/product/nba-heavyweight-satin-jacket-suns-ojbf5516-psuyyppppurp-2xl-cnf,https://backend.ballzy.eu/media/catalog/product/m/i/mitchell-and-ness-nba-heavyweight-satin-jacket-suns-lilla-4jq0.jpg,Mitchell &amp; Ness,149.00 EUR,in_stock,Streetbrand OÜ,EE,true,false,true
OJBF6043_MNNYYPPPCREA_2XL_CNF,Branded m &amp;n gt coaches jacket,Spordiriided ballzy veebipoest. Vaata lähemalt ballzy.eu.,https://ballzy.eu/et/product/branded-m-n-gt-coaches-jacket-ojbf6043-mnnyypppcrea-2xl-cnf,https://backend.ballzy.eu/media/catalog/product/m/i/mitchell-and-ness-branded-m-n-gt-coaches-jacket-bee-ymtm.jpg,Mitchell &amp; Ness,134.00 EUR,in_stock,Streetbrand OÜ,EE,true,false,true
LAS33763_WT_L_CNF,Nb patch logo crew 3 pairs,Spordiriided ballzy veebipoest. Vaata lähemalt ballzy.eu.,https://ballzy.eu/et/product/nb-patch-logo-crew-3-pairs-las33763-wt-l-cnf,https://backend.ballzy.eu/media/catalog/product/n/e/new-balance-nb-patch-logo-crew-3-pairs-valge-nztl.jpg,New Balance,19.00 EUR,in_stock,Streetbrand OÜ,EE,true,false,true
U9060NRJ_4.5_CNF,New balance u9060,"uus 9060 tõlgendab klassikalistest 99x-seeria mudelitest pärit tuttavaid elemente ümber väänatud tundlikkusega, mis on inspireeritud y2k-ajastu uhkelt futuristlikust, nähtavast tehnoloogilisest esteetikast. sway baarid, mis on võetud mudelilt 990, on laiendatud ja kasutatud kogu pealsel, et tekitada nähtava liikumise tunnet, samas kui lainelised jooned ja skulptuuritud pod-välipõhjal olevad suuremad proportsioonid rõhutavad liialdatult abzorb ja sbs tuttavaid pehmendusplatvorme.</ Vaata lähemalt ballzy.eu.",https://ballzy.eu/et/product/new-balance-u9060-u9060nrj-4-5-cnf,https://backend.ballzy.eu/media/catalog/product/n/e/new-balance-new-balance-u9060-valge-fojl.jpg,New Balance,199.00 EUR,in_stock,Streetbrand OÜ,EE,true,false,true
FD5185_010_L_XL_CNF,J club cap us cb jumpman,"sinu uus igapäevane isamüts on maandunud. sellel kuuepaneelilisel disainil on struktureerimata, madala profiiliga kroon, kumer äär ja reguleeritav sulgur. see kõik on ühendatud tagasihoidliku jumpmani graafikaga ees&hellip; tooteomadused: tikitud graafika lisab teie välimusele tekstuuri&hellip; higistuspael tagab jaheda, mugava tunde&hellip; reguleeritav snapbacki sulgemine tagab isikliku sobivuse&hellip; tooteomadused alapealkirjad: tikitud graafika lisab teie välimusele tekstuu Vaata lähemalt ballzy.eu.",https://ballzy.eu/et/product/j-club-cap-us-cb-jumpman-fd5185-010-l-xl-cnf,https://backend.ballzy.eu/media/catalog/product/j/o/jordan-j-club-cap-us-cb-jumpman-must-25dp.jpg,Jordan,29.00 EUR,in_stock,Streetbrand OÜ,EE,true,false,true
IR5733_S_CNF,Silv crew 2pp,"tõsta originaalidest inspireeritud stiili nende adidas´i meeskonnasokkidega. need on pehmendusega, mis toetavad teie jalgu terve päeva. kombineeri ja sobita paari või kanna neid kooskõlastatult, et saavutada ühtne stiil. valides taaskasutatavad, saame taaskasutada juba loodud materjale, mis aitab vähendada jäätmeid. taastuvate materjalide valik aitab meil kaotada sõltuvust piiratud ressurssidest. meie tooted, mis on valmistatud ringlussevõetud ja taastuvate materjalide segust, Vaata lähemalt ballzy.eu.",https://ballzy.eu/et/product/silv-crew-2pp-ir5733-s-cnf,https://backend.ballzy.eu/media/catalog/product/a/d/adidas-silv-crew-2pp-must-jyjy.jpg,adidas Originals,23.00 EUR,in_stock,Streetbrand OÜ,EE,true,false,true
39646401_4_CNF,Palermo lth puma,Spordiriided ballzy veebipoest. Vaata lähemalt ballzy.eu.,https://ballzy.eu/et/product/palermo-lth-puma-39646401-4-cnf,https://backend.ballzy.eu/media/catalog/product/p/u/puma-palermo-lth-puma-valge-unlf.jpg,Puma,94.00 EUR,in_stock,Streetbrand OÜ,EE,true,false,true
MT41534_BK_2XL_CNF,Nb athletics french terry hoodie,Spordiriided ballzy veebipoest. Vaata lähemalt ballzy.eu.,https://ballzy.eu/et/product/nb-athletics-french-terry-hoodie-mt41534-bk-2xl-cnf,https://backend.ballzy.eu/media/catalog/product/n/e/new-balance-nb-athletics-french-terry-hoodie-must-5tjg.jpg,New Balance,94.00 EUR,in_stock,Streetbrand OÜ,EE,true,false,true
FD5185_011_L_XL_CNF,J club cap us cb jumpman,"sinu uus igapäevane isamüts on maandunud. sellel kuuepaneelilisel disainil on struktureerimata, madala profiiliga kroon, kumer äär ja reguleeritav sulgur. see kõik on ühendatud tagasihoidliku jumpmani graafikaga ees&hellip; tooteomadused: tikitud graafika lisab teie välimusele tekstuuri&hellip; higistuspael tagab jaheda, mugava tunde&hellip; reguleeritav snapbacki sulgemine tagab isikliku sobivuse&hellip; tooteomadused alapealkirjad: tikitud graafika lisab teie välimusele tekstuu Vaata lähemalt ballzy.eu.",https://ballzy.eu/et/product/j-club-cap-us-cb-jumpman-fd5185-011-l-xl-cnf,https://backend.ballzy.eu/media/catalog/product/j/o/jordan-j-club-cap-us-cb-jumpman-must-fh0x.jpg,Jordan,29.00 EUR,in_stock,Streetbrand OÜ,EE,true,false,true
FN3122_437_L_CNF,M nl striped hvywt rugby ft,Spordiriided ballzy veebipoest. Vaata lähemalt ballzy.eu.,https://ballzy.eu/et/product/m-nl-striped-hvywt-rugby-ft-fn3122-437-l-cnf,https://backend.ballzy.eu/media/catalog/product/n/i/nike-m-nl-striped-hvywt-rugby-ft-sinine-zom0.jpg,Nike,134.00 EUR,in_stock,Streetbrand OÜ,EE,true,false,true
SJKT6599_CBUYYPPPSCAR_L_CNF,Nba lightweight satin bomber vintage logo bulls,Spordiriided ballzy veebipoest. Vaata lähemalt ballzy.eu.,https://ballzy.eu/et/product/nba-lightweight-satin-bomber-vintage-logo-bulls-sjkt6599-cbuyypppscar-l-cnf,https://backend.ballzy.eu/media/catalog/product/m/i/mitchell-and-ness-nba-lightweight-satin-bomber-vintage-logo-bulls-punane-hw74.jpg,Mitchell &amp; Ness,179.00 EUR,in_stock,Streetbrand OÜ,EE,true,false,true
SJKT6599_NYKYYPPPROYA_L_CNF,Nba lightweight satin bomber vintage logo knicks,Spordiriided ballzy veebipoest. Vaata lähemalt ballzy.eu.,https://ballzy.eu/et/product/nba-lightweight-satin-bomber-vintage-logo-knicks-sjkt6599-nykyyppproya-l-cnf,https://backend.ballzy.eu/media/catalog/product/m/i/mitchell-and-ness-nba-lightweight-satin-bomber-vintage-logo-knicks-sinine-xur3.jpg,Mitchell &amp; Ness,179.00 EUR,in_stock,Streetbrand OÜ,EE,true,false,true
VN0009PVB9M1_055_CNF,Authentic,Spordiriided ballzy veebipoest. Vaata lähemalt ballzy.eu.,https://ballzy.eu/et/product/authentic-vn0009pvb9m1-055-cnf,https://backend.ballzy.eu/media/catalog/product/v/a/vans-authentic-must-5spj.jpg,Vans,74.00 EUR,in_stock,Streetbrand OÜ,EE,true,false,true
VN0009QCNWD1_050_CNF,Knu skool,Spordiriided ballzy veebipoest. Vaata lähemalt ballzy.eu.,https://ballzy.eu/et/product/knu-skool-vn0009qcnwd1-050-cnf,https://backend.ballzy.eu/media/catalog/product/v/a/vans-knu-skool-sinine-2fzt.jpg,Vans,99.00 EUR,in_stock,Streetbrand OÜ,EE,true,false,true
397000580_0494_S_CNF,Community garden hoodie,Spordiriided ballzy veebipoest. Vaata lähemalt ballzy.eu.,https://ballzy.eu/et/product/community-garden-hoodie-397000580-0494-s-cnf,https://backend.ballzy.eu/media/catalog/product/m/a/market-community-garden-hoodie-roheline-ucue.jpg,Market,129.00 EUR,in_stock,Streetbrand OÜ,EE,true,false,true
397000588_1232_S_CNF,Fragile hoodie,Spordiriided ballzy veebipoest. Vaata lähemalt ballzy.eu.,https://ballzy.eu/et/product/fragile-hoodie-397000588-1232-s-cnf,https://backend.ballzy.eu/media/catalog/product/m/a/market-fragile-hoodie-roosa-0cro.jpg,Market,129.00 EUR,in_stock,Streetbrand OÜ,EE,true,false,true
397000595_0494_S_CNF,Vintage wash arc hoodie,Spordiriided ballzy veebipoest. Vaata lähemalt ballzy.eu.,https://ballzy.eu/et/product/vintage-wash-arc-hoodie-397000595-0494-s-cnf,https://backend.ballzy.eu/media/catalog/product/m/a/market-vintage-wash-arc-hoodie-roheline-ekc9.jpg,Market,129.00 EUR,in_stock,Streetbrand OÜ,EE,true,false,true
397000595_1245_S_CNF,Vintage wash arc hoodie,Spordiriided ballzy veebipoest. Vaata lähemalt ballzy.eu.,https://ballzy.eu/et/product/vintage-wash-arc-hoodie-397000595-1245-s-cnf,https://backend.ballzy.eu/media/catalog/product/m/a/market-vintage-wash-arc-hoodie-bee-hmcq.jpg,Market,129.00 EUR,in_stock,Streetbrand OÜ,EE,true,false,true
FV5951_111_3.5Y_CNF,Air force 1 le gs,"af1-s on palju, mida armastada: selle vastupidav õmblus ja hea haarduvus aitavad lastel leida jalga nii esimestel kui ka vihmastel päevadel. see on kinga, mis oli 20 aastat tagasi sama lahe kui täna ja on seda ka siis, kui see on kaetud plekkide, kriimustuste ja kriimustustega. tegelikult võib see olla isegi parem&hellip; toote omadused: ehtne ja sünteetiline nahk muudab need jalatsid vastupidavaks - täpselt nagu vanakooli air force 1, mis esmakordselt ilmus aastal '82&hellip; va Vaata lähemalt ballzy.eu.",https://ballzy.eu/et/product/air-force-1-le-gs-fv5951-111-3-5y-cnf,https://backend.ballzy.eu/media/catalog/product/n/i/nike-air-force-1-le-gs-valge-9jem.jpg,Nike,109.00 EUR,in_stock,Streetbrand OÜ,EE,true,false,true
11405614_OSFA_CNF,The league bulls,Spordiriided ballzy veebipoest. Vaata lähemalt ballzy.eu.,https://ballzy.eu/et/product/the-league-bulls-11405614-osfa-cnf,https://backend.ballzy.eu/media/catalog/product/n/e/newera-the-league-bulls-must-tlu2.jpg,New Era,32.00 EUR,in_stock,Streetbrand OÜ,EE,true,false,true
12052000_OSFM_CNF,League essential 940 dodgers,Spordiriided ballzy veebipoest. Vaata lähemalt ballzy.eu.,https://ballzy.eu/et/product/league-essential-940-dodgers-12052000-osfm-cnf,https://backend.ballzy.eu/media/catalog/product/n/e/newera-league-essential-940-dodgers-must-5rmv.jpg,New Era,29.00 EUR,in_stock,Streetbrand OÜ,EE,true,false,true
390000352_0001_OS_CNF,C.a.m. cap,Spordiriided ballzy veebipoest. Vaata lähemalt ballzy.eu.,https://ballzy.eu/et/product/c-a-m-cap-390000352-0001-os-cnf,https://backend.ballzy.eu/media/catalog/product/m/a/market-c-a-m-cap-must-hm5q.jpg,Market,59.00 EUR,in_stock,Streetbrand OÜ,EE,true,false,true
60292635_OSFM_CNF,Wmns league ess 9forty yankees,Spordiriided ballzy veebipoest. Vaata lähemalt ballzy.eu.,https://ballzy.eu/et/product/wmns-league-ess-9forty-yankees-60292635-osfm-cnf,https://backend.ballzy.eu/media/catalog/product/n/e/newera-wmns-league-ess-9forty-yankees-bee-wbfs.jpg,New Era,29.00 EUR,in_stock,Streetbrand OÜ,EE,true,false,true
60434914_OSFM_CNF,Wmns ne 9twenty,Spordiriided ballzy veebipoest. Vaata lähemalt ballzy.eu.,https://ballzy.eu/et/product/wmns-ne-9twenty-60434914-osfm-cnf,https://backend.ballzy.eu/media/catalog/product/n/e/newera-wmns-ne-9twenty-pruun-mf9y.jpg,New Era,34.00 EUR,in_stock,Streetbrand OÜ,EE,true,false,true
60434924_OSFM_CNF,Wmns ne 9twenty,Spordiriided ballzy veebipoest. Vaata lähemalt ballzy.eu.,https://ballzy.eu/et/product/wmns-ne-9twenty-60434924-osfm-cnf,https://backend.ballzy.eu/media/catalog/product/n/e/newera-wmns-ne-9twenty-valge-9fyq.jpg,New Era,34.00 EUR,in_stock,Streetbrand OÜ,EE,true,false,true
60434977_OSFM_CNF,Wmns bubble stitch 9forty yankees,Spordiriided ballzy veebipoest. Vaata lähemalt ballzy.eu.,https://ballzy.eu/et/product/wmns-bubble-stitch-9forty-yankees-60434977-osfm-cnf,https://backend.ballzy.eu/media/catalog/product/n/e/newera-wmns-bubble-stitch-9forty-yankees-bee-70le.jpg,New Era,34.00 EUR,in_stock,Streetbrand OÜ,EE,true,false,true
60435006_OSFM_CNF,Wmns velour trucker dodgers,Spordiriided ballzy veebipoest. Vaata lähemalt ballzy.eu.,https://ballzy.eu/et/product/wmns-velour-trucker-dodgers-60435006-osfm-cnf,https://backend.ballzy.eu/media/catalog/product/n/e/newera-wmns-velour-trucker-dodgers-sinine-l2fq.jpg,New Era,39.00 EUR,in_stock,Streetbrand OÜ,EE,true,false,true
60435075_ML_CNF,New world 9fifty,Spordiriided ballzy veebipoest. Vaata lähemalt ballzy.eu.,https://ballzy.eu/et/product/new-world-9fifty-60435075-ml-cnf,https://backend.ballzy.eu/media/catalog/product/n/e/newera-new-world-9fifty-bee-9vob.jpg,New Era,39.00 EUR,in_stock,Streetbrand OÜ,EE,true,false,true
60435081_OSFM_CNF,Minor league 9forty,Spordiriided ballzy veebipoest. Vaata lähemalt ballzy.eu.,https://ballzy.eu/et/product/minor-league-9forty-60435081-osfm-cnf,https://backend.ballzy.eu/media/catalog/product/n/e/newera-minor-league-9forty-must-ww33.jpg,New Era,34.00 EUR,in_stock,Streetbrand OÜ,EE,true,false,true
60435082_OSFM_CNF,Minor league 9forty,Spordiriided ballzy veebipoest. Vaata lähemalt ballzy.eu.,https://ballzy.eu/et/product/minor-league-9forty-60435082-osfm-cnf,https://backend.ballzy.eu/media/catalog/product/n/e/newera-minor-league-9forty-punane-useu.jpg,New Era,34.00 EUR,in_stock,Streetbrand OÜ,EE,true,false,true
60435130_OSFM_CNF,Side patch 9forty raiders,Spordiriided ballzy veebipoest. Vaata lähemalt ballzy.eu.,https://ballzy.eu/et/product/side-patch-9forty-raiders-60435130-osfm-cnf,https://backend.ballzy.eu/media/catalog/product/n/e/newera-side-patch-9forty-raiders-hall-6mpv.jpg,New Era,39.00 EUR,in_stock,Streetbrand OÜ,EE,true,false,true
60471459_OSFM_CNF,Nos league ess 9forty yankees,Spordiriided ballzy veebipoest. Vaata lähemalt ballzy.eu.,https://ballzy.eu/et/product/nos-league-ess-9forty-yankees-60471459-osfm-cnf,https://backend.ballzy.eu/media/catalog/product/n/e/newera-nos-league-ess-9forty-yankees-bee-zgp0.jpg,New Era,29.00 EUR,in_stock,Streetbrand OÜ,EE,true,false,true
60471465_OSFM_CNF,Nos league ess 9twenty yankees,Spordiriided ballzy veebipoest. Vaata lähemalt ballzy.eu.,https://ballzy.eu/et/product/nos-league-ess-9twenty-yankees-60471465-osfm-cnf,https://backend.ballzy.eu/media/catalog/product/n/e/newera-nos-league-ess-9twenty-yankees-must-yneg.jpg,New Era,29.00 EUR,in_stock,Streetbrand OÜ,EE,true,false,true
60471475_OSFM_CNF,Nos league ess 9twenty yankees,Spordiriided ballzy veebipoest. Vaata lähemalt ballzy.eu.,https://ballzy.eu/et/product/nos-league-ess-9twenty-yankees-60471475-osfm-cnf,https://backend.ballzy.eu/media/catalog/product/n/e/newera-nos-league-ess-9twenty-yankees-pruun-sfpp.jpg,New Era,29.00 EUR,in_stock,Streetbrand OÜ,EE,true,false,true
60471482_OSFM_CNF,Nba essential 9forty lakers,Spordiriided ballzy veebipoest. Vaata lähemalt ballzy.eu.,https://ballzy.eu/et/product/nba-essential-9forty-lakers-60471482-osfm-cnf,https://backend.ballzy.eu/media/catalog/product/n/e/newera-nba-essential-9forty-lakers-must-y4rz.jpg,New Era,29.00 EUR,in_stock,Streetbrand OÜ,EE,true,false,true
60471485_OSFM_CNF,Nba essential 9forty bulls,Spordiriided ballzy veebipoest. Vaata lähemalt ballzy.eu.,https://ballzy.eu/et/product/nba-essential-9forty-bulls-60471485-osfm-cnf,https://backend.ballzy.eu/media/catalog/product/n/e/newera-nba-essential-9forty-bulls-must-loou.jpg,New Era,29.00 EUR,in_stock,Streetbrand OÜ,EE,true,false,true
80489299_OSFA_CNF,League essential wmn yankees,Spordiriided ballzy veebipoest. Vaata lähemalt ballzy.eu.,https://ballzy.eu/et/product/league-essential-wmn-yankees-80489299-osfa-cnf,https://backend.ballzy.eu/media/catalog/product/n/e/newera-league-essential-wmn-yankees-roosa-do7y.jpg,New Era,29.00 EUR,in_stock,Streetbrand OÜ,EE,true,false,true
80524868_OSFA_CNF,Wmn essential 940 yankees,Spordiriided ballzy veebipoest. Vaata lähemalt ballzy.eu.,https://ballzy.eu/et/product/wmn-essential-940-yankees-80524868-osfa-cnf,https://backend.ballzy.eu/media/catalog/product/n/e/newera-wmn-essential-940-yankees-valge-rydb.jpg,New Era,29.00 EUR,in_stock,Streetbrand OÜ,EE,true,false,true
DD1391_101_11_CNF,Nike dunk low retro,"true to your crew&hellip; nike dunk low retro, mis on loodud kõvaplatsile, kuid viidud tänavatele, naaseb teravate kattematerjalide ja originaalsete meeskonnavärvidega. see korvpalli ikoon kanaliseerib '80ndate vibratsiooni kõrgekvaliteedilise nahaga pealses, mis näeb hea välja ja murdub veelgi paremini. kaasaegne jalatsitehnoloogia aitab tuua mugavuse 21. sajandisse&hellip; toote omadused: premium nahk pealses on täiusliku läikega ja murdub ilusti sisse&hellip; kaasaegne vahtpol Vaata lähemalt ballzy.eu.",https://ballzy.eu/et/product/nike-dunk-low-retro-dd1391-101-11-cnf,https://backend.ballzy.eu/media/catalog/product/n/i/nike-nike-dunk-low-retro-roheline-blkt.jpg,Nike,129.00 EUR,in_stock,Streetbrand OÜ,EE,true,false,true
DK0A4XEKRBK1_26_CNF,Ellendale denim,Spordiriided ballzy veebipoest. Vaata lähemalt ballzy.eu.,https://ballzy.eu/et/product/ellendale-denim-dk0a4xekrbk1-26-cnf,https://backend.ballzy.eu/media/catalog/product/d/i/dickies-ellendale-denim-must-pv8f.jpg,Dickies,84.00 EUR,in_stock,Streetbrand OÜ,EE,true,false,true
DK0A4XKBBLK1_26_CNF,Elizaville rec,Spordiriided ballzy veebipoest. Vaata lähemalt ballzy.eu.,https://ballzy.eu/et/product/elizaville-rec-dk0a4xkbblk1-26-cnf,https://backend.ballzy.eu/media/catalog/product/d/i/dickies-elizaville-rec-must-j2kq.jpg,Dickies,74.00 EUR,in_stock,Streetbrand OÜ,EE,true,false,true
I033091_21ZXX_0_CNF,Linus cap,Spordiriided ballzy veebipoest. Vaata lähemalt ballzy.eu.,https://ballzy.eu/et/product/linus-cap-i033091-21zxx-0-cnf,https://backend.ballzy.eu/media/catalog/product/c/a/carhartt-linus-cap-sinine-0nph.jpg,Carhartt WIP,54.00 EUR,in_stock,Streetbrand OÜ,EE,true,false,true
DK0A4XYWA281_L_CNF,Summerdale hoodie,Spordiriided ballzy veebipoest. Vaata lähemalt ballzy.eu.,https://ballzy.eu/et/product/summerdale-hoodie-dk0a4xywa281-l-cnf,https://backend.ballzy.eu/media/catalog/product/d/i/dickies-summerdale-hoodie-valge-rudh.jpg,Dickies,74.00 EUR,in_stock,Streetbrand OÜ,EE,true,false,true
DK0A4Y8LWHX1_L_CNF,Oakport boxy ss tee,Spordiriided ballzy veebipoest. Vaata lähemalt ballzy.eu.,https://ballzy.eu/et/product/oakport-boxy-ss-tee-dk0a4y8lwhx1-l-cnf,https://backend.ballzy.eu/media/catalog/product/d/i/dickies-oakport-boxy-ss-tee-valge-h3rk.jpg,Dickies,34.00 EUR,in_stock,Streetbrand OÜ,EE,true,false,true
DK0A4YQNH861_L_CNF,Newington jacket,Spordiriided ballzy veebipoest. Vaata lähemalt ballzy.eu.,https://ballzy.eu/et/product/newington-jacket-dk0a4yqnh861-l-cnf,https://backend.ballzy.eu/media/catalog/product/d/i/dickies-newington-jacket-must-qhpd.jpg,Dickies,129.00 EUR,in_stock,Streetbrand OÜ,EE,true,false,true
DK0A4YRQC581_L_CNF,Altoona tee ss w,Spordiriided ballzy veebipoest. Vaata lähemalt ballzy.eu.,https://ballzy.eu/et/product/altoona-tee-ss-w-dk0a4yrqc581-l-cnf,https://backend.ballzy.eu/media/catalog/product/d/i/dickies-altoona-tee-ss-w-valge-2y5n.jpg,Dickies,39.00 EUR,in_stock,Streetbrand OÜ,EE,true,false,true
DK0A4YSBH861_30_CNF,Newington pant,Spordiriided ballzy veebipoest. Vaata lähemalt ballzy.eu.,https://ballzy.eu/et/product/newington-pant-dk0a4ysbh861-30-cnf,https://backend.ballzy.eu/media/catalog/product/d/i/dickies-newington-pant-hall-90p4.jpg,Dickies,89.00 EUR,in_stock,Streetbrand OÜ,EE,true,false,true
FN6364_010_L_CNF,M j ess stmt wash chi pant,Spordiriided ballzy veebipoest. Vaata lähemalt ballzy.eu.,https://ballzy.eu/et/product/m-j-ess-stmt-wash-chi-pant-fn6364-010-l-cnf,https://backend.ballzy.eu/media/catalog/product/n/i/nike-m-j-ess-stmt-wash-chi-pant-must-zpph.jpg,Jordan,149.00 EUR,in_stock,Streetbrand OÜ,EE,true,false,true
397000592_0494_S_CNF,Designer panel hoodie,Spordiriided ballzy veebipoest. Vaata lähemalt ballzy.eu.,https://ballzy.eu/et/product/designer-panel-hoodie-397000592-0494-s-cnf,https://backend.ballzy.eu/media/catalog/product/m/a/market-designer-panel-hoodie-roheline-de0f.jpg,Market,129.00 EUR,in_stock,Streetbrand OÜ,EE,true,false,true
DK0A4YKYWHX1_30_32_CNF,M relaxed fit cotton painter´s pant,Spordiriided ballzy veebipoest. Vaata lähemalt ballzy.eu.,https://ballzy.eu/et/product/m-relaxed-fit-cotton-painter-s-pant-dk0a4ykywhx1-30-32-cnf,https://backend.ballzy.eu/media/catalog/product/d/i/dickies-m-relaxed-fit-cotton-painter-s-pant-valge-2fpx.jpg,Dickies,79.00 EUR,in_stock,Streetbrand OÜ,EE,true,false,true
39590901_8_CNF,Velophasis,Spordiriided ballzy veebipoest. Vaata lähemalt ballzy.eu.,https://ballzy.eu/et/product/velophasis-39590901-8-cnf,https://backend.ballzy.eu/media/catalog/product/p/u/puma-velophasis-pruun-ufcl.jpg,Puma,134.00 EUR,in_stock,Streetbrand OÜ,EE,true,false,true
39646306_4_CNF,Palermo,Spordiriided ballzy veebipoest. Vaata lähemalt ballzy.eu.,https://ballzy.eu/et/product/palermo-39646306-4-cnf,https://backend.ballzy.eu/media/catalog/product/p/u/puma-palermo-roosa-bbkv.jpg,Puma,94.00 EUR,in_stock,Streetbrand OÜ,EE,true,false,true
39647501_4_CNF,Velophasis 372.5,Spordiriided ballzy veebipoest. Vaata lähemalt ballzy.eu.,https://ballzy.eu/et/product/velophasis-372-5-39647501-4-cnf,https://backend.ballzy.eu/media/catalog/product/p/u/puma-velophasis-372-5-hall-c1t2.jpg,Puma,144.00 EUR,in_stock,Streetbrand OÜ,EE,true,false,true
39647903_4_CNF,Velophasis,Spordiriided ballzy veebipoest. Vaata lähemalt ballzy.eu.,https://ballzy.eu/et/product/velophasis-39647903-4-cnf,https://backend.ballzy.eu/media/catalog/product/p/u/puma-velophasis-multicolor-cywj.jpg,Puma,134.00 EUR,in_stock,Streetbrand OÜ,EE,true,false,true
62439383_S_CNF,T7 for the fanbase track pants,Spordiriided ballzy veebipoest. Vaata lähemalt ballzy.eu.,https://ballzy.eu/et/product/t7-for-the-fanbase-track-pants-62439383-s-cnf,https://backend.ballzy.eu/media/catalog/product/p/u/puma-t7-for-the-fanbase-track-pants-bee-ji1t.jpg,Puma,84.00 EUR,in_stock,Streetbrand OÜ,EE,true,false,true
62472401_S_CNF,Puma x staple graphic tee,Spordiriided ballzy veebipoest. Vaata lähemalt ballzy.eu.,https://ballzy.eu/et/product/puma-x-staple-graphic-tee-62472401-s-cnf,https://backend.ballzy.eu/media/catalog/product/p/u/puma-puma-x-staple-graphic-tee-must-6hh9.jpg,Puma,44.00 EUR,in_stock,Streetbrand OÜ,EE,true,false,true
62472465_S_CNF,Puma x staple graphic tee,Spordiriided ballzy veebipoest. Vaata lähemalt ballzy.eu.,https://ballzy.eu/et/product/puma-x-staple-graphic-tee-62472465-s-cnf,https://backend.ballzy.eu/media/catalog/product/p/u/puma-puma-x-staple-graphic-tee-valge-jpyb.jpg,Puma,44.00 EUR,in_stock,Streetbrand OÜ,EE,true,false,true
62472501_S_CNF,Puma x staple graphic hoodie,Spordiriided ballzy veebipoest. Vaata lähemalt ballzy.eu.,https://ballzy.eu/et/product/puma-x-staple-graphic-hoodie-62472501-s-cnf,https://backend.ballzy.eu/media/catalog/product/p/u/puma-puma-x-staple-graphic-hoodie-must-f6iv.jpg,Puma,84.00 EUR,in_stock,Streetbrand OÜ,EE,true,false,true
62509765_S_CNF,Puma x staple aop tee,Spordiriided ballzy veebipoest. Vaata lähemalt ballzy.eu.,https://ballzy.eu/et/product/puma-x-staple-aop-tee-62509765-s-cnf,https://backend.ballzy.eu/media/catalog/product/p/u/puma-puma-x-staple-aop-tee-valge-vihh.jpg,Puma,44.00 EUR,in_stock,Streetbrand OÜ,EE,true,false,true
DK0A4YOZF901_OSFA_CNF,Lisbon mini backpack,Spordiriided ballzy veebipoest. Vaata lähemalt ballzy.eu.,https://ballzy.eu/et/product/lisbon-mini-backpack-dk0a4yozf901-osfa-cnf,https://backend.ballzy.eu/media/catalog/product/d/i/dickies-lisbon-mini-backpack-valge-ar3v.jpg,Dickies,49.00 EUR,in_stock,Streetbrand OÜ,EE,true,false,true
DK0A4YPGC581_OSFA_CNF,Shawsville trucker,Spordiriided ballzy veebipoest. Vaata lähemalt ballzy.eu.,https://ballzy.eu/et/product/shawsville-trucker-dk0a4ypgc581-osfa-cnf,https://backend.ballzy.eu/media/catalog/product/d/i/dickies-shawsville-trucker-valge-hmse.jpg,Dickies,39.00 EUR,in_stock,Streetbrand OÜ,EE,true,false,true
DK0A4Z23BLK1_L_CNF,Lined eisenhower crop w rec,Spordiriided ballzy veebipoest. Vaata lähemalt ballzy.eu.,https://ballzy.eu/et/product/lined-eisenhower-crop-w-rec-dk0a4z23blk1-l-cnf,https://backend.ballzy.eu/media/catalog/product/d/i/dickies-lined-eisenhower-crop-w-rec-must-zmml.jpg,Dickies,99.00 EUR,in_stock,Streetbrand OÜ,EE,true,false,true
DK0A4Z23KHK1_L_CNF,Lined eisenhower crop w rec,Spordiriided ballzy veebipoest. Vaata lähemalt ballzy.eu.,https://ballzy.eu/et/product/lined-eisenhower-crop-w-rec-dk0a4z23khk1-l-cnf,https://backend.ballzy.eu/media/catalog/product/d/i/dickies-lined-eisenhower-crop-w-rec-bee-udrk.jpg,Dickies,99.00 EUR,in_stock,Streetbrand OÜ,EE,true,false,true
I026588_1YEGD_26_CNF,W´ pierce pant straight,Spordiriided ballzy veebipoest. Vaata lähemalt ballzy.eu.,https://ballzy.eu/et/product/w-pierce-pant-straight-i026588-1yegd-26-cnf,https://backend.ballzy.eu/media/catalog/product/c/a/carhartt-w-pierce-pant-straight-hall-4uon.jpg,Carhartt WIP,89.00 EUR,in_stock,Streetbrand OÜ,EE,true,false,true
I029208_0112_30_CNF,Newel pant,Spordiriided ballzy veebipoest. Vaata lähemalt ballzy.eu.,https://ballzy.eu/et/product/newel-pant-i029208-0112-30-cnf,https://backend.ballzy.eu/media/catalog/product/c/a/carhartt-newel-pant-sinine-hp3p.jpg,Carhartt WIP,99.00 EUR,in_stock,Streetbrand OÜ,EE,true,false,true
I033227_931XX_S_CNF,A-shirt,Spordiriided ballzy veebipoest. Vaata lähemalt ballzy.eu.,https://ballzy.eu/et/product/a-shirt-i033227-931xx-s-cnf,https://backend.ballzy.eu/media/catalog/product/c/a/carhartt-a-shirt-valge-xuqr.jpg,Carhartt WIP,39.00 EUR,in_stock,Streetbrand OÜ,EE,true,false,true
I033661_00HXX_S_CNF,Hooded chase sweat,Spordiriided ballzy veebipoest. Vaata lähemalt ballzy.eu.,https://ballzy.eu/et/product/hooded-chase-sweat-i033661-00hxx-s-cnf,https://backend.ballzy.eu/media/catalog/product/c/a/carhartt-hooded-chase-sweat-sinine-c1or.jpg,Carhartt WIP,84.00 EUR,in_stock,Streetbrand OÜ,EE,true,false,true
I033661_00JXX_S_CNF,Hooded chase sweat,Spordiriided ballzy veebipoest. Vaata lähemalt ballzy.eu.,https://ballzy.eu/et/product/hooded-chase-sweat-i033661-00jxx-s-cnf,https://backend.ballzy.eu/media/catalog/product/c/a/carhartt-hooded-chase-sweat-hall-p76i.jpg,Carhartt WIP,84.00 EUR,in_stock,Streetbrand OÜ,EE,true,false,true
ID0478_4.5_CNF,Samba og w,"neile, kes pigem määravad trende, kui järgivad neid, on adidas samba og kingad kohustuslikus korras. need algselt siseruumijalgpalli jaoks loodud jalatsid on juba ammu ületanud oma sportliku alguse. esmaklassiline nahast pealne ja nubukist kattekihid moodustavad ikoonilise silueti, mis sobib ideaalselt stiilseks väljaminekuks. kuldsed aktsendid ja 3 triipu küljel annavad peene vihjeid adidas´i pärandile. tõeline klassika, mis on uuesti defineeritud tänapäeva maitsemeeste jaoks. < Vaata lähemalt ballzy.eu.",https://ballzy.eu/et/product/samba-og-w-id0478-4-5-cnf,https://backend.ballzy.eu/media/catalog/product/a/d/adidas-samba-og-w-bee-ixpb.jpg,adidas Originals,119.00 EUR,in_stock,Streetbrand OÜ,EE,true,false,true
IF6491_4.5_CNF,Handball spezial w,"libistage ikoonilisse stiili ja mugavusse. need adidas originals handball spezial jalanõud on inspireeritud 1979. aastal valminud klassikast, mis on nüüd tänavale ümber kujundatud. siledast mokkast ja nahast pealne annab esmaklassilise, rafineeritud välimuse, mis sobib iga vabaaja riietusega. autentsed detailid, nagu spezial´i keelelogo ja metallist allkiri küljel, jäävad adidas´i pärandile truuks. kummist välistald pakub pidavust kõigi igapäevaste seikluste jaoks. </h Vaata lähemalt ballzy.eu.",https://ballzy.eu/et/product/handball-spezial-w-if6491-4-5-cnf,https://backend.ballzy.eu/media/catalog/product/a/d/adidas-handball-spezial-w-hall-eijq.jpg,adidas Originals,119.00 EUR,in_stock,Streetbrand OÜ,EE,true,false,true
IS0338_OSFW_CNF,Script snapback,"see adidas´i snapback-müts hoiab su stiili alati au sees, olenemata sellest, kas sa lähed tänavatele või skateparki. läikiv trikotaažmaterjal ja julge, kõrgendatud tikand teevad endast märku, kui sõidad mööda. reguleeri snapbacki kinnitus, et see sobiks sulle sobivalt ja sul on igapäevaelu jaoks hädavajalik müts, mis on alati valmis. see toode on valmistatud vähemalt 50% ulatuses taaskasutatud materjalidest. juba loodud materjalide taaskasutamisega aitame vähendada jäätmeid ja m Vaata lähemalt ballzy.eu.",https://ballzy.eu/et/product/script-snapback-is0338-osfw-cnf,https://backend.ballzy.eu/media/catalog/product/a/d/adidas-script-snapback-must-xamq.jpg,adidas Originals,24.00 EUR,in_stock,Streetbrand OÜ,EE,true,false,true
IS0740_S_CNF,Adbrk sock 2pp,"need adidas´i sokid pakuvad jalale mugavust ja stiili. need on valmistatud pehmest puuvillasegust, mis tagab mugavuse kogu päevaks. allkirjastatud 3-triibulised triibud jooksevad külgedel täiuslikus sümmeetrias, mis tuletavad meelde sportlikku vaimu, mis ei tunne piire. Vaata lähemalt ballzy.eu.",https://ballzy.eu/et/product/adbrk-sock-2pp-is0740-s-cnf,https://backend.ballzy.eu/media/catalog/product/a/d/adidas-adbrk-sock-2pp-multicolor-vbvc.jpg,adidas Originals,23.00 EUR,in_stock,Streetbrand OÜ,EE,true,false,true
VN000GKD2N11_OSFA_CNF,My pace curved bill jockey oatmeal,Spordiriided ballzy veebipoest. Vaata lähemalt ballzy.eu.,https://ballzy.eu/et/product/my-pace-curved-bill-jockey-oatmeal-vn000gkd2n11-osfa-cnf,https://backend.ballzy.eu/media/catalog/product/v/a/vans-my-pace-curved-bill-jockey-oatmeal-valge-6jkf.jpg,Vans,39.00 EUR,in_stock,Streetbrand OÜ,EE,true,false,true
10030708_OSFA_CNF,Carrier 2pack,Spordiriided ballzy veebipoest. Vaata lähemalt ballzy.eu.,https://ballzy.eu/et/product/carrier-2pack-10030708-osfa-cnf,https://backend.ballzy.eu/media/catalog/product/n/e/newera-carrier-2pack-must-mgil.jpg,New Era,29.00 EUR,in_stock,Streetbrand OÜ,EE,true,false,true
12145412_OSFM_CNF,Mlb waist bag light yankees,Spordiriided ballzy veebipoest. Vaata lähemalt ballzy.eu.,https://ballzy.eu/et/product/mlb-waist-bag-light-yankees-12145412-osfm-cnf,https://backend.ballzy.eu/media/catalog/product/n/e/newera-mlb-waist-bag-light-yankees-must-5jjh.jpg,New Era,29.00 EUR,in_stock,Streetbrand OÜ,EE,true,false,true
12292584_OSFM_CNF,Nba essential outline 940 lakers,Spordiriided ballzy veebipoest. Vaata lähemalt ballzy.eu.,https://ballzy.eu/et/product/nba-essential-outline-940-lakers-12292584-osfm-cnf,https://backend.ballzy.eu/media/catalog/product/n/e/newera-nba-essential-outline-940-lakers-must-xgrc.jpg,New Era,29.00 EUR,in_stock,Streetbrand OÜ,EE,true,false,true
12292586_OSFM_CNF,Nba essential outline 940 bulls,Spordiriided ballzy veebipoest. Vaata lähemalt ballzy.eu.,https://ballzy.eu/et/product/nba-essential-outline-940-bulls-12292586-osfm-cnf,https://backend.ballzy.eu/media/catalog/product/n/e/newera-nba-essential-outline-940-bulls-must-zz4d.jpg,New Era,29.00 EUR,in_stock,Streetbrand OÜ,EE,true,false,true
12523907_OSFM_CNF,Diamond era 9forty yankees,Spordiriided ballzy veebipoest. Vaata lähemalt ballzy.eu.,https://ballzy.eu/et/product/diamond-era-9forty-yankees-12523907-osfm-cnf,https://backend.ballzy.eu/media/catalog/product/n/e/newera-diamond-era-9forty-yankees-must-voun.jpg,New Era,34.00 EUR,in_stock,Streetbrand OÜ,EE,true,false,true
12523912_OSFM_CNF,Bob team logo 940 af trckr dodgers,Spordiriided ballzy veebipoest. Vaata lähemalt ballzy.eu.,https://ballzy.eu/et/product/bob-team-logo-940-af-trckr-dodgers-12523912-osfm-cnf,https://backend.ballzy.eu/media/catalog/product/n/e/newera-bob-team-logo-940-af-trckr-dodgers-must-qc1l.jpg,New Era,34.00 EUR,in_stock,Streetbrand OÜ,EE,true,false,true
13113558_3538_CNF,Flag crew sock,Spordiriided ballzy veebipoest. Vaata lähemalt ballzy.eu.,https://ballzy.eu/et/product/flag-crew-sock-13113558-3538-cnf,https://backend.ballzy.eu/media/catalog/product/n/e/newera-flag-crew-sock-valge-pwzw.jpg,New Era,14.00 EUR,in_stock,Streetbrand OÜ,EE,true,false,true
13113626_3538_CNF,Stripe crew sock,Spordiriided ballzy veebipoest. Vaata lähemalt ballzy.eu.,https://ballzy.eu/et/product/stripe-crew-sock-13113626-3538-cnf,https://backend.ballzy.eu/media/catalog/product/n/e/newera-stripe-crew-sock-valge-smgo.jpg,New Era,16.00 EUR,in_stock,Streetbrand OÜ,EE,true,false,true
13113627_3538_CNF,Stripe crew sock,Spordiriided ballzy veebipoest. Vaata lähemalt ballzy.eu.,https://ballzy.eu/et/product/stripe-crew-sock-13113627-3538-cnf,https://backend.ballzy.eu/media/catalog/product/n/e/newera-stripe-crew-sock-must-9c58.jpg,New Era,16.00 EUR,in_stock,Streetbrand OÜ,EE,true,false,true
13113632_3538_CNF,Mlb premium sock,Spordiriided ballzy veebipoest. Vaata lähemalt ballzy.eu.,https://ballzy.eu/et/product/mlb-premium-sock-13113632-3538-cnf,https://backend.ballzy.eu/media/catalog/product/n/e/newera-mlb-premium-sock-valge-6voc.jpg,New Era,14.00 EUR,in_stock,Streetbrand OÜ,EE,true,false,true
13113643_3538_CNF,Flag crew sock,Spordiriided ballzy veebipoest. Vaata lähemalt ballzy.eu.,https://ballzy.eu/et/product/flag-crew-sock-13113643-3538-cnf,https://backend.ballzy.eu/media/catalog/product/n/e/newera-flag-crew-sock-must-jexd.jpg,New Era,14.00 EUR,in_stock,Streetbrand OÜ,EE,true,false,true
13821894_3942_CNF,Mlb crew socks,Spordiriided ballzy veebipoest. Vaata lähemalt ballzy.eu.,https://ballzy.eu/et/product/mlb-crew-socks-13821894-3942-cnf,https://backend.ballzy.eu/media/catalog/product/n/e/newera-mlb-crew-socks-valge-stig.jpg,New Era,14.00 EUR,in_stock,Streetbrand OÜ,EE,true,false,true
60245399_ML_CNF,Nos nba bob 9fifty bulls,Spordiriided ballzy veebipoest. Vaata lähemalt ballzy.eu.,https://ballzy.eu/et/product/nos-nba-bob-9fifty-bulls-60245399-ml-cnf,https://backend.ballzy.eu/media/catalog/product/n/e/newera-nos-nba-bob-9fifty-bulls-must-enac.jpg,New Era,39.00 EUR,in_stock,Streetbrand OÜ,EE,true,false,true
60284268_OSFM_CNF,Visor curve newera,Spordiriided ballzy veebipoest. Vaata lähemalt ballzy.eu.,https://ballzy.eu/et/product/visor-curve-newera-60284268-osfm-cnf,https://backend.ballzy.eu/media/catalog/product/n/e/newera-visor-curve-newera-must-tran.jpg,New Era,12.00 EUR,in_stock,Streetbrand OÜ,EE,true,false,true
62434383_XS_CNF,T7 for the fanbase track jacket,"Astuge ikoonilisse stiili puma t7 for the fanbase track-jakiga archive greeni. see on inspireeritud t7 dressi debüüdist 1968. aastal ning pakub vabamat lõiget ja t7-le omaseid külgpaneele, puhtaid lõikejooni ning äratuntavat puma dna-d. jakil on kõrge püstkrae, pikad varrukad ja täispikk tõmblukk kahepoolse tõmburiga. lõpetuseks on soonikust krae, mansetid ja alläär klassikalise track-look’i jaoks. valmistatud vähemalt 30% ulatuses taaskasutatud materjalidest, et pakkuda julget hoiakut ja igapäe Vaata lähemalt ballzy.eu.",https://ballzy.eu/et/product/t7-for-the-fanbase-track-jacket-62434383-xs-cnf,https://backend.ballzy.eu/media/catalog/product/p/u/puma-t7-for-the-fanbase-track-jacket-bee-pbbg.jpg,Puma,79.00 EUR,in_stock,Streetbrand OÜ,EE,true,false,true
FD5185_011_M_L_CNF,J club cap us cb jumpman,"sinu uus igapäevane isamüts on maandunud. sellel kuuepaneelilisel disainil on struktureerimata, madala profiiliga kroon, kumer äär ja reguleeritav sulgur. see kõik on ühendatud tagasihoidliku jumpmani graafikaga ees&hellip; tooteomadused: tikitud graafika lisab teie välimusele tekstuuri&hellip; higistuspael tagab jaheda, mugava tunde&hellip; reguleeritav snapbacki sulgemine tagab isikliku sobivuse&hellip; tooteomadused alapealkirjad: tikitud graafika lisab teie välimusele tekstuu Vaata lähemalt ballzy.eu.",https://ballzy.eu/et/product/j-club-cap-us-cb-jumpman-fd5185-011-m-l-cnf,https://backend.ballzy.eu/media/catalog/product/j/o/jordan-j-club-cap-us-cb-jumpman-must-d1my.jpg,Jordan,34.00 EUR,in_stock,Streetbrand OÜ,EE,true,false,true
FQ1597_600_4Y_CNF,Jordan jumpman slide (gs),"lihtsad, kerged, klassikalised slaidid koos dna rõngastega. jumpmani logo rihmal teeb selgeks, et need on kõike muud kui keskmised&hellip; toote omadused: pehme rihm on jalale kerge&hellip; tallal on tekstuurne jalapõhi, mis pakub toetavat pehmendust&hellip; härmakas muster välistallal tagab haardumise&hellip; toote omaduste alapealkirjad: Vaata lähemalt ballzy.eu.",https://ballzy.eu/et/product/jordan-jumpman-slide-gs-fq1597-600-4y-cnf,https://backend.ballzy.eu/media/catalog/product/j/o/jordan-jordan-jumpman-slide-gs-punane-bnaw.jpg,Jordan,44.00 EUR,in_stock,Streetbrand OÜ,EE,true,false,true
FV5951_001_4.5Y_CNF,Air force 1 le gs,"af1-s on palju, mida armastada: selle vastupidav õmblus ja hea haarduvus aitavad lastel leida jalga nii esimestel kui ka vihmastel päevadel. see on kinga, mis oli 20 aastat tagasi sama lahe kui täna ja on seda ka siis, kui see on kaetud plekkide, kriimustuste ja kriimustustega. tegelikult võib see olla isegi parem&hellip; toote omadused: ehtne ja sünteetiline nahk muudab need jalatsid vastupidavaks - täpselt nagu vanakooli air force 1, mis esmakordselt ilmus aastal '82&hellip; va Vaata lähemalt ballzy.eu.",https://ballzy.eu/et/product/air-force-1-le-gs-fv5951-001-4-5y-cnf,https://backend.ballzy.eu/media/catalog/product/n/i/nike-air-force-1-le-gs-must-myfq.jpg,Nike,109.00 EUR,in_stock,Streetbrand OÜ,EE,true,false,true
VN000G75YGD1_L_CNF,Primary solid elastic boardshort,Spordiriided ballzy veebipoest. Vaata lähemalt ballzy.eu.,https://ballzy.eu/et/product/primary-solid-elastic-boardshort-vn000g75ygd1-l-cnf,https://backend.ballzy.eu/media/catalog/product/v/a/vans-primary-solid-elastic-boardshort-kollane-wfv1.jpg,Vans,59.00 EUR,in_stock,Streetbrand OÜ,EE,true,false,true
FV5304_010_L_XL_CNF,U j fly cap jumpman,"see müts on suur konkurent igapäevaseks kandmiseks. struktureerimata ja õhuline, haarake see ja minge&hellip; toote omadused: võrguküljed tagavad hingavuse&hellip; võrgurihma sulgemine libiseb kergesti ja reguleerib õiget istuvust&hellip; toote omaduste alapealkirjad: tootedetailid: 100% puuvill; võrk: 100% polüester; paneelide vooder: 100% puuvill. käsipesu. imporditud. Vaata lähemalt ballzy.eu.",https://ballzy.eu/et/product/u-j-fly-cap-jumpman-fv5304-010-l-xl-cnf,https://backend.ballzy.eu/media/catalog/product/j/o/jordan-u-j-fly-cap-jumpman-must-mcax.jpg,Jordan,34.00 EUR,in_stock,Streetbrand OÜ,EE,true,false,true
I033154_1YC4J_XS_CNF,W´ og santa fe bomber,Spordiriided ballzy veebipoest. Vaata lähemalt ballzy.eu.,https://ballzy.eu/et/product/w-og-santa-fe-bomber-i033154-1yc4j-xs-cnf,https://backend.ballzy.eu/media/catalog/product/c/a/carhartt-w-og-santa-fe-bomber-hall-dbeq.jpg,Carhartt WIP,199.00 EUR,in_stock,Streetbrand OÜ,EE,true,false,true
DK0A4XB2H181_L_CNF,Pelican rapids,Spordiriided ballzy veebipoest. Vaata lähemalt ballzy.eu.,https://ballzy.eu/et/product/pelican-rapids-dk0a4xb2h181-l-cnf,https://backend.ballzy.eu/media/catalog/product/d/i/dickies-pelican-rapids-sinine-qaqn.jpg,Dickies,59.00 EUR,in_stock,Streetbrand OÜ,EE,true,false,true
DK0A4Y7GH641_L_CNF,Warrenton shirt ls,Spordiriided ballzy veebipoest. Vaata lähemalt ballzy.eu.,https://ballzy.eu/et/product/warrenton-shirt-ls-dk0a4y7gh641-l-cnf,https://backend.ballzy.eu/media/catalog/product/d/i/dickies-warrenton-shirt-ls-sinine-e0vx.jpg,Dickies,84.00 EUR,in_stock,Streetbrand OÜ,EE,true,false,true
DK0A4Y84C581_L_CNF,Vale short w,Spordiriided ballzy veebipoest. Vaata lähemalt ballzy.eu.,https://ballzy.eu/et/product/vale-short-w-dk0a4y84c581-l-cnf,https://backend.ballzy.eu/media/catalog/product/d/i/dickies-vale-short-w-valge-alhz.jpg,Dickies,59.00 EUR,in_stock,Streetbrand OÜ,EE,true,false,true
DK0A4YACSS01_L_CNF,Jackson cargo short,Spordiriided ballzy veebipoest. Vaata lähemalt ballzy.eu.,https://ballzy.eu/et/product/jackson-cargo-short-dk0a4yacss01-l-cnf,https://backend.ballzy.eu/media/catalog/product/d/i/dickies-jackson-cargo-short-bee-ht1a.jpg,Dickies,84.00 EUR,in_stock,Streetbrand OÜ,EE,true,false,true
DK0A4YPABLK1_OSFA_CNF,Seasonal cap,Spordiriided ballzy veebipoest. Vaata lähemalt ballzy.eu.,https://ballzy.eu/et/product/seasonal-cap-dk0a4ypablk1-osfa-cnf,https://backend.ballzy.eu/media/catalog/product/d/i/dickies-seasonal-cap-must-ad6r.jpg,Dickies,39.00 EUR,in_stock,Streetbrand OÜ,EE,true,false,true
DK0A4YPGBLK1_OSFA_CNF,Shawsville trucker,Spordiriided ballzy veebipoest. Vaata lähemalt ballzy.eu.,https://ballzy.eu/et/product/shawsville-trucker-dk0a4ypgblk1-osfa-cnf,https://backend.ballzy.eu/media/catalog/product/d/i/dickies-shawsville-trucker-must-kkki.jpg,Dickies,39.00 EUR,in_stock,Streetbrand OÜ,EE,true,false,true
DK0A4YSXBLK1_L_CNF,Work shirt cropped ss w,Spordiriided ballzy veebipoest. Vaata lähemalt ballzy.eu.,https://ballzy.eu/et/product/work-shirt-cropped-ss-w-dk0a4ysxblk1-l-cnf,https://backend.ballzy.eu/media/catalog/product/d/i/dickies-work-shirt-cropped-ss-w-must-sxn7.jpg,Dickies,59.00 EUR,in_stock,Streetbrand OÜ,EE,true,false,true
DK0A4YSXKHK1_M_CNF,Work shirt cropped ss w,Spordiriided ballzy veebipoest. Vaata lähemalt ballzy.eu.,https://ballzy.eu/et/product/work-shirt-cropped-ss-w-dk0a4ysxkhk1-m-cnf,https://backend.ballzy.eu/media/catalog/product/d/i/dickies-work-shirt-cropped-ss-w-bee-zbec.jpg,Dickies,59.00 EUR,in_stock,Streetbrand OÜ,EE,true,false,true
DK0A4YV7BLK1_L_CNF,Jackson skirt w,Spordiriided ballzy veebipoest. Vaata lähemalt ballzy.eu.,https://ballzy.eu/et/product/jackson-skirt-w-dk0a4yv7blk1-l-cnf,https://backend.ballzy.eu/media/catalog/product/d/i/dickies-jackson-skirt-w-must-fkaq.jpg,Dickies,89.00 EUR,in_stock,Streetbrand OÜ,EE,true,false,true
18315_21_CNF,Winnie,Spordiriided ballzy veebipoest. Vaata lähemalt ballzy.eu.,https://ballzy.eu/et/product/winnie-18315-21-cnf,https://backend.ballzy.eu/media/catalog/product/a/-/a-kj-rbede-winnie-valge-5r82.jpg,A_kjÆrbede,29.00 EUR,in_stock,Streetbrand OÜ,EE,true,false,true
KL1708_8_CNF,Marvin,Spordiriided ballzy veebipoest. Vaata lähemalt ballzy.eu.,https://ballzy.eu/et/product/marvin-kl1708-8-cnf,https://backend.ballzy.eu/media/catalog/product/a/-/a-kj-rbede-marvin-pruun-gugm.jpg,A_kjÆrbede,29.00 EUR,in_stock,Streetbrand OÜ,EE,true,false,true
KL17208_1_CNF,Marvin,Spordiriided ballzy veebipoest. Vaata lähemalt ballzy.eu.,https://ballzy.eu/et/product/marvin-kl17208-1-cnf,https://backend.ballzy.eu/media/catalog/product/a/-/a-kj-rbede-marvin-must-h0g5.jpg,A_kjÆrbede,29.00 EUR,in_stock,Streetbrand OÜ,EE,true,false,true
KL2408_006_CNF,Anma,Spordiriided ballzy veebipoest. Vaata lähemalt ballzy.eu.,https://ballzy.eu/et/product/anma-kl2408-006-cnf,https://backend.ballzy.eu/media/catalog/product/a/-/a-kj-rbede-anma-must-0f9c.jpg,A_kjÆrbede,29.00 EUR,in_stock,Streetbrand OÜ,EE,true,false,true
KL2410_006_CNF,Alex,Spordiriided ballzy veebipoest. Vaata lähemalt ballzy.eu.,https://ballzy.eu/et/product/alex-kl2410-006-cnf,https://backend.ballzy.eu/media/catalog/product/a/-/a-kj-rbede-alex-pruun-1xkr.jpg,A_kjÆrbede,29.00 EUR,in_stock,Streetbrand OÜ,EE,true,false,true
39681302_4_CNF,Creeper phatty,Spordiriided ballzy veebipoest. Vaata lähemalt ballzy.eu.,https://ballzy.eu/et/product/creeper-phatty-39681302-4-cnf,https://backend.ballzy.eu/media/catalog/product/p/u/puma-creeper-phatty-roheline-6k2d.jpg,Puma,159.00 EUR,in_stock,Streetbrand OÜ,EE,true,false,true
I032741_1YEGD_XS_CNF,W´ hooded nelson sweat,Spordiriided ballzy veebipoest. Vaata lähemalt ballzy.eu.,https://ballzy.eu/et/product/w-hooded-nelson-sweat-i032741-1yegd-xs-cnf,https://backend.ballzy.eu/media/catalog/product/c/a/carhartt-w-hooded-nelson-sweat-hall-ybyf.jpg,Carhartt WIP,119.00 EUR,in_stock,Streetbrand OÜ,EE,true,false,true
I033215_00BXX_0_CNF,Class of 89 cap,Spordiriided ballzy veebipoest. Vaata lähemalt ballzy.eu.,https://ballzy.eu/et/product/class-of-89-cap-i033215-00bxx-0-cnf,https://backend.ballzy.eu/media/catalog/product/c/a/carhartt-class-of-89-cap-must-vobn.jpg,Carhartt WIP,54.00 EUR,in_stock,Streetbrand OÜ,EE,true,false,true
DK0A4YS6DNX1_L_CNF,Fishersville shirt,Spordiriided ballzy veebipoest. Vaata lähemalt ballzy.eu.,https://ballzy.eu/et/product/fishersville-shirt-dk0a4ys6dnx1-l-cnf,https://backend.ballzy.eu/media/catalog/product/d/i/dickies-fishersville-shirt-sinine-j7hj.jpg,Dickies,69.00 EUR,in_stock,Streetbrand OÜ,EE,true,false,true
DK0A4YSLSS01_L_CNF,Fincastle short,Spordiriided ballzy veebipoest. Vaata lähemalt ballzy.eu.,https://ballzy.eu/et/product/fincastle-short-dk0a4yslss01-l-cnf,https://backend.ballzy.eu/media/catalog/product/d/i/dickies-fincastle-short-bee-woug.jpg,Dickies,69.00 EUR,in_stock,Streetbrand OÜ,EE,true,false,true
I029789_29KGD_26_CNF,W´ collins pant,Spordiriided ballzy veebipoest. Vaata lähemalt ballzy.eu.,https://ballzy.eu/et/product/w-collins-pant-i029789-29kgd-26-cnf,https://backend.ballzy.eu/media/catalog/product/c/a/carhartt-w-collins-pant-hall-iih9.jpg,Carhartt WIP,119.00 EUR,in_stock,Streetbrand OÜ,EE,true,false,true
I029789_29LGD_26_CNF,W´ collins pant,Spordiriided ballzy veebipoest. Vaata lähemalt ballzy.eu.,https://ballzy.eu/et/product/w-collins-pant-i029789-29lgd-26-cnf,https://backend.ballzy.eu/media/catalog/product/c/a/carhartt-w-collins-pant-must-mxyz.jpg,Carhartt WIP,119.00 EUR,in_stock,Streetbrand OÜ,EE,true,false,true
I033568_89GD_S_CNF,W´ norris jacket,Spordiriided ballzy veebipoest. Vaata lähemalt ballzy.eu.,https://ballzy.eu/et/product/w-norris-jacket-i033568-89gd-s-cnf,https://backend.ballzy.eu/media/catalog/product/c/a/carhartt-w-norris-jacket-must-l5lk.jpg,Carhartt WIP,229.00 EUR,in_stock,Streetbrand OÜ,EE,true,false,true
I033648_2AXXX_S_CNF,W´ hooded carhartt sweatshirt,Spordiriided ballzy veebipoest. Vaata lähemalt ballzy.eu.,https://ballzy.eu/et/product/w-hooded-carhartt-sweatshirt-i033648-2axxx-s-cnf,https://backend.ballzy.eu/media/catalog/product/c/a/carhartt-w-hooded-carhartt-sweatshirt-must-lsnf.jpg,Carhartt WIP,99.00 EUR,in_stock,Streetbrand OÜ,EE,true,false,true
I033661_00MXX_S_CNF,Hooded chase sweat,Spordiriided ballzy veebipoest. Vaata lähemalt ballzy.eu.,https://ballzy.eu/et/product/hooded-chase-sweat-i033661-00mxx-s-cnf,https://backend.ballzy.eu/media/catalog/product/c/a/carhartt-hooded-chase-sweat-hall-9aqk.jpg,Carhartt WIP,89.00 EUR,in_stock,Streetbrand OÜ,EE,true,false,true
I033688_89XX_S_CNF,W´ hooded lips sweat,Spordiriided ballzy veebipoest. Vaata lähemalt ballzy.eu.,https://ballzy.eu/et/product/w-hooded-lips-sweat-i033688-89xx-s-cnf,https://backend.ballzy.eu/media/catalog/product/c/a/carhartt-w-hooded-lips-sweat-must-sdce.jpg,Carhartt WIP,129.00 EUR,in_stock,Streetbrand OÜ,EE,true,false,true
I033716_89XX_S_CNF,W´ norlina sweater,Spordiriided ballzy veebipoest. Vaata lähemalt ballzy.eu.,https://ballzy.eu/et/product/w-norlina-sweater-i033716-89xx-s-cnf,https://backend.ballzy.eu/media/catalog/product/c/a/carhartt-w-norlina-sweater-must-uvf0.jpg,Carhartt WIP,119.00 EUR,in_stock,Streetbrand OÜ,EE,true,false,true
60298668_OSFM_CNF,Ne heritage script 9twenty,Spordiriided ballzy veebipoest. Vaata lähemalt ballzy.eu.,https://ballzy.eu/et/product/ne-heritage-script-9twenty-60298668-osfm-cnf,https://backend.ballzy.eu/media/catalog/product/n/e/newera-ne-heritage-script-9twenty-bee-q8bl.jpg,New Era,34.00 EUR,in_stock,Streetbrand OÜ,EE,true,false,true
60503378_OSFM_CNF,League ess 9forty yankees,Spordiriided ballzy veebipoest. Vaata lähemalt ballzy.eu.,https://ballzy.eu/et/product/league-ess-9forty-yankees-60503378-osfm-cnf,https://backend.ballzy.eu/media/catalog/product/n/e/newera-league-ess-9forty-yankees-pruun-clho.jpg,New Era,29.00 EUR,in_stock,Streetbrand OÜ,EE,true,false,true
60503379_OSFM_CNF,League ess 9forty yankees,Spordiriided ballzy veebipoest. Vaata lähemalt ballzy.eu.,https://ballzy.eu/et/product/league-ess-9forty-yankees-60503379-osfm-cnf,https://backend.ballzy.eu/media/catalog/product/n/e/newera-league-ess-9forty-yankees-roheline-n2o7.jpg,New Era,29.00 EUR,in_stock,Streetbrand OÜ,EE,true,false,true
PV2002ST_1_CNF,New balance 2002 kids hook &amp; loop,Spordiriided ballzy veebipoest. Vaata lähemalt ballzy.eu.,https://ballzy.eu/et/product/new-balance-2002-kids-hook-loop-pv2002st-1-cnf,https://backend.ballzy.eu/media/catalog/product/n/e/new-balance-new-balance-2002-kids-hook-loop-hall-koom.jpg,New Balance,99.00 EUR,in_stock,Streetbrand OÜ,EE,true,false,true
I026235_22JXX_S_CNF,Chase swim trunks,Spordiriided ballzy veebipoest. Vaata lähemalt ballzy.eu.,https://ballzy.eu/et/product/chase-swim-trunks-i026235-22jxx-s-cnf,https://backend.ballzy.eu/media/catalog/product/c/a/carhartt-chase-swim-trunks-oran-rtxm.jpg,Carhartt WIP,59.00 EUR,in_stock,Streetbrand OÜ,EE,true,false,true
I031536_24NXX_S_CNF,Slater swim trunks,Spordiriided ballzy veebipoest. Vaata lähemalt ballzy.eu.,https://ballzy.eu/et/product/slater-swim-trunks-i031536-24nxx-s-cnf,https://backend.ballzy.eu/media/catalog/product/c/a/carhartt-slater-swim-trunks-sinine-jqbq.jpg,Carhartt WIP,74.00 EUR,in_stock,Streetbrand OÜ,EE,true,false,true
I033621_2B106_M_CNF,Hooded stamp sweat,Spordiriided ballzy veebipoest. Vaata lähemalt ballzy.eu.,https://ballzy.eu/et/product/hooded-stamp-sweat-i033621-2b106-m-cnf,https://backend.ballzy.eu/media/catalog/product/c/a/carhartt-hooded-stamp-sweat-roheline-svnj.jpg,Carhartt WIP,109.00 EUR,in_stock,Streetbrand OÜ,EE,true,false,true
I033699_1YHXX_M_CNF,Ducks jacket,Spordiriided ballzy veebipoest. Vaata lähemalt ballzy.eu.,https://ballzy.eu/et/product/ducks-jacket-i033699-1yhxx-m-cnf,https://backend.ballzy.eu/media/catalog/product/c/a/carhartt-ducks-jacket-punane-aaqr.jpg,Carhartt WIP,229.00 EUR,in_stock,Streetbrand OÜ,EE,true,false,true
I033699_89XX_M_CNF,Ducks jacket,Spordiriided ballzy veebipoest. Vaata lähemalt ballzy.eu.,https://ballzy.eu/et/product/ducks-jacket-i033699-89xx-m-cnf,https://backend.ballzy.eu/media/catalog/product/c/a/carhartt-ducks-jacket-must-ivx8.jpg,Carhartt WIP,229.00 EUR,in_stock,Streetbrand OÜ,EE,true,false,true
I033715_89XX_XS_CNF,W´ s/s norlina polo,Spordiriided ballzy veebipoest. Vaata lähemalt ballzy.eu.,https://ballzy.eu/et/product/w-s-s-norlina-polo-i033715-89xx-xs-cnf,https://backend.ballzy.eu/media/catalog/product/c/a/carhartt-w-s-s-norlina-polo-must-giwj.jpg,Carhartt WIP,89.00 EUR,in_stock,Streetbrand OÜ,EE,true,false,true
KL1910_4_CNF,Bate,Spordiriided ballzy veebipoest. Vaata lähemalt ballzy.eu.,https://ballzy.eu/et/product/bate-kl1910-4-cnf,https://backend.ballzy.eu/media/catalog/product/a/-/a-kj-rbede-bate-hall-ynog.jpg,A_kjÆrbede,29.00 EUR,in_stock,Streetbrand OÜ,EE,true,false,true
KL2410_002_CNF,Alex,Spordiriided ballzy veebipoest. Vaata lähemalt ballzy.eu.,https://ballzy.eu/et/product/alex-kl2410-002-cnf,https://backend.ballzy.eu/media/catalog/product/a/-/a-kj-rbede-alex-must-9wt3.jpg,A_kjÆrbede,29.00 EUR,in_stock,Streetbrand OÜ,EE,true,false,true
OJZP7520_CBUYYPPPBLCK_S_CNF,Stateside pastel bomber jacket,Spordiriided ballzy veebipoest. Vaata lähemalt ballzy.eu.,https://ballzy.eu/et/product/stateside-pastel-bomber-jacket-ojzp7520-cbuyypppblck-s-cnf,https://backend.ballzy.eu/media/catalog/product/m/i/mitchell-and-ness-stateside-pastel-bomber-jacket-must-q4nx.jpg,Mitchell &amp; Ness,139.00 EUR,in_stock,Streetbrand OÜ,EE,true,false,true
60416759_L_CNF,Nos nba regular hoody bulls,Spordiriided ballzy veebipoest. Vaata lähemalt ballzy.eu.,https://ballzy.eu/et/product/nos-nba-regular-hoody-bulls-60416759-l-cnf,https://backend.ballzy.eu/media/catalog/product/n/e/newera-nos-nba-regular-hoody-bulls-must-m3pg.jpg,New Era,74.00 EUR,in_stock,Streetbrand OÜ,EE,true,false,true
60503407_OSFM_CNF,Team outline 9forty losdod whiswb osfm,Spordiriided ballzy veebipoest. Vaata lähemalt ballzy.eu.,https://ballzy.eu/et/product/team-outline-9forty-losdod-whiswb-osfm-60503407-osfm-cnf,https://backend.ballzy.eu/media/catalog/product/n/e/newera-team-outline-9forty-losdod-whiswb-osfm-valge-ceij.jpg,New Era,29.00 EUR,in_stock,Streetbrand OÜ,EE,true,false,true
60503438_OSFM_CNF,Ne repreve 9forty,Spordiriided ballzy veebipoest. Vaata lähemalt ballzy.eu.,https://ballzy.eu/et/product/ne-repreve-9forty-60503438-osfm-cnf,https://backend.ballzy.eu/media/catalog/product/n/e/newera-ne-repreve-9forty-sinine-c9wd.jpg,New Era,34.00 EUR,in_stock,Streetbrand OÜ,EE,true,false,true
60503550_OSFM_CNF,Character trucker rick and morty,Spordiriided ballzy veebipoest. Vaata lähemalt ballzy.eu.,https://ballzy.eu/et/product/character-trucker-rick-and-morty-60503550-osfm-cnf,https://backend.ballzy.eu/media/catalog/product/n/e/newera-character-trucker-rick-and-morty-roheline-ribw.jpg,New Era,34.00 EUR,in_stock,Streetbrand OÜ,EE,true,false,true
60503559_OSFM_CNF,Ne canvas 9twenty,Spordiriided ballzy veebipoest. Vaata lähemalt ballzy.eu.,https://ballzy.eu/et/product/ne-canvas-9twenty-60503559-osfm-cnf,https://backend.ballzy.eu/media/catalog/product/n/e/newera-ne-canvas-9twenty-bee-val6.jpg,New Era,34.00 EUR,in_stock,Streetbrand OÜ,EE,true,false,true
60503560_OSFM_CNF,Ne canvas 9twenty,Spordiriided ballzy veebipoest. Vaata lähemalt ballzy.eu.,https://ballzy.eu/et/product/ne-canvas-9twenty-60503560-osfm-cnf,https://backend.ballzy.eu/media/catalog/product/n/e/newera-ne-canvas-9twenty-sinine-n99e.jpg,New Era,34.00 EUR,in_stock,Streetbrand OÜ,EE,true,false,true
60503574_OSFM_CNF,Nba eframe suns,Spordiriided ballzy veebipoest. Vaata lähemalt ballzy.eu.,https://ballzy.eu/et/product/nba-eframe-suns-60503574-osfm-cnf,https://backend.ballzy.eu/media/catalog/product/n/e/newera-nba-eframe-suns-must-hok2.jpg,New Era,34.00 EUR,in_stock,Streetbrand OÜ,EE,true,false,true
60503588_OSFM_CNF,Nba 9forty bulls,Spordiriided ballzy veebipoest. Vaata lähemalt ballzy.eu.,https://ballzy.eu/et/product/nba-9forty-bulls-60503588-osfm-cnf,https://backend.ballzy.eu/media/catalog/product/n/e/newera-nba-9forty-bulls-valge-1h9c.jpg,New Era,34.00 EUR,in_stock,Streetbrand OÜ,EE,true,false,true
60503599_ML_CNF,New era script 39thirty,Spordiriided ballzy veebipoest. Vaata lähemalt ballzy.eu.,https://ballzy.eu/et/product/new-era-script-39thirty-60503599-ml-cnf,https://backend.ballzy.eu/media/catalog/product/n/e/newera-new-era-script-39thirty-bee-tqqy.jpg,New Era,34.00 EUR,in_stock,Streetbrand OÜ,EE,true,false,true
60503602_ML_CNF,New era script 39thirty,Spordiriided ballzy veebipoest. Vaata lähemalt ballzy.eu.,https://ballzy.eu/et/product/new-era-script-39thirty-60503602-ml-cnf,https://backend.ballzy.eu/media/catalog/product/n/e/newera-new-era-script-39thirty-must-xz4l.jpg,New Era,34.00 EUR,in_stock,Streetbrand OÜ,EE,true,false,true
60503607_OSFM_CNF,New era 9forty,Spordiriided ballzy veebipoest. Vaata lähemalt ballzy.eu.,https://ballzy.eu/et/product/new-era-9forty-60503607-osfm-cnf,https://backend.ballzy.eu/media/catalog/product/n/e/newera-new-era-9forty-must-zceu.jpg,New Era,29.00 EUR,in_stock,Streetbrand OÜ,EE,true,false,true
60503608_OSFM_CNF,New era 9forty,Spordiriided ballzy veebipoest. Vaata lähemalt ballzy.eu.,https://ballzy.eu/et/product/new-era-9forty-60503608-osfm-cnf,https://backend.ballzy.eu/media/catalog/product/n/e/newera-new-era-9forty-valge-yp6t.jpg,New Era,29.00 EUR,in_stock,Streetbrand OÜ,EE,true,false,true
60503610_OSFM_CNF,Wmns velour 9forty dodgers,Spordiriided ballzy veebipoest. Vaata lähemalt ballzy.eu.,https://ballzy.eu/et/product/wmns-velour-9forty-dodgers-60503610-osfm-cnf,https://backend.ballzy.eu/media/catalog/product/n/e/newera-wmns-velour-9forty-dodgers-roosa-e9of.jpg,New Era,34.00 EUR,in_stock,Streetbrand OÜ,EE,true,false,true
60503615_OSFM_CNF,League ess 9twenty dodgers,Spordiriided ballzy veebipoest. Vaata lähemalt ballzy.eu.,https://ballzy.eu/et/product/league-ess-9twenty-dodgers-60503615-osfm-cnf,https://backend.ballzy.eu/media/catalog/product/n/e/newera-league-ess-9twenty-dodgers-sinine-cr4b.jpg,New Era,29.00 EUR,in_stock,Streetbrand OÜ,EE,true,false,true
60503623_OSFM_CNF,Wmns metallic logo 9forty dodgers,Spordiriided ballzy veebipoest. Vaata lähemalt ballzy.eu.,https://ballzy.eu/et/product/wmns-metallic-logo-9forty-dodgers-60503623-osfm-cnf,https://backend.ballzy.eu/media/catalog/product/n/e/newera-wmns-metallic-logo-9forty-dodgers-sinine-mup4.jpg,New Era,34.00 EUR,in_stock,Streetbrand OÜ,EE,true,false,true
60503630_OSFM_CNF,Ne heritage script 9twenty,Spordiriided ballzy veebipoest. Vaata lähemalt ballzy.eu.,https://ballzy.eu/et/product/ne-heritage-script-9twenty-60503630-osfm-cnf,https://backend.ballzy.eu/media/catalog/product/n/e/newera-ne-heritage-script-9twenty-sinine-bgwu.jpg,New Era,34.00 EUR,in_stock,Streetbrand OÜ,EE,true,false,true
60503771_OSFM_CNF,Monogram side bag yankees,Spordiriided ballzy veebipoest. Vaata lähemalt ballzy.eu.,https://ballzy.eu/et/product/monogram-side-bag-yankees-60503771-osfm-cnf,https://backend.ballzy.eu/media/catalog/product/n/e/newera-monogram-side-bag-yankees-must-xcla.jpg,New Era,29.00 EUR,in_stock,Streetbrand OÜ,EE,true,false,true
60503776_OSFM_CNF,Ne graphic tote bag,Spordiriided ballzy veebipoest. Vaata lähemalt ballzy.eu.,https://ballzy.eu/et/product/ne-graphic-tote-bag-60503776-osfm-cnf,https://backend.ballzy.eu/media/catalog/product/n/e/newera-ne-graphic-tote-bag-bee-fh8h.jpg,New Era,24.00 EUR,in_stock,Streetbrand OÜ,EE,true,false,true
60503777_OSFM_CNF,Ne graphic tote bag,Spordiriided ballzy veebipoest. Vaata lähemalt ballzy.eu.,https://ballzy.eu/et/product/ne-graphic-tote-bag-60503777-osfm-cnf,https://backend.ballzy.eu/media/catalog/product/n/e/newera-ne-graphic-tote-bag-bee-pyug.jpg,New Era,24.00 EUR,in_stock,Streetbrand OÜ,EE,true,false,true
60505459_L_CNF,Nos nba regular tee celtics,Spordiriided ballzy veebipoest. Vaata lähemalt ballzy.eu.,https://ballzy.eu/et/product/nos-nba-regular-tee-celtics-60505459-l-cnf,https://backend.ballzy.eu/media/catalog/product/n/e/newera-nos-nba-regular-tee-celtics-must-zlcy.jpg,New Era,29.00 EUR,in_stock,Streetbrand OÜ,EE,true,false,true
60505464_L_CNF,Nos nba regular tee mavericks,Spordiriided ballzy veebipoest. Vaata lähemalt ballzy.eu.,https://ballzy.eu/et/product/nos-nba-regular-tee-mavericks-60505464-l-cnf,https://backend.ballzy.eu/media/catalog/product/n/e/newera-nos-nba-regular-tee-mavericks-sinine-dblu.jpg,New Era,29.00 EUR,in_stock,Streetbrand OÜ,EE,true,false,true
62401587_S_CNF,Mmq striped tee,Spordiriided ballzy veebipoest. Vaata lähemalt ballzy.eu.,https://ballzy.eu/et/product/mmq-striped-tee-62401587-s-cnf,https://backend.ballzy.eu/media/catalog/product/p/u/puma-mmq-striped-tee-valge-ixgf.jpg,Puma,59.00 EUR,in_stock,Streetbrand OÜ,EE,true,false,true
62462960_XS_CNF,Puma x sophia chang graphic hoodie,Spordiriided ballzy veebipoest. Vaata lähemalt ballzy.eu.,https://ballzy.eu/et/product/puma-x-sophia-chang-graphic-hoodie-62462960-xs-cnf,https://backend.ballzy.eu/media/catalog/product/p/u/puma-puma-x-sophia-chang-graphic-hoodie-lilla-cpzc.jpg,Puma,119.00 EUR,in_stock,Streetbrand OÜ,EE,true,false,true
62463101_XS_CNF,Puma x sophia chang aop wide leg pants,Spordiriided ballzy veebipoest. Vaata lähemalt ballzy.eu.,https://ballzy.eu/et/product/puma-x-sophia-chang-aop-wide-leg-pants-62463101-xs-cnf,https://backend.ballzy.eu/media/catalog/product/p/u/puma-puma-x-sophia-chang-aop-wide-leg-pants-must-j1qs.jpg,Puma,129.00 EUR,in_stock,Streetbrand OÜ,EE,true,false,true
FN5816_010_2XL_CNF,M j df sprt mesh short,"ballin'. loungin'. makin' moves. mida iganes teil on vaja teha, saate seda nendes lühikestes pükstes, mis on valmistatud hingavast võrgust, mida on täiustatud higi eemaldava tehnoloogiaga&hellip; toote omadused: nike dri-fit tehnoloogia viib higi nahast eemale, et see aurustuks kiiremini, aidates sul kuivana ja mugavalt püsida&hellip; vöökohal olev pingutuspael võimaldab püksid tihedalt kinni tõmmata&hellip; küljetaskud võimaldavad sul hõlpsasti hoida oma väikseid esemeid&hellip; Vaata lähemalt ballzy.eu.",https://ballzy.eu/et/product/m-j-df-sprt-mesh-short-fn5816-010-2xl-cnf,https://backend.ballzy.eu/media/catalog/product/j/o/jordan-m-j-df-sprt-mesh-short-must-emax.jpg,Jordan,49.00 EUR,in_stock,Streetbrand OÜ,EE,true,false,true
VN0009QCDBS1_050_CNF,Knu skool,Spordiriided ballzy veebipoest. Vaata lähemalt ballzy.eu.,https://ballzy.eu/et/product/knu-skool-vn0009qcdbs1-050-cnf,https://backend.ballzy.eu/media/catalog/product/v/a/vans-knu-skool-bee-xmvc.jpg,Vans,94.00 EUR,in_stock,Streetbrand OÜ,EE,true,false,true
VN000G7FD0D1_L_CNF,Carnell ss woven,"Vans carnell ss woven valge lühikeste varrukatega särk meestele on valmistatud puuvillast ja linasest, et tagada hingav ja mugav kandmine. klassikaline lõige pakub igapäevasteks riieteks mugavat ning lihtsalt kantavat tunnet, samas kui kogu ulatuses olev muster toob juurde puhta ja stiilse välimuse. Vaata lähemalt ballzy.eu.",https://ballzy.eu/et/product/carnell-ss-woven-vn000g7fd0d1-l-cnf,https://backend.ballzy.eu/media/catalog/product/v/a/vans-carnell-ss-woven-valge-ak5i.jpg,Vans,74.00 EUR,in_stock,Streetbrand OÜ,EE,true,false,true
VN000GJVFS81_L_CNF,Sabine short,Spordiriided ballzy veebipoest. Vaata lähemalt ballzy.eu.,https://ballzy.eu/et/product/sabine-short-vn000gjvfs81-l-cnf,https://backend.ballzy.eu/media/catalog/product/v/a/vans-sabine-short-valge-uenq.jpg,Vans,59.00 EUR,in_stock,Streetbrand OÜ,EE,true,false,true
CW6407_140_MISC_CNF,Jordan l91 cap jm air,Spordiriided ballzy veebipoest. Vaata lähemalt ballzy.eu.,https://ballzy.eu/et/product/jordan-l91-cap-jm-air-cw6407-140-misc-cnf,https://backend.ballzy.eu/media/catalog/product/j/o/jordan-jordan-l91-cap-jm-air-multicolor-m3cx.jpg,Jordan,34.00 EUR,in_stock,Streetbrand OÜ,EE,true,false,true
SX7587_100_S_CNF,U nk elite crew - nba,"parimad piljutajad&hellip; nike elite nba crew sokid on mängijate valik mugavuse ja toe tagamiseks. need'on valmistatud esmaklassilisest kudumilõngast, millel on higistav tehnoloogia ja pehmendus seal, kus see on oluline. sokid on märgistatud nba logoga ja tähistatud vertikaalselt nike basketballi tipptasemel elite triibuga&hellip; tooteomadused: premium kudumkangas koos higistamistehnoloogiaga aitab sul kuivana ja mugavalt püsida&hellip; pehmendused jalgade all olevates võtmekoh Vaata lähemalt ballzy.eu.",https://ballzy.eu/et/product/u-nk-elite-crew-nba-sx7587-100-s-cnf,https://backend.ballzy.eu/media/catalog/product/n/i/nike-u-nk-elite-crew-nba-valge-hdqp.jpg,Nike,19.00 EUR,in_stock,Streetbrand OÜ,EE,true,false,true
IH2659_4_CNF,Campus 00s w,"astu välja stiilselt nendes adidas campus 00s kingades. need kingad on tugevalt mõjutatud 2000ndate rulaajastust, võttes klassikalise campus 80s ikoonilise välimuse ja uuendades seda julgete uute proportsioonidega. veluurnahast ja nahast pealisosa ning kummist välistald tagavad koheselt äratuntava pärandistiili. kaasaegsed nüansid on ülisuurte 3 triipude ja laiade trükitud pitside kujul. need jalatsid on täiuslik segu vanast ja uuest ning annavad igal sammul märku. </h Vaata lähemalt ballzy.eu.",https://ballzy.eu/et/product/campus-00s-w-ih2659-4-cnf,https://backend.ballzy.eu/media/catalog/product/a/d/adidas-campus-00s-w-must-szos.jpg,adidas Originals,119.00 EUR,in_stock,Streetbrand OÜ,EE,true,false,true
IJ0733_S_CNF,Crew sock 3str,"põhitõdedega ei saa kunagi valesti minna. ja nende adidas´i meeskonnasokkidega saad igapäevaelu jaoks sobivad nii kontorisse, skateparki kui ka kõikjale vahepealsesse kohta. nende mugav puuvillasegu pakub kerget pehmendust, samal ajal kui 3 triipu ja trefoil logo lisavad sinu garderoobile klassikalise välimuse. kõikidel päevadel, kui sa ei tea, mida kanda, alusta neist sokkidest ja ehita need üles. vähemalt 50% sellest tootest on segu taaskasutatud ja taastuvatest materjalidest. Vaata lähemalt ballzy.eu.",https://ballzy.eu/et/product/crew-sock-3str-ij0733-s-cnf,https://backend.ballzy.eu/media/catalog/product/a/d/adidas-crew-sock-3str-valge-kcjf.jpg,adidas Originals,19.00 EUR,in_stock,Streetbrand OÜ,EE,true,false,true
JH9095_4_CNF,Campus 00s w,"proportsioonid on muutumas ja isiklik stiil valitseb. uue perspektiiviga meie campus 80s´ile näitavad need adidas´i trennid julget lihtsust oma parimas vormis puhta mokkamoe pealse ja klassikaliste kontrastsete 3 triibuga. uuendatud proportsioonid, mis on inspireeritud 2000ndate rulaajastust, toovad sinu igapäevastesse stiilidesse autentse, enesemääratletud meeleolu. Vaata lähemalt ballzy.eu.",https://ballzy.eu/et/product/campus-00s-w-jh9095-4-cnf,https://backend.ballzy.eu/media/catalog/product/a/d/adidas-campus-00s-w-roheline-bfer.jpg,adidas Originals,119.00 EUR,in_stock,Streetbrand OÜ,EE,true,false,true
60416758_L_CNF,Nos nba regular hoody lakers,Spordiriided ballzy veebipoest. Vaata lähemalt ballzy.eu.,https://ballzy.eu/et/product/nos-nba-regular-hoody-lakers-60416758-l-cnf,https://backend.ballzy.eu/media/catalog/product/n/e/newera-nos-nba-regular-hoody-lakers-hall-d2py.jpg,New Era,74.00 EUR,in_stock,Streetbrand OÜ,EE,true,false,true
I033608_87XX_M_CNF,Balto jacket,Spordiriided ballzy veebipoest. Vaata lähemalt ballzy.eu.,https://ballzy.eu/et/product/balto-jacket-i033608-87xx-m-cnf,https://backend.ballzy.eu/media/catalog/product/c/a/carhartt-balto-jacket-must-na8o.jpg,Carhartt WIP,249.00 EUR,in_stock,Streetbrand OÜ,EE,true,false,true
I033616_87XX_M_CNF,Balto pant,Spordiriided ballzy veebipoest. Vaata lähemalt ballzy.eu.,https://ballzy.eu/et/product/balto-pant-i033616-87xx-m-cnf,https://backend.ballzy.eu/media/catalog/product/c/a/carhartt-balto-pant-must-8y0s.jpg,Carhartt WIP,149.00 EUR,in_stock,Streetbrand OÜ,EE,true,false,true
FQ1759_001_8_CNF,Jordan spizike low,"spizike võtab elemendid neljast ikoonilisest jordanist, ühendab need ja annab sulle ühe kindla tossu. ja see toimib kui austusavaldus spike lee´le ja kuulsale hollywoodi/kõrvikute reklaamikampaaniale. nii et saad hea välimusega jalanõude paari, millel on ajalugu. mida enamat saab veel küsida? toote omadused: nahast ja tekstiilist pealne annab sulle vastupidavuse&hellip; võrgupaneelid lisavad ventilatsiooni&hellip; nike air tehnoloogia neelab lööki ja tagab pehmenduse igal sammul& Vaata lähemalt ballzy.eu.",https://ballzy.eu/et/product/jordan-spizike-low-fq1759-001-8-cnf,https://backend.ballzy.eu/media/catalog/product/j/o/jordan-jordan-spizike-low-must-gau7.jpg,Jordan,189.00 EUR,in_stock,Streetbrand OÜ,EE,true,false,true
DK0A4Y1BWHX1_XS_CNF,Summerdale tee ss w,Spordiriided ballzy veebipoest. Vaata lähemalt ballzy.eu.,https://ballzy.eu/et/product/summerdale-tee-ss-w-dk0a4y1bwhx1-xs-cnf,https://backend.ballzy.eu/media/catalog/product/d/i/dickies-summerdale-tee-ss-w-valge-zhkc.jpg,Dickies,39.00 EUR,in_stock,Streetbrand OÜ,EE,true,false,true
60416754_L_CNF,Nos nba regular tee warriors,Spordiriided ballzy veebipoest. Vaata lähemalt ballzy.eu.,https://ballzy.eu/et/product/nos-nba-regular-tee-warriors-60416754-l-cnf,https://backend.ballzy.eu/media/catalog/product/n/e/newera-nos-nba-regular-tee-warriors-hall-prji.jpg,New Era,29.00 EUR,in_stock,Streetbrand OÜ,EE,true,false,true
60416756_L_CNF,Nos nba regular tee lakers,Spordiriided ballzy veebipoest. Vaata lähemalt ballzy.eu.,https://ballzy.eu/et/product/nos-nba-regular-tee-lakers-60416756-l-cnf,https://backend.ballzy.eu/media/catalog/product/n/e/newera-nos-nba-regular-tee-lakers-must-37zh.jpg,New Era,29.00 EUR,in_stock,Streetbrand OÜ,EE,true,false,true
I025061_1NK02_26_CNF,W´ master pant,Spordiriided ballzy veebipoest. Vaata lähemalt ballzy.eu.,https://ballzy.eu/et/product/w-master-pant-i025061-1nk02-26-cnf,https://backend.ballzy.eu/media/catalog/product/c/a/carhartt-w-master-pant-hall-ufgx.jpg,Carhartt WIP,79.00 EUR,in_stock,Streetbrand OÜ,EE,true,false,true
FQ1598_402_8_CNF,Jordan jumpman slide,"mis on alati teie jaoks olemas, kui te neid kõige rohkem vajate: slaidid. naudi paksu, kerge vahtpolsterduse pehmendust rannapäevade või mängujärgse hängimise ajal&hellip; toote omadused: pehme rihm on jalale kerge&hellip; tallal on tekstuurne jalapõhi, mis pakub toetavamat pehmendust&hellip; fischbone-muster välistallal tagab haardumise&hellip; toote omaduste alapealkirjad: Vaata lähemalt ballzy.eu.",https://ballzy.eu/et/product/jordan-jumpman-slide-fq1598-402-8-cnf,https://backend.ballzy.eu/media/catalog/product/j/o/jordan-jordan-jumpman-slide-sinine-iu76.jpg,Jordan,44.00 EUR,in_stock,Streetbrand OÜ,EE,true,false,true
60565266_OSFM_CNF,Wmns jacquard 9forty yankees,Spordiriided ballzy veebipoest. Vaata lähemalt ballzy.eu.,https://ballzy.eu/et/product/wmns-jacquard-9forty-yankees-60565266-osfm-cnf,https://backend.ballzy.eu/media/catalog/product/n/e/newera-wmns-jacquard-9forty-yankees-must-1b0a.jpg,New Era,34.00 EUR,in_stock,Streetbrand OÜ,EE,true,false,true
60565270_OSFM_CNF,Wmns jacquard 9forty yankees,Spordiriided ballzy veebipoest. Vaata lähemalt ballzy.eu.,https://ballzy.eu/et/product/wmns-jacquard-9forty-yankees-60565270-osfm-cnf,https://backend.ballzy.eu/media/catalog/product/n/e/newera-wmns-jacquard-9forty-yankees-roosa-tvob.jpg,New Era,34.00 EUR,in_stock,Streetbrand OÜ,EE,true,false,true
DK0A4XK3KHK1_30_32_CNF,Double knee rec,Spordiriided ballzy veebipoest. Vaata lähemalt ballzy.eu.,https://ballzy.eu/et/product/double-knee-rec-dk0a4xk3khk1-30-32-cnf,https://backend.ballzy.eu/media/catalog/product/d/i/dickies-double-knee-rec-bee-zjwf.jpg,Dickies,79.00 EUR,in_stock,Streetbrand OÜ,EE,true,false,true
DK0A4XK6MR11_32_32_CNF,874 work pant,Spordiriided ballzy veebipoest. Vaata lähemalt ballzy.eu.,https://ballzy.eu/et/product/874-work-pant-dk0a4xk6mr11-32-32-cnf,https://backend.ballzy.eu/media/catalog/product/d/i/dickies-874-work-pant-bee-zqwx.jpg,Dickies,79.00 EUR,in_stock,Streetbrand OÜ,EE,true,false,true
DK0A4Y26BLK1_L_CNF,Work shirt ls,Spordiriided ballzy veebipoest. Vaata lähemalt ballzy.eu.,https://ballzy.eu/et/product/work-shirt-ls-dk0a4y26blk1-l-cnf,https://backend.ballzy.eu/media/catalog/product/d/i/dickies-work-shirt-ls-must-ua3d.jpg,Dickies,69.00 EUR,in_stock,Streetbrand OÜ,EE,true,false,true
I031918_0112_S_CNF,W´ brandon pant,Spordiriided ballzy veebipoest. Vaata lähemalt ballzy.eu.,https://ballzy.eu/et/product/w-brandon-pant-i031918-0112-s-cnf,https://backend.ballzy.eu/media/catalog/product/c/a/carhartt-w-brandon-pant-must-ny1n.jpg,Carhartt WIP,99.00 EUR,in_stock,Streetbrand OÜ,EE,true,false,true
VN00046YBLK1_L_CNF,Flying v bff hoodie,Spordiriided ballzy veebipoest. Vaata lähemalt ballzy.eu.,https://ballzy.eu/et/product/flying-v-bff-hoodie-vn00046yblk1-l-cnf,https://backend.ballzy.eu/media/catalog/product/v/a/vans-flying-v-bff-hoodie-must-xsmu.jpg,Vans,74.00 EUR,in_stock,Streetbrand OÜ,EE,true,false,true
VN000H4XBA51_OSFA_CNF,Old skool check backpack,Spordiriided ballzy veebipoest. Vaata lähemalt ballzy.eu.,https://ballzy.eu/et/product/old-skool-check-backpack-vn000h4xba51-osfa-cnf,https://backend.ballzy.eu/media/catalog/product/v/a/vans-old-skool-check-backpack-must-7khz.jpg,Vans,54.00 EUR,in_stock,Streetbrand OÜ,EE,true,false,true
VN000H4XY281_OSFA_CNF,Old skool check backpack,Spordiriided ballzy veebipoest. Vaata lähemalt ballzy.eu.,https://ballzy.eu/et/product/old-skool-check-backpack-vn000h4xy281-osfa-cnf,https://backend.ballzy.eu/media/catalog/product/v/a/vans-old-skool-check-backpack-must-jkje.jpg,Vans,54.00 EUR,in_stock,Streetbrand OÜ,EE,true,false,true
VN000H4YBLK1_OSFA_CNF,Old skool classic backpack,Spordiriided ballzy veebipoest. Vaata lähemalt ballzy.eu.,https://ballzy.eu/et/product/old-skool-classic-backpack-vn000h4yblk1-osfa-cnf,https://backend.ballzy.eu/media/catalog/product/v/a/vans-old-skool-classic-backpack-must-n4o5.jpg,Vans,49.00 EUR,in_stock,Streetbrand OÜ,EE,true,false,true
VN000HFVFS81_L_CNF,Mallard ss,Spordiriided ballzy veebipoest. Vaata lähemalt ballzy.eu.,https://ballzy.eu/et/product/mallard-ss-vn000hfvfs81-l-cnf,https://backend.ballzy.eu/media/catalog/product/v/a/vans-mallard-ss-valge-zcwm.jpg,Vans,44.00 EUR,in_stock,Streetbrand OÜ,EE,true,false,true
2578902_ADULT_CNF,Puma x carrots dad cap,Spordiriided ballzy veebipoest. Vaata lähemalt ballzy.eu.,https://ballzy.eu/et/product/puma-x-carrots-dad-cap-2578902-adult-cnf,https://backend.ballzy.eu/media/catalog/product/p/u/puma-puma-x-carrots-dad-cap-pruun-yxug.jpg,Puma,49.00 EUR,in_stock,Streetbrand OÜ,EE,true,false,true
2578903_ADULT_CNF,Puma x carrots dad cap,Spordiriided ballzy veebipoest. Vaata lähemalt ballzy.eu.,https://ballzy.eu/et/product/puma-x-carrots-dad-cap-2578903-adult-cnf,https://backend.ballzy.eu/media/catalog/product/p/u/puma-puma-x-carrots-dad-cap-valge-j5ea.jpg,Puma,49.00 EUR,in_stock,Streetbrand OÜ,EE,true,false,true
39746804_8_CNF,Rebound abrupt,Spordiriided ballzy veebipoest. Vaata lähemalt ballzy.eu.,https://ballzy.eu/et/product/rebound-abrupt-39746804-8-cnf,https://backend.ballzy.eu/media/catalog/product/p/u/puma-rebound-abrupt-must-34si.jpg,Puma,94.00 EUR,in_stock,Streetbrand OÜ,EE,true,false,true
39819001_8_CNF,Suede play.paris,Spordiriided ballzy veebipoest. Vaata lähemalt ballzy.eu.,https://ballzy.eu/et/product/suede-play-paris-39819001-8-cnf,https://backend.ballzy.eu/media/catalog/product/p/u/puma-suede-play-paris-lilla-kt01.jpg,Puma,99.00 EUR,in_stock,Streetbrand OÜ,EE,true,false,true
62744301_S_CNF,Puma x carrots graphic tee,Spordiriided ballzy veebipoest. Vaata lähemalt ballzy.eu.,https://ballzy.eu/et/product/puma-x-carrots-graphic-tee-62744301-s-cnf,https://backend.ballzy.eu/media/catalog/product/p/u/puma-puma-x-carrots-graphic-tee-must-n7cp.jpg,Puma,49.00 EUR,in_stock,Streetbrand OÜ,EE,true,false,true
62744501_S_CNF,Puma x carrots graphic hoodie,Spordiriided ballzy veebipoest. Vaata lähemalt ballzy.eu.,https://ballzy.eu/et/product/puma-x-carrots-graphic-hoodie-62744501-s-cnf,https://backend.ballzy.eu/media/catalog/product/p/u/puma-puma-x-carrots-graphic-hoodie-must-ksx8.jpg,Puma,89.00 EUR,in_stock,Streetbrand OÜ,EE,true,false,true
9039401_X_CNF,Puma.bl backpack,Spordiriided ballzy veebipoest. Vaata lähemalt ballzy.eu.,https://ballzy.eu/et/product/puma-bl-backpack-9039401-x-cnf,https://backend.ballzy.eu/media/catalog/product/p/u/puma-puma-bl-backpack-must-ytcz.jpg,Puma,79.00 EUR,in_stock,Streetbrand OÜ,EE,true,false,true
31672001_030_CNF,Crewson,Spordiriided ballzy veebipoest. Vaata lähemalt ballzy.eu.,https://ballzy.eu/et/product/crewson-31672001-030-cnf,https://backend.ballzy.eu/media/catalog/product/d/r/dr-martens-crewson-must-h02a.jpg,Dr. Martens,169.00 EUR,in_stock,Streetbrand OÜ,EE,true,false,true
31674001_070_CNF,Crewson chukka,Spordiriided ballzy veebipoest. Vaata lähemalt ballzy.eu.,https://ballzy.eu/et/product/crewson-chukka-31674001-070-cnf,https://backend.ballzy.eu/media/catalog/product/d/r/dr-martens-crewson-chukka-must-bdrs.jpg,Dr. Martens,179.00 EUR,in_stock,Streetbrand OÜ,EE,true,false,true
IF7086_4.5_CNF,Handball spezial,"Step into retro style and all-day comfort with these adidas handball spezial shoes. originally designed for indoor sports in the ´70s, this pair of low-profile trainers is ready to dominate the court and the streets. the premium suede upper is accented with contrast stitching for a pop of modern elegance while the t-toe design keeps the look rooted in the past. Vaata lähemalt ballzy.eu.",https://ballzy.eu/et/product/handball-spezial-if7086-4-5-cnf,https://backend.ballzy.eu/media/catalog/product/a/d/adidas-handball-spezial-hall-thed.jpg,adidas Originals,119.00 EUR,in_stock,Streetbrand OÜ,EE,true,false,true
FZ5899_474_M_CNF,Women´s nike sportswear therma-fit synthetic fill classic puffer,"võta vastu talvekülma, sest see jope on loodud selleks, et lisada oma ellu soojust. piisavalt lõdvestunud sünteetiline täidis lisab soojust, samas kui nike therma-fit tehnoloogia aitab juhtida sinu keha loomulikku soojust, et hoida sind külma ilmaga soojana. lisaks sellele aitab vetthülgav viimistlus hoida sind kuivana. nii et tõmba tõmblukk kinni, viska käed taskusse ja mine välja!. toote omadused: nike therma-fit tehnoloogia aitab juhtida keha loomulikku soojust, et hoida sind Vaata lähemalt ballzy.eu.",https://ballzy.eu/et/product/women-s-nike-sportswear-therma-fit-synthetic-fill-classic-puffer-fz5899-474-m-cnf,https://backend.ballzy.eu/media/catalog/product/n/i/nike-w-nsw-tf-synfl-nk-clsc-pfr-sinine-gssz.jpg,Nike,149.00 EUR,in_stock,Streetbrand OÜ,EE,true,false,true
I019176_89XX_0_CNF,Clip belt chrome,Spordiriided ballzy veebipoest. Vaata lähemalt ballzy.eu.,https://ballzy.eu/et/product/clip-belt-chrome-i019176-89xx-0-cnf,https://backend.ballzy.eu/media/catalog/product/c/a/carhartt-clip-belt-chrome-must-pnaw.jpg,Carhartt WIP,35.00 EUR,in_stock,Streetbrand OÜ,EE,true,false,true
24258001_030_CNF,939 ben boot,Spordiriided ballzy veebipoest. Vaata lähemalt ballzy.eu.,https://ballzy.eu/et/product/939-ben-boot-24258001-030-cnf,https://backend.ballzy.eu/media/catalog/product/d/r/dr-martens-939-ben-boot-must-3sbk.jpg,Dr. Martens,199.00 EUR,in_stock,Streetbrand OÜ,EE,true,false,true
31222001_040_CNF,Crewson,Spordiriided ballzy veebipoest. Vaata lähemalt ballzy.eu.,https://ballzy.eu/et/product/crewson-31222001-040-cnf,https://backend.ballzy.eu/media/catalog/product/d/r/dr-martens-crewson-must-v9bn.jpg,Dr. Martens,189.00 EUR,in_stock,Streetbrand OÜ,EE,true,false,true
31225001_070_CNF,Crewson,Spordiriided ballzy veebipoest. Vaata lähemalt ballzy.eu.,https://ballzy.eu/et/product/crewson-31225001-070-cnf,https://backend.ballzy.eu/media/catalog/product/d/r/dr-martens-crewson-must-yrhs.jpg,Dr. Martens,189.00 EUR,in_stock,Streetbrand OÜ,EE,true,false,true
FV7247_010_S_CNF,M j flt flc po,"We´ve put a cozy spin on a jordan must-have. smooth on the outside and brushed soft on the inside, this midweight fleece hoodie is all about casual comfort. slightly dropped shoulders and a traditional fit give it a classic feel. Vaata lähemalt ballzy.eu.",https://ballzy.eu/et/product/m-j-flt-flc-po-fv7247-010-s-cnf,https://backend.ballzy.eu/media/catalog/product/j/o/jordan-m-j-flt-flc-po-must-py4y.jpg,Jordan,99.00 EUR,in_stock,Streetbrand OÜ,EE,true,false,true
24282207_080_CNF,939 ben boot,Spordiriided ballzy veebipoest. Vaata lähemalt ballzy.eu.,https://ballzy.eu/et/product/939-ben-boot-24282207-080-cnf,https://backend.ballzy.eu/media/catalog/product/d/r/dr-martens-939-ben-boot-pruun-8f41.jpg,Dr. Martens,199.00 EUR,in_stock,Streetbrand OÜ,EE,true,false,true
DK0A4X9XBLK1_30_CNF,Eagle bend pant,Spordiriided ballzy veebipoest. Vaata lähemalt ballzy.eu.,https://ballzy.eu/et/product/eagle-bend-pant-dk0a4x9xblk1-30-cnf,https://backend.ballzy.eu/media/catalog/product/d/i/dickies-eagle-bend-pant-must-vj3a.jpg,Dickies,89.00 EUR,in_stock,Streetbrand OÜ,EE,true,false,true
DK0A4XFYC401_L_CNF,Dickies duck canvas deck jacket,Spordiriided ballzy veebipoest. Vaata lähemalt ballzy.eu.,https://ballzy.eu/et/product/dickies-duck-canvas-deck-jacket-dk0a4xfyc401-l-cnf,https://backend.ballzy.eu/media/catalog/product/d/i/dickies-dickies-duck-canvas-deck-jacket-must-slyj.jpg,Dickies,149.00 EUR,in_stock,Streetbrand OÜ,EE,true,false,true
DK0A4Z4M0IP1_L_CNF,Plains bomber,Spordiriided ballzy veebipoest. Vaata lähemalt ballzy.eu.,https://ballzy.eu/et/product/plains-bomber-dk0a4z4m0ip1-l-cnf,https://backend.ballzy.eu/media/catalog/product/d/i/dickies-plains-bomber-roheline-e54s.jpg,Dickies,164.00 EUR,in_stock,Streetbrand OÜ,EE,true,false,true
DK0A85SR0LN1_L_CNF,Dickies globe hoodie,Spordiriided ballzy veebipoest. Vaata lähemalt ballzy.eu.,https://ballzy.eu/et/product/dickies-globe-hoodie-dk0a85sr0ln1-l-cnf,https://backend.ballzy.eu/media/catalog/product/d/i/dickies-dickies-globe-hoodie-roheline-zvra.jpg,Dickies,84.00 EUR,in_stock,Streetbrand OÜ,EE,true,false,true
DK0A864R0IP1_30_32_CNF,Duck canvas camo cargo,Spordiriided ballzy veebipoest. Vaata lähemalt ballzy.eu.,https://ballzy.eu/et/product/duck-canvas-camo-cargo-dk0a864r0ip1-30-32-cnf,https://backend.ballzy.eu/media/catalog/product/d/i/dickies-duck-canvas-camo-cargo-roheline-fspf.jpg,Dickies,89.00 EUR,in_stock,Streetbrand OÜ,EE,true,false,true
I032236_00E02_S_CNF,W´ og detroit jacket,Spordiriided ballzy veebipoest. Vaata lähemalt ballzy.eu.,https://ballzy.eu/et/product/w-og-detroit-jacket-i032236-00e02-s-cnf,https://backend.ballzy.eu/media/catalog/product/c/a/carhartt-w-og-detroit-jacket-must-wtd8.jpg,Carhartt WIP,199.00 EUR,in_stock,Streetbrand OÜ,EE,true,false,true
I033661_2GQXX_S_CNF,Hooded chase sweat,Spordiriided ballzy veebipoest. Vaata lähemalt ballzy.eu.,https://ballzy.eu/et/product/hooded-chase-sweat-i033661-2gqxx-s-cnf,https://backend.ballzy.eu/media/catalog/product/c/a/carhartt-hooded-chase-sweat-pruun-w5fp.jpg,Carhartt WIP,89.00 EUR,in_stock,Streetbrand OÜ,EE,true,false,true
I034247_2BZ02_S_CNF,W´ brandon double knee pant,Spordiriided ballzy veebipoest. Vaata lähemalt ballzy.eu.,https://ballzy.eu/et/product/w-brandon-double-knee-pant-i034247-2bz02-s-cnf,https://backend.ballzy.eu/media/catalog/product/c/a/carhartt-w-brandon-double-knee-pant-must-vmoz.jpg,Carhartt WIP,129.00 EUR,in_stock,Streetbrand OÜ,EE,true,false,true
FV7074_010_XS_CNF,W j brk flc crew 24,"Looking for a little extra warmth? grab this classic sweatshirt. smooth on the outside and brushed soft on the inside, our midweight fleece gives you all the cozy feels with a roomy, relaxed fit. Vaata lähemalt ballzy.eu.",https://ballzy.eu/et/product/w-j-brk-flc-crew-24-fv7074-010-xs-cnf,https://backend.ballzy.eu/media/catalog/product/j/o/jordan-w-j-brk-flc-crew-24-must-cxy9.jpg,Jordan,74.00 EUR,in_stock,Streetbrand OÜ,EE,true,false,true
FV7077_010_XS_CNF,W j brk flc pant 24,"Sweats for every day of the week? yeah, we got ´em. smooth on the outside and brushed soft on the inside, our midweight fleece gives you all the cozy feels with a roomy, relaxed look. an elastic waistband with drawcord makes finding your perfect fit a cinch. Vaata lähemalt ballzy.eu.",https://ballzy.eu/et/product/w-j-brk-flc-pant-24-fv7077-010-xs-cnf,https://backend.ballzy.eu/media/catalog/product/j/o/jordan-w-j-brk-flc-pant-24-must-ohrj.jpg,Jordan,74.00 EUR,in_stock,Streetbrand OÜ,EE,true,false,true
VN000KTFM8I1_L_CNF,Fun gfx loose ss,Spordiriided ballzy veebipoest. Vaata lähemalt ballzy.eu.,https://ballzy.eu/et/product/fun-gfx-loose-ss-vn000ktfm8i1-l-cnf,https://backend.ballzy.eu/media/catalog/product/v/a/vans-fun-gfx-loose-ss-hall-45u2.jpg,Vans,44.00 EUR,in_stock,Streetbrand OÜ,EE,true,false,true
60564833_L_CNF,Ne shacket,Spordiriided ballzy veebipoest. Vaata lähemalt ballzy.eu.,https://ballzy.eu/et/product/ne-shacket-60564833-l-cnf,https://backend.ballzy.eu/media/catalog/product/n/e/newera-ne-shacket-roheline-yp6a.jpg,New Era,99.00 EUR,in_stock,Streetbrand OÜ,EE,true,false,true
60564889_L_CNF,Mlb nylon puffer yankees,Spordiriided ballzy veebipoest. Vaata lähemalt ballzy.eu.,https://ballzy.eu/et/product/mlb-nylon-puffer-yankees-60564889-l-cnf,https://backend.ballzy.eu/media/catalog/product/n/e/newera-mlb-nylon-puffer-yankees-must-67r5.jpg,New Era,179.00 EUR,in_stock,Streetbrand OÜ,EE,true,false,true
60564896_L_CNF,Mlb cord puffer yankees,Spordiriided ballzy veebipoest. Vaata lähemalt ballzy.eu.,https://ballzy.eu/et/product/mlb-cord-puffer-yankees-60564896-l-cnf,https://backend.ballzy.eu/media/catalog/product/n/e/newera-mlb-cord-puffer-yankees-must-4ogq.jpg,New Era,179.00 EUR,in_stock,Streetbrand OÜ,EE,true,false,true
IL5022_S_CNF,Crew sock 3str,"põhitõdedega ei saa kunagi valesti minna. ja nende adidas´i meeskonnasokkidega saad igapäevaelu jaoks sobivad nii kontorisse, skateparki kui ka kõikjale vahepealsesse kohta. nende mugav puuvillasegu pakub kerget pehmendust, samal ajal kui 3 triipu ja trefoil logo lisavad sinu garderoobile klassikalise välimuse. kõikidel päevadel, kui sa ei tea, mida kanda, alusta neist sokkidest ja ehita need üles. vähemalt 50% sellest tootest on segu taaskasutatud ja taastuvatest materjalidest. Vaata lähemalt ballzy.eu.",https://ballzy.eu/et/product/crew-sock-3str-il5022-s-cnf,https://backend.ballzy.eu/media/catalog/product/a/d/adidas-crew-sock-3str-must-ggiz.jpg,adidas Originals,14.00 EUR,in_stock,Streetbrand OÜ,EE,true,false,true
IX7613_S_CNF,Prem crew 2pp,"astu julgelt igal sammul nende adidas´i meeskonnasokkidega. esmaklassiline konstruktsioon ja sportlik disain ühendavad endas mitmekülgse stiili, mis on ühtviisi valmis nii kogu päeva seiklusteks kui ka lõõgastumiseks kodus. siledad ja vastupidavad, need on valmistatud koos tugivõlviga, et hoida jalad hommikust õhtuni ergonoomilised. topeltbränding ees- ja tagaküljel ühendab iga sammu adidas originals´i mittekonformistliku loovuse pärandiga. valides taaskasutatavad materjalid, s Vaata lähemalt ballzy.eu.",https://ballzy.eu/et/product/prem-crew-2pp-ix7613-s-cnf,https://backend.ballzy.eu/media/catalog/product/a/d/adidas-prem-crew-2pp-multicolor-1jmz.jpg,adidas Originals,24.00 EUR,in_stock,Streetbrand OÜ,EE,true,false,true
39826302_4_CNF,Velophasis,Spordiriided ballzy veebipoest. Vaata lähemalt ballzy.eu.,https://ballzy.eu/et/product/velophasis-39826302-4-cnf,https://backend.ballzy.eu/media/catalog/product/p/u/puma-velophasis-must-52r4.jpg,Puma,159.00 EUR,in_stock,Streetbrand OÜ,EE,true,false,true
39853401_4_CNF,Palermo moda,Spordiriided ballzy veebipoest. Vaata lähemalt ballzy.eu.,https://ballzy.eu/et/product/palermo-moda-39853401-4-cnf,https://backend.ballzy.eu/media/catalog/product/p/u/puma-palermo-moda-roosa-e97r.jpg,Puma,104.00 EUR,in_stock,Streetbrand OÜ,EE,true,false,true
60564837_L_CNF,Ne canvas puffer,Spordiriided ballzy veebipoest. Vaata lähemalt ballzy.eu.,https://ballzy.eu/et/product/ne-canvas-puffer-60564837-l-cnf,https://backend.ballzy.eu/media/catalog/product/n/e/newera-ne-canvas-puffer-roheline-dv4q.jpg,New Era,179.00 EUR,in_stock,Streetbrand OÜ,EE,true,false,true
DK0A4XP2D061_L_CNF,Waldenburg jacket,Spordiriided ballzy veebipoest. Vaata lähemalt ballzy.eu.,https://ballzy.eu/et/product/waldenburg-jacket-dk0a4xp2d061-l-cnf,https://backend.ballzy.eu/media/catalog/product/d/i/dickies-waldenburg-jacket-hall-qp4e.jpg,Dickies,154.00 EUR,in_stock,Streetbrand OÜ,EE,true,false,true
FZ5903_010_S_CNF,Women´s nike sportswear therma-fit synthetic fill classic parka,"võta vastu talvekülma parka, mis on loodud selleks, et lisada oma ellu veidi soojust. piisavalt lõdvestunud sünteetiline täidis lisab soojust, samas kui nike therma-fit tehnoloogia aitab juhtida sinu keha loomulikku soojust, et hoida sind külma ilmaga soojana. lisaks sellele aitab vetthülgav viimistlus hoida sind kuivana. nii et tõmba tõmblukk kinni, viska käed taskusse ja mine välja!. toote omadused: nike therma-fit tehnoloogia aitab juhtida keha loomulikku soojust, et hoida sin Vaata lähemalt ballzy.eu.",https://ballzy.eu/et/product/women-s-nike-sportswear-therma-fit-synthetic-fill-classic-parka-fz5903-010-s-cnf,https://backend.ballzy.eu/media/catalog/product/n/i/nike-w-nsw-tf-snfl-nk-clsc-prka-must-qrdg.jpg,Nike,189.00 EUR,in_stock,Streetbrand OÜ,EE,true,false,true
FZ5903_226_S_CNF,Women´s nike sportswear therma-fit synthetic fill classic parka,"võta vastu talvekülma parka, mis on loodud selleks, et lisada oma ellu veidi soojust. piisavalt lõdvestunud sünteetiline täidis lisab soojust, samas kui nike therma-fit tehnoloogia aitab juhtida sinu keha loomulikku soojust, et hoida sind külma ilmaga soojana. lisaks sellele aitab vetthülgav viimistlus hoida sind kuivana. nii et tõmba tõmblukk kinni, viska käed taskusse ja mine välja!. toote omadused: nike therma-fit tehnoloogia aitab juhtida keha loomulikku soojust, et hoida sin Vaata lähemalt ballzy.eu.",https://ballzy.eu/et/product/women-s-nike-sportswear-therma-fit-synthetic-fill-classic-parka-fz5903-226-s-cnf,https://backend.ballzy.eu/media/catalog/product/n/i/nike-w-nsw-tf-snfl-nk-clsc-prka-pruun-uqmp.jpg,Nike,189.00 EUR,in_stock,Streetbrand OÜ,EE,true,false,true
27109001_080_CNF,Rakim,Spordiriided ballzy veebipoest. Vaata lähemalt ballzy.eu.,https://ballzy.eu/et/product/rakim-27109001-080-cnf,https://backend.ballzy.eu/media/catalog/product/d/r/dr-martens-rakim-must-guhg.jpg,Dr. Martens,169.00 EUR,in_stock,Streetbrand OÜ,EE,true,false,true
U9060WHT_8.5_CNF,New balance u9060,"uus 9060 tõlgendab klassikalistest 99x-seeria mudelitest pärit tuttavaid elemente ümber väänatud tundlikkusega, mis on inspireeritud y2k-ajastu uhkelt futuristlikust, nähtavast tehnoloogilisest esteetikast. sway baarid, mis on võetud mudelilt 990, on laiendatud ja kasutatud kogu pealsel, et tekitada nähtava liikumise tunnet, samas kui lainelised jooned ja skulptuuritud pod-välipõhjal olevad suuremad proportsioonid rõhutavad liialdatult abzorb ja sbs tuttavaid pehmendusplatvorme.</ Vaata lähemalt ballzy.eu.",https://ballzy.eu/et/product/new-balance-u9060-u9060wht-8-5-cnf,https://backend.ballzy.eu/media/catalog/product/n/e/new-balance-new-balance-u9060-valge-wxn9.jpg,New Balance,199.00 EUR,in_stock,Streetbrand OÜ,EE,true,false,true
DK0A4YJUJ541_M_CNF,Alatna oversized puffer,Spordiriided ballzy veebipoest. Vaata lähemalt ballzy.eu.,https://ballzy.eu/et/product/alatna-oversized-puffer-dk0a4yjuj541-m-cnf,https://backend.ballzy.eu/media/catalog/product/d/i/dickies-alatna-oversized-puffer-roosa-gv5d.jpg,Dickies,164.00 EUR,in_stock,Streetbrand OÜ,EE,true,false,true
DK0A8652KHK1_L_CNF,Corduroy shirt ls,Spordiriided ballzy veebipoest. Vaata lähemalt ballzy.eu.,https://ballzy.eu/et/product/corduroy-shirt-ls-dk0a8652khk1-l-cnf,https://backend.ballzy.eu/media/catalog/product/d/i/dickies-corduroy-shirt-ls-bee-hx9h.jpg,Dickies,84.00 EUR,in_stock,Streetbrand OÜ,EE,true,false,true
FV7261_010_L_CNF,Michael jordan essential statement rugby long sleeve top,"klassikaline kolledži stiil, mida on täiendatud jordani dna-ga. see särk, mille krae on alla volditav, 2-nööpne lukk, langevõitu äär ja soonikuga mansetid, tabab kõiki õigeid ragbi stiilisärke. pehme puuvill ja avar istuvus hoiavad selle mugava ja hingava&hellip; toote üksikasjad: 100% puuvill. ribitud mansetid. masinpesu. imporditud. Vaata lähemalt ballzy.eu.",https://ballzy.eu/et/product/michael-jordan-essential-statement-rugby-long-sleeve-top-fv7261-010-l-cnf,https://backend.ballzy.eu/media/catalog/product/j/o/jordan-m-j-ess-stmt-rugby-ls-top-must-89o4.jpg,Jordan,99.00 EUR,in_stock,Streetbrand OÜ,EE,true,false,true
FV7297_010_M_CNF,Michael jordan brooklyn all over print fleece pullover,"hubane fliis ja mj's ikooniliste hetkedega trükis? kõlab ideaalselt. väljastpoolt sile ja seestpoolt harjatud pehme, see kapuuts on silmatorkav kiht, mida saate kanda aastaringselt&hellip; toote üksikasjad: body: 80% puuvill / 20% polüester. kapuutsi vooder: 100% puuvill&hellip; esitasku. ribedega mansetid ja hem. masinpesu. imporditud. Vaata lähemalt ballzy.eu.",https://ballzy.eu/et/product/michael-jordan-brooklyn-all-over-print-fleece-pullover-fv7297-010-m-cnf,https://backend.ballzy.eu/media/catalog/product/j/o/jordan-m-j-brkln-aop-flc-po-must-2gd1.jpg,Jordan,99.00 EUR,in_stock,Streetbrand OÜ,EE,true,false,true
FV7306_228_L_CNF,Michael jordan essential statement woven pants,"kerged ja igaks juhuks valmis, on need kootud nailonpüksid vetthülgava viimistlusega, mis aitab sul vihma korral kuivana püsida. lisaks annavad elastsed tõmblukud püksisääre juures sulle stiilipuudutuse. kuidas sa neid kannad? toote omadused: kerge kootud nailon on vastupidav ja veekindel viimistlus, mis aitab sul märja ilmaga kuivana püsida&hellip; elastne vöökoht koos sisemise tõmbekordiga aitab sul valida oma täiusliku istuvuse&hellip; elastsed tõmbekordid püksisääre juures võ Vaata lähemalt ballzy.eu.",https://ballzy.eu/et/product/michael-jordan-essential-statement-woven-pants-fv7306-228-l-cnf,https://backend.ballzy.eu/media/catalog/product/j/o/jordan-m-j-ess-stmt-wvn-pant-pruun-vamx.jpg,Jordan,99.00 EUR,in_stock,Streetbrand OÜ,EE,true,false,true
FZ5899_226_XS_CNF,Women´s nike sportswear therma-fit synthetic fill classic puffer,"võta vastu talvekülma, sest see jope on loodud selleks, et lisada oma ellu soojust. piisavalt lõdvestunud sünteetiline täidis lisab soojust, samas kui nike therma-fit tehnoloogia aitab juhtida sinu keha loomulikku soojust, et hoida sind külma ilmaga soojana. lisaks sellele aitab vetthülgav viimistlus hoida sind kuivana. nii et tõmba tõmblukk kinni, viska käed taskusse ja mine välja!. toote omadused: nike therma-fit tehnoloogia aitab juhtida keha loomulikku soojust, et hoida sind Vaata lähemalt ballzy.eu.",https://ballzy.eu/et/product/women-s-nike-sportswear-therma-fit-synthetic-fill-classic-puffer-fz5899-226-xs-cnf,https://backend.ballzy.eu/media/catalog/product/n/i/nike-w-nsw-tf-synfl-nk-clsc-pfr-multicolor-ys1y.jpg,Nike,149.00 EUR,in_stock,Streetbrand OÜ,EE,true,false,true
DQ8423_001_3.5Y_CNF,Air jordan 1 mid gs,"see aj1-i iteratsioon muudab mike´i esimese signatuurmudeli värskete värvide kombinatsiooniga. esmaklassilised materjalid, pehme pehmendus ja polsterdatud pahkluu krae pakuvad täielikku tuge ja tähistavad kinga, millest kõik algas&hellip; toote omadused: premium konstruktsioon pakub mugavust ja ikoonilist atraktiivsust&hellip; kapseldatud air-sole üksus kannas annab teile pehme pehmenduse&hellip; toote omaduste alapealkirjad: tootedetailid: cupsole konstruktsioon. polsterdatud kr Vaata lähemalt ballzy.eu.",https://ballzy.eu/et/product/air-jordan-1-mid-gs-dq8423-001-3-5y-cnf,https://backend.ballzy.eu/media/catalog/product/j/o/jordan-air-jordan-1-mid-gs-must-gphb.jpg,Jordan,119.00 EUR,in_stock,Streetbrand OÜ,EE,true,false,true
DZ5320_201_10_CNF,Lunar force 1 duckboot,Spordiriided ballzy veebipoest. Vaata lähemalt ballzy.eu.,https://ballzy.eu/et/product/lunar-force-1-duckboot-dz5320-201-10-cnf,https://backend.ballzy.eu/media/catalog/product/n/i/nike-lunar-force-1-duckboot-pruun-89h8.jpg,Nike,204.00 EUR,in_stock,Streetbrand OÜ,EE,true,false,true
TB0A5VAC0151_8.5_CNF,Gsm6 mid lace sneaker,Spordiriided ballzy veebipoest. Vaata lähemalt ballzy.eu.,https://ballzy.eu/et/product/gsm6-mid-lace-sneaker-tb0a5vac0151-8-5-cnf,https://backend.ballzy.eu/media/catalog/product/t/i/timberland-gsm6-mid-lace-sneaker-must-ksrf.jpg,Timberland,149.00 EUR,in_stock,Streetbrand OÜ,EE,true,false,true
I020175_482XX_0_CNF,Acrylic watch hat,Spordiriided ballzy veebipoest. Vaata lähemalt ballzy.eu.,https://ballzy.eu/et/product/acrylic-watch-hat-i020175-482xx-0-cnf,https://backend.ballzy.eu/media/catalog/product/c/a/carhartt-acrylic-watch-hat-hall-jbdb.jpg,Carhartt WIP,24.00 EUR,in_stock,Streetbrand OÜ,EE,true,false,true
60564831_L_CNF,Ne sherpa jacket,Spordiriided ballzy veebipoest. Vaata lähemalt ballzy.eu.,https://ballzy.eu/et/product/ne-sherpa-jacket-60564831-l-cnf,https://backend.ballzy.eu/media/catalog/product/n/e/newera-ne-sherpa-jacket-bee-abiw.jpg,New Era,119.00 EUR,in_stock,Streetbrand OÜ,EE,true,false,true
60564832_L_CNF,Ne sherpa jacket,Spordiriided ballzy veebipoest. Vaata lähemalt ballzy.eu.,https://ballzy.eu/et/product/ne-sherpa-jacket-60564832-l-cnf,https://backend.ballzy.eu/media/catalog/product/n/e/newera-ne-sherpa-jacket-must-ycrl.jpg,New Era,119.00 EUR,in_stock,Streetbrand OÜ,EE,true,false,true
60565152_OSFM_CNF,Metallic pin 9forty lakers,Spordiriided ballzy veebipoest. Vaata lähemalt ballzy.eu.,https://ballzy.eu/et/product/metallic-pin-9forty-lakers-60565152-osfm-cnf,https://backend.ballzy.eu/media/catalog/product/n/e/newera-metallic-pin-9forty-lakers-hall-7gwy.jpg,New Era,34.00 EUR,in_stock,Streetbrand OÜ,EE,true,false,true
FV7306_010_L_CNF,Michael jordan essential statement woven pants,"kerged ja igaks juhuks valmis, on need kootud nailonpüksid vetthülgava viimistlusega, mis aitab sul vihma korral kuivana püsida. lisaks annavad elastsed tõmblukud püksisääre juures sulle stiilipuudutuse. kuidas sa neid kannad? toote omadused: kerge kootud nailon on vastupidav ja veekindel viimistlus, mis aitab sul märja ilmaga kuivana püsida&hellip; elastne vöökoht koos sisemise tõmbekordiga aitab sul valida oma täiusliku istuvuse&hellip; elastsed tõmbekordid püksisääre juures võ Vaata lähemalt ballzy.eu.",https://ballzy.eu/et/product/michael-jordan-essential-statement-woven-pants-fv7306-010-l-cnf,https://backend.ballzy.eu/media/catalog/product/j/o/jordan-m-j-ess-stmt-wvn-pant-must-nnok.jpg,Jordan,99.00 EUR,in_stock,Streetbrand OÜ,EE,true,false,true
FV8610_366_S_CNF,Michael jordan dri-fit sport graphic fleece pullover,"higi ärajuhtiv tehnoloogia ja jordani stiil teevad sellest kapuutsist kapuutsiga, mis võib sinuga koos sõita kogu päeva. väljastpoolt sile, seestpoolt pisikeste harjata silmustega, meie prantsuse froteekangas on hingav, mistõttu on see mugav kiht, mida kanda iga ilmaga&hellip; toote omadused: nike dri-fit tehnoloogia juhib higi nahast eemale, et see aurustuks kiiremini, aidates sul kuivana ja mugavalt püsida&hellip; loopback fliis pakub kerget soojust iga ilmaga&hellip; toote oma Vaata lähemalt ballzy.eu.",https://ballzy.eu/et/product/michael-jordan-dri-fit-sport-graphic-fleece-pullover-fv8610-366-s-cnf,https://backend.ballzy.eu/media/catalog/product/j/o/jordan-m-j-df-sprt-gfx-flc-po-multicolor-cvxh.jpg,Jordan,89.00 EUR,in_stock,Streetbrand OÜ,EE,true,false,true
I032644_2GDXX_L_CNF,W´ hooded casey sweatshirt,Spordiriided ballzy veebipoest. Vaata lähemalt ballzy.eu.,https://ballzy.eu/et/product/w-hooded-casey-sweatshirt-i032644-2gdxx-l-cnf,https://backend.ballzy.eu/media/catalog/product/c/a/carhartt-w-hooded-casey-sweatshirt-must-8sm4.jpg,Carhartt WIP,84.00 EUR,in_stock,Streetbrand OÜ,EE,true,false,true
MJ43508_ACK_L_CNF,Coaches parka,Spordiriided ballzy veebipoest. Vaata lähemalt ballzy.eu.,https://ballzy.eu/et/product/coaches-parka-mj43508-ack-l-cnf,https://backend.ballzy.eu/media/catalog/product/n/e/new-balance-coaches-parka-must-ctji.jpg,New Balance,269.00 EUR,in_stock,Streetbrand OÜ,EE,true,false,true
URAINAL_8.5_CNF,Urainal,Spordiriided ballzy veebipoest. Vaata lähemalt ballzy.eu.,https://ballzy.eu/et/product/urainal-urainal-8-5-cnf,https://backend.ballzy.eu/media/catalog/product/n/e/new-balance-urainal-must-hvuq.jpg,New Balance,144.00 EUR,in_stock,Streetbrand OÜ,EE,true,false,true
URAINXBB_8.5_CNF,New balance rainier mid,Spordiriided ballzy veebipoest. Vaata lähemalt ballzy.eu.,https://ballzy.eu/et/product/new-balance-rainier-mid-urainxbb-8-5-cnf,https://backend.ballzy.eu/media/catalog/product/n/e/new-balance-new-balance-rainier-mid-must-cnyc.jpg,New Balance,179.00 EUR,in_stock,Streetbrand OÜ,EE,true,false,true
VN000HAMAF11_30_CNF,Mte service cargo loose tapered pant,Spordiriided ballzy veebipoest. Vaata lähemalt ballzy.eu.,https://ballzy.eu/et/product/mte-service-cargo-loose-tapered-pant-vn000hamaf11-30-cnf,https://backend.ballzy.eu/media/catalog/product/v/a/vans-mte-service-cargo-loose-tapered-pant-hall-gf4p.jpg,Vans,99.00 EUR,in_stock,Streetbrand OÜ,EE,true,false,true
VN000HCBBLK1_L_CNF,Pandamonium bff crew,Spordiriided ballzy veebipoest. Vaata lähemalt ballzy.eu.,https://ballzy.eu/et/product/pandamonium-bff-crew-vn000hcbblk1-l-cnf,https://backend.ballzy.eu/media/catalog/product/v/a/vans-pandamonium-bff-crew-must-rz2p.jpg,Vans,79.00 EUR,in_stock,Streetbrand OÜ,EE,true,false,true
VN000HCC02F1_L_CNF,Stadium loose crew,Spordiriided ballzy veebipoest. Vaata lähemalt ballzy.eu.,https://ballzy.eu/et/product/stadium-loose-crew-vn000hcc02f1-l-cnf,https://backend.ballzy.eu/media/catalog/product/v/a/vans-stadium-loose-crew-hall-fkea.jpg,Vans,79.00 EUR,in_stock,Streetbrand OÜ,EE,true,false,true
VN000JTXBLK1_L_CNF,Mte onset pant,Spordiriided ballzy veebipoest. Vaata lähemalt ballzy.eu.,https://ballzy.eu/et/product/mte-onset-pant-vn000jtxblk1-l-cnf,https://backend.ballzy.eu/media/catalog/product/v/a/vans-mte-onset-pant-must-zqas.jpg,Vans,79.00 EUR,in_stock,Streetbrand OÜ,EE,true,false,true
VN000K4JJ5F1_L_CNF,Brush script loose ft po,Spordiriided ballzy veebipoest. Vaata lähemalt ballzy.eu.,https://ballzy.eu/et/product/brush-script-loose-ft-po-vn000k4jj5f1-l-cnf,https://backend.ballzy.eu/media/catalog/product/v/a/vans-brush-script-loose-ft-po-roheline-jezv.jpg,Vans,89.00 EUR,in_stock,Streetbrand OÜ,EE,true,false,true
VN000KU29JC1_L_CNF,Nimi sk8 loose ss bungee cord,Spordiriided ballzy veebipoest. Vaata lähemalt ballzy.eu.,https://ballzy.eu/et/product/nimi-sk8-loose-ss-bungee-cord-vn000ku29jc1-l-cnf,https://backend.ballzy.eu/media/catalog/product/v/a/vans-nimi-sk8-loose-ss-bungee-cord-roheline-lmjc.jpg,Vans,44.00 EUR,in_stock,Streetbrand OÜ,EE,true,false,true
FV7249_068_L_CNF,Michael jordan flight wash fleece pullover,"oleme lisanud jordaania must-have´ile hubase pöörde. väljaspool sile ja seestpoolt harjatud pehme, see mahukas fliisist kapuuts on pestud, mis annab täiuslikult pleekinud välimuse. tooniline plaaster ja metallist tõmbelõngad lisavad jordanile iseloomulikku stiili&hellip; toote üksikasjad: tooniline plaaster ja metallist tõmbelõngad lisavad jordanile iseloomulikku stiili: body/hood vooder: 100% puuvill. rib: 96% puuvilla/4% elastaani&hellip; esitasku. ribed mansetid ja hem. masinp Vaata lähemalt ballzy.eu.",https://ballzy.eu/et/product/michael-jordan-flight-wash-fleece-pullover-fv7249-068-l-cnf,https://backend.ballzy.eu/media/catalog/product/j/o/jordan-m-j-flight-wash-flc-po-hall-frua.jpg,Jordan,119.00 EUR,in_stock,Streetbrand OÜ,EE,true,false,true
HV0959_010_L_CNF,M nk tch flc jggr,"puhas ja klassikaline, neil pükstel on mõlemalt poolt sileda fliis. neil on sobiv sale sobivus, liigendused põlvedel ja mansettidega pahkluude jaoks lihvitud välimus&hellip; toote omadused: meie esmaklassiline, mõlemal küljel siledaid fliis tundub soojem ja pehmem kui kunagi varem, säilitades samas sama kerge konstruktsiooni, mida armastate&hellip; elastne vöökoht ja sisemine tõmbekordel pakuvad mugavat, kohandatud istuvust teie vöökohal&hellip; tooteomaduste alapealkirjad: toote Vaata lähemalt ballzy.eu.",https://ballzy.eu/et/product/m-nk-tch-flc-jggr-hv0959-010-l-cnf,https://backend.ballzy.eu/media/catalog/product/n/i/nike-m-nk-tch-flc-jggr-must-zz3z.jpg,Nike,109.00 EUR,in_stock,Streetbrand OÜ,EE,true,false,true
HV0959_063_L_CNF,Men´s nike tech fleece joggers,"puhas ja klassikaline, neil pükstel on mõlemalt poolt sileda fliis. neil on sobiv sale sobivus, liigendused põlvedel ja mansettidega pahkluude jaoks lihvitud välimus&hellip; toote omadused: meie esmaklassiline, mõlemal küljel siledaid fliis tundub soojem ja pehmem kui kunagi varem, säilitades samas sama kerge konstruktsiooni, mida armastate&hellip; elastne vöökoht ja sisemine tõmbekordel pakuvad mugavat, kohandatud istuvust teie vöökohal&hellip; tooteomaduste alapealkirjad: toote Vaata lähemalt ballzy.eu.",https://ballzy.eu/et/product/men-s-nike-tech-fleece-joggers-hv0959-063-l-cnf,https://backend.ballzy.eu/media/catalog/product/n/i/nike-m-nk-tch-flc-jggr-hall-8gch.jpg,Nike,109.00 EUR,in_stock,Streetbrand OÜ,EE,true,false,true
TB0A2JWV0001_OS_CNF,Boot kit boot kit na/eu no color,Spordiriided ballzy veebipoest. Vaata lähemalt ballzy.eu.,https://ballzy.eu/et/product/boot-kit-boot-kit-na-eu-no-color-tb0a2jwv0001-os-cnf,https://backend.ballzy.eu/media/catalog/product/t/i/timberland-boot-kit-boot-kit-na-eu-no-color-multicolor-ddp7.jpg,Timberland,39.00 EUR,in_stock,Streetbrand OÜ,EE,true,false,true
31190001_080_CNF,1460 trinity,Spordiriided ballzy veebipoest. Vaata lähemalt ballzy.eu.,https://ballzy.eu/et/product/1460-trinity-31190001-080-cnf,https://backend.ballzy.eu/media/catalog/product/d/r/dr-martens-1460-trinity-must-wydg.jpg,Dr. Martens,239.00 EUR,in_stock,Streetbrand OÜ,EE,true,false,true
31368201_070_CNF,Crewson,Spordiriided ballzy veebipoest. Vaata lähemalt ballzy.eu.,https://ballzy.eu/et/product/crewson-31368201-070-cnf,https://backend.ballzy.eu/media/catalog/product/d/r/dr-martens-crewson-pruun-dxly.jpg,Dr. Martens,189.00 EUR,in_stock,Streetbrand OÜ,EE,true,false,true
31933260_080_CNF,Crewson chukka,Spordiriided ballzy veebipoest. Vaata lähemalt ballzy.eu.,https://ballzy.eu/et/product/crewson-chukka-31933260-080-cnf,https://backend.ballzy.eu/media/catalog/product/d/r/dr-martens-crewson-chukka-bee-cyit.jpg,Dr. Martens,179.00 EUR,in_stock,Streetbrand OÜ,EE,true,false,true
JI1371_4.5_CNF,Gazelle indoor w,"need adidas gazelle indoor jalanõud taaselustavad 70ndate armastatud trenažöörid, kuid värskendavad välimust tänapäeva sportlaste, loojate ja trendikandjate jaoks. see paar säilitab originaalide ikoonilise kuju, kuid muudab selle pehmeks nubukki ja julgeks pastell- ja neoonvärvide seguks. need jalatsid on kummardus paljudele aastakümnetele adidase spordiajaloos, ühendades 90ndate stiili ja 1970ndate silueti, et jätkata ajatu disaini pärandit. Vaata lähemalt ballzy.eu.",https://ballzy.eu/et/product/gazelle-indoor-w-ji1371-4-5-cnf,https://backend.ballzy.eu/media/catalog/product/a/d/adidas-gazelle-indoor-w-roosa-vulh.jpg,adidas Originals,129.00 EUR,in_stock,Streetbrand OÜ,EE,true,false,true
21797001_030_CNF,1460 serena,Spordiriided ballzy veebipoest. Vaata lähemalt ballzy.eu.,https://ballzy.eu/et/product/1460-serena-21797001-030-cnf,https://backend.ballzy.eu/media/catalog/product/d/r/dr-martens-1460-wyoming-must-brlq.jpg,Dr. Martens,209.00 EUR,in_stock,Streetbrand OÜ,EE,true,false,true
DK0A4Z32BLK1_OSFA_CNF,Dickies rib balaclava,Spordiriided ballzy veebipoest. Vaata lähemalt ballzy.eu.,https://ballzy.eu/et/product/dickies-rib-balaclava-dk0a4z32blk1-osfa-cnf,https://backend.ballzy.eu/media/catalog/product/d/i/dickies-dickies-rib-balaclava-must-5d8w.jpg,Dickies,39.00 EUR,in_stock,Streetbrand OÜ,EE,true,false,true
DK0A4Z3LBLK1_OSFA_CNF,Glendive cap,Spordiriided ballzy veebipoest. Vaata lähemalt ballzy.eu.,https://ballzy.eu/et/product/glendive-cap-dk0a4z3lblk1-osfa-cnf,https://backend.ballzy.eu/media/catalog/product/d/i/dickies-glendive-cap-must-czwg.jpg,Dickies,49.00 EUR,in_stock,Streetbrand OÜ,EE,true,false,true
DK0A863GJ531_L_CNF,Dickies goose tee ss,Spordiriided ballzy veebipoest. Vaata lähemalt ballzy.eu.,https://ballzy.eu/et/product/dickies-goose-tee-ss-dk0a863gj531-l-cnf,https://backend.ballzy.eu/media/catalog/product/d/i/dickies-dickies-goose-tee-ss-sinine-bgmq.jpg,Dickies,39.00 EUR,in_stock,Streetbrand OÜ,EE,true,false,true
DK0A863KBLK1_M_CNF,Dickies companion tee ss w,Spordiriided ballzy veebipoest. Vaata lähemalt ballzy.eu.,https://ballzy.eu/et/product/dickies-companion-tee-ss-w-dk0a863kblk1-m-cnf,https://backend.ballzy.eu/media/catalog/product/d/i/dickies-dickies-companion-tee-ss-w-must-hrug.jpg,Dickies,39.00 EUR,in_stock,Streetbrand OÜ,EE,true,false,true
E1310_W_2009_CNF,2pp converse all star crew half cushion unisex,Spordiriided ballzy veebipoest. Vaata lähemalt ballzy.eu.,https://ballzy.eu/et/product/2pp-converse-all-star-crew-half-cushion-unisex-e1310-w-2009-cnf,https://backend.ballzy.eu/media/catalog/product/c/o/converse-2pp-converse-all-star-crew-half-cushion-unisex-valge-i2nt.jpg,Converse,14.00 EUR,in_stock,Streetbrand OÜ,EE,true,false,true
E747_B_3010_CNF,"3pp converse men basic low cut, flat knit, smooth toe seam",Spordiriided ballzy veebipoest. Vaata lähemalt ballzy.eu.,https://ballzy.eu/et/product/3pp-converse-men-basic-low-cut-flat-knit-smooth-toe-seam-e747-b-3010-cnf,https://backend.ballzy.eu/media/catalog/product/c/o/converse-3pp-converse-men-basic-low-cut-flat-knit-smooth-toe-seam-must-gqtq.jpg,Converse,14.00 EUR,in_stock,Streetbrand OÜ,EE,true,false,true
E747_W_3010_CNF,"3pp converse men basic low cut, flat knit, smooth toe seam",Spordiriided ballzy veebipoest. Vaata lähemalt ballzy.eu.,https://ballzy.eu/et/product/3pp-converse-men-basic-low-cut-flat-knit-smooth-toe-seam-e747-w-3010-cnf,https://backend.ballzy.eu/media/catalog/product/c/o/converse-3pp-converse-men-basic-low-cut-flat-knit-smooth-toe-seam-valge-trhu.jpg,Converse,14.00 EUR,in_stock,Streetbrand OÜ,EE,true,false,true
HV0949_480_L_CNF,Men´s nike tech fleece full-zip winter hoodie,"tõmba kapuuts, mis ühendab endas klassikalise ja tänapäevase. see garderoobi põhitarvik on kinnitatud nike´i pärandiga, kuid pakub samas värsket tech-esteetikat. nike's windrunner jope põhjal on sellel ikooniline chevron disain rinnal, mida on uuendatud kaasaegse sileda mõlemal küljel tech fleece konstruktsiooniga, mida sa armastad&hellip; toote omadused: meie esmaklassiline, mõlemal küljel siledaid fliis on soojem ja pehmem kui kunagi varem, säilitades samas sama kerge konstrukt Vaata lähemalt ballzy.eu.",https://ballzy.eu/et/product/men-s-nike-tech-fleece-full-zip-winter-hoodie-hv0949-480-l-cnf,https://backend.ballzy.eu/media/catalog/product/n/i/nike-m-nk-tch-flc-fz-wr-hoodie-sinine-h0af.jpg,Nike,129.00 EUR,in_stock,Streetbrand OÜ,EE,true,false,true
I032741_2BZGD_XS_CNF,W´ hooded nelson sweat,Spordiriided ballzy veebipoest. Vaata lähemalt ballzy.eu.,https://ballzy.eu/et/product/w-hooded-nelson-sweat-i032741-2bzgd-xs-cnf,https://backend.ballzy.eu/media/catalog/product/c/a/carhartt-w-hooded-nelson-sweat-lilla-7zu7.jpg,Carhartt WIP,119.00 EUR,in_stock,Streetbrand OÜ,EE,true,false,true
I033880_2FZXX_S_CNF,W´ newkirk jacket,Spordiriided ballzy veebipoest. Vaata lähemalt ballzy.eu.,https://ballzy.eu/et/product/w-newkirk-jacket-i033880-2fzxx-s-cnf,https://backend.ballzy.eu/media/catalog/product/c/a/carhartt-w-newkirk-jacket-must-u0gf.jpg,Carhartt WIP,199.00 EUR,in_stock,Streetbrand OÜ,EE,true,false,true
VN000CXJDDQ1_090_CNF,Lx half cab reissue 33,Spordiriided ballzy veebipoest. Vaata lähemalt ballzy.eu.,https://ballzy.eu/et/product/lx-half-cab-reissue-33-vn000cxjddq1-090-cnf,https://backend.ballzy.eu/media/catalog/product/v/a/vans-lx-half-cab-reissue-33-pruun-fhul.jpg,Vans,109.00 EUR,in_stock,Streetbrand OÜ,EE,true,false,true
NF0A3C8D4G3_S_CNF,M 1996 retro nuptse jacket,Spordiriided ballzy veebipoest. Vaata lähemalt ballzy.eu.,https://ballzy.eu/et/product/m-1996-retro-nuptse-jacket-nf0a3c8d4g3-s-cnf,https://backend.ballzy.eu/media/catalog/product/t/n/tnf-m-1996-retro-nuptse-jacket-must-f6xj.jpg,The North Face,349.00 EUR,in_stock,Streetbrand OÜ,EE,true,false,true
NF0A3C8D5EX_S_CNF,M 1996 retro nuptse jacket,Spordiriided ballzy veebipoest. Vaata lähemalt ballzy.eu.,https://ballzy.eu/et/product/m-1996-retro-nuptse-jacket-nf0a3c8d5ex-s-cnf,https://backend.ballzy.eu/media/catalog/product/t/n/tnf-m-1996-retro-nuptse-jacket-pruun-acen.jpg,The North Face,349.00 EUR,in_stock,Streetbrand OÜ,EE,true,false,true
NF0A3C8D5IX_S_CNF,M 1996 retro nuptse jacket,Spordiriided ballzy veebipoest. Vaata lähemalt ballzy.eu.,https://ballzy.eu/et/product/m-1996-retro-nuptse-jacket-nf0a3c8d5ix-s-cnf,https://backend.ballzy.eu/media/catalog/product/t/n/tnf-m-1996-retro-nuptse-jacket-valge-bzjv.jpg,The North Face,349.00 EUR,in_stock,Streetbrand OÜ,EE,true,false,true
NF0A3JQQLE4_S_CNF,M 1996 retro nuptse vest,Spordiriided ballzy veebipoest. Vaata lähemalt ballzy.eu.,https://ballzy.eu/et/product/m-1996-retro-nuptse-vest-nf0a3jqqle4-s-cnf,https://backend.ballzy.eu/media/catalog/product/t/n/tnf-m-1996-retro-nuptse-vest-must-9ncu.jpg,The North Face,279.00 EUR,in_stock,Streetbrand OÜ,EE,true,false,true
NF0A3M5GKS7_M_CNF,M etip hardface glove,Spordiriided ballzy veebipoest. Vaata lähemalt ballzy.eu.,https://ballzy.eu/et/product/m-etip-hardface-glove-nf0a3m5gks7-m-cnf,https://backend.ballzy.eu/media/catalog/product/t/n/tnf-m-etip-hardface-glove-must-c5wo.jpg,The North Face,49.00 EUR,in_stock,Streetbrand OÜ,EE,true,false,true
NF0A3XEO1OI_S_CNF,W 1996 retro nuptse jacket,Spordiriided ballzy veebipoest. Vaata lähemalt ballzy.eu.,https://ballzy.eu/et/product/w-1996-retro-nuptse-jacket-nf0a3xeo1oi-s-cnf,https://backend.ballzy.eu/media/catalog/product/t/n/tnf-w-1996-retro-nuptse-jacket-pruun-icqs.jpg,The North Face,349.00 EUR,in_stock,Streetbrand OÜ,EE,true,false,true
NF0A3XEO5IX_XS_CNF,W 1996 retro nuptse jacket,Spordiriided ballzy veebipoest. Vaata lähemalt ballzy.eu.,https://ballzy.eu/et/product/w-1996-retro-nuptse-jacket-nf0a3xeo5ix-xs-cnf,https://backend.ballzy.eu/media/catalog/product/t/n/tnf-w-1996-retro-nuptse-jacket-valge-fa9n.jpg,The North Face,349.00 EUR,in_stock,Streetbrand OÜ,EE,true,false,true
NF0A3XEOLE4_XS_CNF,W 1996 retro nuptse jacket,Spordiriided ballzy veebipoest. Vaata lähemalt ballzy.eu.,https://ballzy.eu/et/product/w-1996-retro-nuptse-jacket-nf0a3xeole4-xs-cnf,https://backend.ballzy.eu/media/catalog/product/t/n/tnf-w-1996-retro-nuptse-jacket-must-eojd.jpg,The North Face,349.00 EUR,in_stock,Streetbrand OÜ,EE,true,false,true
NF0A3XEONL1_XS_CNF,W 1996 retro nuptse jacket,Spordiriided ballzy veebipoest. Vaata lähemalt ballzy.eu.,https://ballzy.eu/et/product/w-1996-retro-nuptse-jacket-nf0a3xeonl1-xs-cnf,https://backend.ballzy.eu/media/catalog/product/t/n/tnf-w-1996-retro-nuptse-jacket-roheline-9exo.jpg,The North Face,349.00 EUR,in_stock,Streetbrand OÜ,EE,true,false,true
NF0A4QYXJK3_S_CNF,M hmlyn down parka,Spordiriided ballzy veebipoest. Vaata lähemalt ballzy.eu.,https://ballzy.eu/et/product/m-hmlyn-down-parka-nf0a4qyxjk3-s-cnf,https://backend.ballzy.eu/media/catalog/product/t/n/tnf-m-hmlyn-down-parka-must-pcwp.jpg,The North Face,399.00 EUR,in_stock,Streetbrand OÜ,EE,true,false,true
NF0A4R2WJK3_XS_CNF,W hmlyn down parka,Spordiriided ballzy veebipoest. Vaata lähemalt ballzy.eu.,https://ballzy.eu/et/product/w-hmlyn-down-parka-nf0a4r2wjk3-xs-cnf,https://backend.ballzy.eu/media/catalog/product/t/n/tnf-w-hmlyn-down-parka-must-6ug4.jpg,The North Face,399.00 EUR,in_stock,Streetbrand OÜ,EE,true,false,true
NF0A832K4H0_XS_CNF,W nuptse parka,Spordiriided ballzy veebipoest. Vaata lähemalt ballzy.eu.,https://ballzy.eu/et/product/w-nuptse-parka-nf0a832k4h0-xs-cnf,https://backend.ballzy.eu/media/catalog/product/t/n/tnf-w-nuptse-parka-must-sgcv.jpg,The North Face,450.00 EUR,in_stock,Streetbrand OÜ,EE,true,false,true
NF0A88QZJK3_LXL_CNF,Urban lifestyle hood,Spordiriided ballzy veebipoest. Vaata lähemalt ballzy.eu.,https://ballzy.eu/et/product/urban-lifestyle-hood-nf0a88qzjk3-lxl-cnf,https://backend.ballzy.eu/media/catalog/product/t/n/tnf-urban-lifestyle-hood-must-0deq.jpg,The North Face,49.00 EUR,in_stock,Streetbrand OÜ,EE,true,false,true
NF0A88XKJK3_S_CNF,M retro denali pant,Spordiriided ballzy veebipoest. Vaata lähemalt ballzy.eu.,https://ballzy.eu/et/product/m-retro-denali-pant-nf0a88xkjk3-s-cnf,https://backend.ballzy.eu/media/catalog/product/t/n/tnf-m-retro-denali-pant-must-titg.jpg,The North Face,129.00 EUR,in_stock,Streetbrand OÜ,EE,true,false,true
NF0A88XN1OC_S_CNF,M 2000 polar nuptse jacket,Spordiriided ballzy veebipoest. Vaata lähemalt ballzy.eu.,https://ballzy.eu/et/product/m-2000-polar-nuptse-jacket-nf0a88xn1oc-s-cnf,https://backend.ballzy.eu/media/catalog/product/t/n/tnf-m-2000-polar-nuptse-jacket-roheline-rtjh.jpg,The North Face,349.00 EUR,in_stock,Streetbrand OÜ,EE,true,false,true
NF0A88XX5IF_S_CNF,M hmlyn track pant,Spordiriided ballzy veebipoest. Vaata lähemalt ballzy.eu.,https://ballzy.eu/et/product/m-hmlyn-track-pant-nf0a88xx5if-s-cnf,https://backend.ballzy.eu/media/catalog/product/t/n/tnf-m-hmlyn-track-pant-hall-srhk.jpg,The North Face,109.00 EUR,in_stock,Streetbrand OÜ,EE,true,false,true
NF0A88Y65WO_S_CNF,M extreme pile pullover 2,Spordiriided ballzy veebipoest. Vaata lähemalt ballzy.eu.,https://ballzy.eu/et/product/m-extreme-pile-pullover-2-nf0a88y65wo-s-cnf,https://backend.ballzy.eu/media/catalog/product/t/n/tnf-m-extreme-pile-pullover-2-roheline-ultw.jpg,The North Face,169.00 EUR,in_stock,Streetbrand OÜ,EE,true,false,true
NF0A88ZCJK3_XS_CNF,W extreme pile pullover 2,Spordiriided ballzy veebipoest. Vaata lähemalt ballzy.eu.,https://ballzy.eu/et/product/w-extreme-pile-pullover-2-nf0a88zcjk3-xs-cnf,https://backend.ballzy.eu/media/catalog/product/t/n/tnf-w-extreme-pile-pullover-2-must-utos.jpg,The North Face,149.00 EUR,in_stock,Streetbrand OÜ,EE,true,false,true
NF0A89GGJK3_S_CNF,M tnf x yinka ilori fleece pant,Spordiriided ballzy veebipoest. Vaata lähemalt ballzy.eu.,https://ballzy.eu/et/product/m-tnf-x-yinka-ilori-fleece-pant-nf0a89ggjk3-s-cnf,https://backend.ballzy.eu/media/catalog/product/t/n/tnf-m-tnf-x-yinka-ilori-fleece-pant-must-nkke.jpg,The North Face,139.00 EUR,in_stock,Streetbrand OÜ,EE,true,false,true
NF0A89GK4D5_S_CNF,M tnf x yinka ilori reversible fleece ja,Spordiriided ballzy veebipoest. Vaata lähemalt ballzy.eu.,https://ballzy.eu/et/product/m-tnf-x-yinka-ilori-reversible-fleece-ja-nf0a89gk4d5-s-cnf,https://backend.ballzy.eu/media/catalog/product/t/n/tnf-m-tnf-x-yinka-ilori-reversible-fleece-ja-bee-rg6m.jpg,The North Face,249.00 EUR,in_stock,Streetbrand OÜ,EE,true,false,true
NF0A89QHJK3_M_CNF,M montana ski mitt,Spordiriided ballzy veebipoest. Vaata lähemalt ballzy.eu.,https://ballzy.eu/et/product/m-montana-ski-mitt-nf0a89qhjk3-m-cnf,https://backend.ballzy.eu/media/catalog/product/t/n/tnf-m-montana-ski-mitt-must-5bsh.jpg,The North Face,64.00 EUR,in_stock,Streetbrand OÜ,EE,true,false,true
NF0A8A9JKX7_090_CNF,Glenclyffe zip gore-tex,Spordiriided ballzy veebipoest. Vaata lähemalt ballzy.eu.,https://ballzy.eu/et/product/glenclyffe-zip-gore-tex-nf0a8a9jkx7-090-cnf,https://backend.ballzy.eu/media/catalog/product/t/n/tnf-glenclyffe-zip-gore-tex-must-f4qy.jpg,The North Face,249.00 EUR,in_stock,Streetbrand OÜ,EE,true,false,true
NF0A8ABXKX7_090_CNF,Glenclyffe mule,Spordiriided ballzy veebipoest. Vaata lähemalt ballzy.eu.,https://ballzy.eu/et/product/glenclyffe-mule-nf0a8abxkx7-090-cnf,https://backend.ballzy.eu/media/catalog/product/t/n/tnf-glenclyffe-mule-must-ww5z.jpg,The North Face,129.00 EUR,in_stock,Streetbrand OÜ,EE,true,false,true
39520526_4_CNF,Suede xl,Spordiriided ballzy veebipoest. Vaata lähemalt ballzy.eu.,https://ballzy.eu/et/product/suede-xl-39520526-4-cnf,https://backend.ballzy.eu/media/catalog/product/p/u/puma-suede-xl-roosa-79cj.jpg,Puma,99.00 EUR,in_stock,Streetbrand OÜ,EE,true,false,true
DK0A863K0WH1_M_CNF,Dickies companion tee ss w,Spordiriided ballzy veebipoest. Vaata lähemalt ballzy.eu.,https://ballzy.eu/et/product/dickies-companion-tee-ss-w-dk0a863k0wh1-m-cnf,https://backend.ballzy.eu/media/catalog/product/d/i/dickies-dickies-companion-tee-ss-w-valge-janv.jpg,Dickies,39.00 EUR,in_stock,Streetbrand OÜ,EE,true,false,true
IH3524_10_CNF,Terrex free hiker 2 goretex,"matkake edasi. uurige rohkem. nautige vaadet. need kerged matkakingad pakuvad järgmise taseme mugavust ja tuge, et laiendada oma tegevusulatust mägedes, alates matkadest kuni nädalavahetuse ekskursioonideni. boost-vahetald annab energiat igale sammule, et hoida teid liikvel nii pikkadel kui ka lühikestel matkadel. gore-tex-membraan hoiab märjad olud eemale, lastes samal ajal jalgadel soojendades hingata. pehme, toetav pealmine osa ja keelekattega kate haarab teie jalga mugavalt, Vaata lähemalt ballzy.eu.",https://ballzy.eu/et/product/terrex-free-hiker-2-goretex-ih3524-10-cnf,https://backend.ballzy.eu/media/catalog/product/a/d/adidas-terrex-free-hiker-2-gtx-must-cayl.jpg,adidas Originals,219.00 EUR,in_stock,Streetbrand OÜ,EE,true,false,true
VN000JTGBLK1_L_CNF,Damask bff crew,Spordiriided ballzy veebipoest. Vaata lähemalt ballzy.eu.,https://ballzy.eu/et/product/damask-bff-crew-vn000jtgblk1-l-cnf,https://backend.ballzy.eu/media/catalog/product/v/a/vans-damask-bff-crew-must-j2af.jpg,Vans,79.00 EUR,in_stock,Streetbrand OÜ,EE,true,false,true
I029208_8906_30_CNF,Newel pant,Spordiriided ballzy veebipoest. Vaata lähemalt ballzy.eu.,https://ballzy.eu/et/product/newel-pant-i029208-8906-30-cnf,https://backend.ballzy.eu/media/catalog/product/c/a/carhartt-newel-pant-must-wpwk.jpg,Carhartt WIP,99.00 EUR,in_stock,Streetbrand OÜ,EE,true,false,true
60580759_OSFM_CNF,Wmns velour midi 9forty yankees,Spordiriided ballzy veebipoest. Vaata lähemalt ballzy.eu.,https://ballzy.eu/et/product/wmns-velour-midi-9forty-yankees-60580759-osfm-cnf,https://backend.ballzy.eu/media/catalog/product/n/e/newera-wmns-velour-midi-9forty-yankees-must-u9td.jpg,New Era,34.00 EUR,in_stock,Streetbrand OÜ,EE,true,false,true
60580760_OSFM_CNF,Wmns velour midi 9forty yankees,Spordiriided ballzy veebipoest. Vaata lähemalt ballzy.eu.,https://ballzy.eu/et/product/wmns-velour-midi-9forty-yankees-60580760-osfm-cnf,https://backend.ballzy.eu/media/catalog/product/n/e/newera-wmns-velour-midi-9forty-yankees-roheline-zdt6.jpg,New Era,34.00 EUR,in_stock,Streetbrand OÜ,EE,true,false,true
60580832_ML_CNF,Ne script cord 39thirty,Spordiriided ballzy veebipoest. Vaata lähemalt ballzy.eu.,https://ballzy.eu/et/product/ne-script-cord-39thirty-60580832-ml-cnf,https://backend.ballzy.eu/media/catalog/product/n/e/newera-ne-script-cord-39thirty-bee-npev.jpg,New Era,39.00 EUR,in_stock,Streetbrand OÜ,EE,true,false,true
60580834_ML_CNF,Ne script cord 39thirty,Spordiriided ballzy veebipoest. Vaata lähemalt ballzy.eu.,https://ballzy.eu/et/product/ne-script-cord-39thirty-60580834-ml-cnf,https://backend.ballzy.eu/media/catalog/product/n/e/newera-ne-script-cord-39thirty-must-1xsa.jpg,New Era,39.00 EUR,in_stock,Streetbrand OÜ,EE,true,false,true
DK0A4XK6MR11_30_32_CNF,874 work pant rec mushroom,Spordiriided ballzy veebipoest. Vaata lähemalt ballzy.eu.,https://ballzy.eu/et/product/874-work-pant-rec-mushroom-dk0a4xk6mr11-30-32-cnf,https://backend.ballzy.eu/media/catalog/product/d/i/dickies-874-work-pant-rec-mushroom-pruun-nin0.jpg,Dickies,79.00 EUR,in_stock,Streetbrand OÜ,EE,true,false,true
DK0A4ZAVF901_ML_CNF,Pinesdale gloves whitecap gray,Spordiriided ballzy veebipoest. Vaata lähemalt ballzy.eu.,https://ballzy.eu/et/product/pinesdale-gloves-whitecap-gray-dk0a4zavf901-ml-cnf,https://backend.ballzy.eu/media/catalog/product/d/i/dickies-pinesdale-gloves-whitecap-gray-valge-ufkd.jpg,Dickies,54.00 EUR,in_stock,Streetbrand OÜ,EE,true,false,true
U740BM2_4_CNF,New balance 740,"The original 740 was the kind of daily runner that would be worn into the ground with heavy miles and bought all over again. this longtime fan favorite returns from the archives, poised to inspire a whole new generation of devotees. the 740 combines familiar elements of 2000s running-inspiration – an open knit mesh upper, segmented midsole, and a streamlined silhouette – with flourishes like two-tone color mesh and angular overlays, that give the 740 a unique visual identity. whether you’re disc Vaata lähemalt ballzy.eu.",https://ballzy.eu/et/product/new-balance-740-u740bm2-4-cnf,https://backend.ballzy.eu/media/catalog/product/n/e/new-balance-new-balance-740-must-sser.jpg,New Balance,124.00 EUR,in_stock,Streetbrand OÜ,EE,true,false,true
U740WM2_4_CNF,New balance 740,"The original 740 was the kind of daily runner that would be worn into the ground with heavy miles and bought all over again. this longtime fan favorite returns from the archives, poised to inspire a whole new generation of devotees. the 740 combines familiar elements of 2000s running-inspiration – an open knit mesh upper, segmented midsole, and a streamlined silhouette – with flourishes like two-tone color mesh and angular overlays, that give the 740 a unique visual identity. whether you’re disc Vaata lähemalt ballzy.eu.",https://ballzy.eu/et/product/new-balance-740-u740wm2-4-cnf,https://backend.ballzy.eu/media/catalog/product/n/e/new-balance-new-balance-740-valge-jwud.jpg,New Balance,124.00 EUR,in_stock,Streetbrand OÜ,EE,true,false,true
VN000CS0D4C1_055_CNF,Knu skool,Spordiriided ballzy veebipoest. Vaata lähemalt ballzy.eu.,https://ballzy.eu/et/product/knu-skool-vn000cs0d4c1-055-cnf,https://backend.ballzy.eu/media/catalog/product/v/a/vans-knu-skool-pruun-nbmr.jpg,Vans,99.00 EUR,in_stock,Streetbrand OÜ,EE,true,false,true
