item_id,title,description,url,image_url,brand,price,availability,seller_name,target_countries,is_eligible_search,is_eligible_checkout,is_ads_eligible
SX7622_013_S_CNF,U nk elite crew 132,"Nike elite crew' korvpallisokid toetavad tänu võlviribale jalga ja pehmendused strateegilistes kohtades summutavad põrutust, kui sa üle väljaku jooksed. dri-fit-i tehnoloogia aitab sul püsida kuiv ja tunda end mugavalt. Vaata lähemalt ballzy.eu.",https://ballzy.eu/et/product/u-nk-elite-crew-132-sx7622-013-s-cnf,https://backend.ballzy.eu/media/catalog/product/u/m/ummdr2suf43ww9h7kw.jpg,Nike,14.00 EUR,in_stock,Streetbrand OÜ,EE,true,false,true
6446B_BLK_S_CNF,Mcd extended leg sleeves,Leg sleeve featuring 9mm hex™ technology is a favorite among pro and collegiate players Vaata lähemalt ballzy.eu.,https://ballzy.eu/et/product/mcd-extended-leg-sleeves-6446b-blk-s-cnf,https://backend.ballzy.eu/media/catalog/product/a/i/ai4oo7ttg8buz364hy.jpg,Mcdavid,49.00 EUR,in_stock,Streetbrand OÜ,EE,true,false,true
6500S_BLU_S_CNF,Mcd hex shooter arm sleeve,Arm compression maintains muscle warmth and prevents abrasions and scratches Vaata lähemalt ballzy.eu.,https://ballzy.eu/et/product/mcd-hex-shooter-arm-sleeve-6500s-blu-s-cnf,https://backend.ballzy.eu/media/catalog/product/x/n/xnoe5fx9szm6sa84.jpg,Mcdavid,24.00 EUR,in_stock,Streetbrand OÜ,EE,true,false,true
6500W_WHI_S_CNF,Mcd hex shooter arm sleeve,Arm compression maintains muscle warmth and prevents abrasions and scratches Vaata lähemalt ballzy.eu.,https://ballzy.eu/et/product/mcd-hex-shooter-arm-sleeve-6500w-whi-s-cnf,https://backend.ballzy.eu/media/catalog/product/6/5/6500w_whi_s_1.jpg,Mcdavid,24.00 EUR,in_stock,Streetbrand OÜ,EE,true,false,true
SX7667_100_S_CNF,U nk everyday cush ankle 3pr,"mugavus ja toestus./>läbi oma treeningud nike everyday cushioned socks sokkidega. paks terry tallaosa annab sulle lisamugavust jalgade harjutuste ja tõstete jaoks, samal ajal kui võlvi ümber on liibuv ja toetav riba ekstrateotuse jaoks.dri-fit tehnoloogia aitab hoida su jalad kuivana ja mugavana.paks terry tallaosa pakub mugavust ja põrutuse neeldumist.võlvi ümber olev riba annab toetava tunde.1/4-pikkusega lõige katab su pahkluu. Vaata lähemalt ballzy.eu.",https://ballzy.eu/et/product/u-nk-everyday-cush-ankle-3pr-sx7667-100-s-cnf,https://backend.ballzy.eu/media/catalog/product/s/x/sx7667_100_s_1.jpg,Nike,19.00 EUR,in_stock,Streetbrand OÜ,EE,true,false,true
SK0110_101_S_CNF,U nk nsw evry essential ankle,Spordiriided ballzy veebipoest. Vaata lähemalt ballzy.eu.,https://ballzy.eu/et/product/u-nk-nsw-evry-essential-ankle-sk0110-101-s-cnf,https://backend.ballzy.eu/media/catalog/product/n/i/nike-u-nk-nsw-evry-essential-ankle-valge-f5dl.jpg,Nike,17.00 EUR,in_stock,Streetbrand OÜ,EE,true,false,true
AT3383_010_S_CNF,M np dry tght 3qt bball,Spordiriided ballzy veebipoest. Vaata lähemalt ballzy.eu.,https://ballzy.eu/et/product/m-np-dry-tght-3qt-bball-at3383-010-s-cnf,https://backend.ballzy.eu/media/catalog/product/n/i/nike-m-np-dry-tght-3qt-bball-must-8ca6.jpg,Nike,44.00 EUR,in_stock,Streetbrand OÜ,EE,true,false,true
SX7666_100_M_CNF,U nk everyday cush crew 6 pairs,"mugavus ja tugevus&hellip; nike everyday cushioned sokid annavad jõudu treeningule. paks froteepõhi annab sulle lisamugavust jalaharjutuste ja tõstete tegemiseks, samas kui ribiline kaareriba ümbritseb sinu keskjalga, et tagada toetav tunne&hellip; toote omadused: dri-fit tehnoloogia aitab hoida jalad kuivana ja mugavalt&hellip; paks froteepõhi pakub mugavust ja löögiabi&hellip; ribitud kaareriba pakub toetavat tunnet&hellip; crew-siluett katab pahkluu ja alajäseme&hellip; tooteo Vaata lähemalt ballzy.eu.",https://ballzy.eu/et/product/u-nk-everyday-cush-crew-6-pairs-sx7666-100-m-cnf,https://backend.ballzy.eu/media/catalog/product/n/i/nike-u-nk-everyday-cush-crew-6-pairs-valge-ubzb.jpg,Nike,29.00 EUR,in_stock,Streetbrand OÜ,EE,true,false,true
83-450Z_CNF,2016 olyp rbr latvija,Spordiriided ballzy veebipoest. Vaata lähemalt ballzy.eu.,https://ballzy.eu/et/product/2016-olyp-rbr-latvija-83-450z-cnf,https://backend.ballzy.eu/media/catalog/product/s/p/spalding-latvija-74lsd.jpg,Spalding,24.00 EUR,in_stock,Streetbrand OÜ,EE,true,false,true
83-460Z_CNF,Estonia size 5,Spordiriided ballzy veebipoest. Vaata lähemalt ballzy.eu.,https://ballzy.eu/et/product/estonia-size-5-83-460z-cnf,https://backend.ballzy.eu/media/catalog/product/s/p/spalding-estonia-size-55r12.jpg,Spalding,19.00 EUR,in_stock,Streetbrand OÜ,EE,true,false,true
51179Z_CNF,Nba spaldeens bulls red,Kummipall Vaata lähemalt ballzy.eu.,https://ballzy.eu/et/product/nba-spaldeens-bulls-red-51179z-cnf,https://backend.ballzy.eu/media/catalog/product/s/p/spalding-nba-spaldeens-bulls-red-multicolor-p9nl.jpg,Spalding,9.00 EUR,in_stock,Streetbrand OÜ,EE,true,false,true
SX7589_010_M_CNF,U jordan crew - nba,"focused footwork: nba edition&hellip; jordan nba crew sokid pakuvad toetavat istuvust ja tunnetust. ümbritsev kaareriba haarab jalga, samal ajal kui tsooniline pehmendus aitab põrutusi neelata, kui jooksete väljakul&hellip; toote omadused: zonaalne pehmendus aitab absorbeerida lööki&hellip; kaarepael pakub mugavat ja turvalist istuvust&hellip; toote omaduste alapealkirjad: higi eemaldav tehnoloogia aitab sul kuivana ja mugavalt püsida&hellip; toote omaduste alapealkirjad: higi ee Vaata lähemalt ballzy.eu.",https://ballzy.eu/et/product/u-jordan-crew-nba-sx7589-010-m-cnf,https://backend.ballzy.eu/media/catalog/product/j/o/jordan-u-jordan-crew-nba-must-vcqj.jpg,Jordan,24.00 EUR,in_stock,Streetbrand OÜ,EE,true,false,true
65-623Z_CNF,2016 olyp rbr estonia,Spordiriided ballzy veebipoest. Vaata lähemalt ballzy.eu.,https://ballzy.eu/et/product/2016-olyp-rbr-estonia-65-623z-cnf,https://backend.ballzy.eu/media/catalog/product/s/p/spalding-2016-olyp-rbr-estoniavyba.jpg,Spalding,19.00 EUR,in_stock,Streetbrand OÜ,EE,true,false,true
8235SCN_CNF,Net heavy duty,Spordiriided ballzy veebipoest. Vaata lähemalt ballzy.eu.,https://ballzy.eu/et/product/net-heavy-duty-8235scn-cnf,https://backend.ballzy.eu/media/catalog/product/s/p/spalding-net-heavy-duty-multicolor-umdy.jpg,Spalding,11.00 EUR,in_stock,Streetbrand OÜ,EE,true,false,true
83-428Z_CNF,2016 olyp rbr lietuva,Spordiriided ballzy veebipoest. Vaata lähemalt ballzy.eu.,https://ballzy.eu/et/product/2016-olyp-rbr-lietuva-83-428z-cnf,https://backend.ballzy.eu/media/catalog/product/s/p/spalding-2016-olyp-rbr-lietuvaj068.jpg,Spalding,24.00 EUR,in_stock,Streetbrand OÜ,EE,true,false,true
83-463Z_CNF,2016 olyp rbr lietuva,Spordiriided ballzy veebipoest. Vaata lähemalt ballzy.eu.,https://ballzy.eu/et/product/2016-olyp-rbr-lietuva-83-463z-cnf,https://backend.ballzy.eu/media/catalog/product/s/p/spalding-2016-olyp-rbr-lietuvaggp3.jpg,Spalding,19.00 EUR,in_stock,Streetbrand OÜ,EE,true,false,true
20955HN_99_XS_CNF,Hnmky bomber jacket black,Spordiriided ballzy veebipoest. Vaata lähemalt ballzy.eu.,https://ballzy.eu/et/product/hnmky-bomber-jacket-black-20955hn-99-xs-cnf,https://backend.ballzy.eu/media/catalog/product/b/a/ballzy-fanwear-hnmky-bomber-jacket-black-must-pqkk.jpg,Ballzy Fanwear,100.00 EUR,in_stock,Streetbrand OÜ,EE,true,false,true
6446R_RED_S_CNF,Mcd extended leg sleeves,Leg sleeve featuring 9mm hex™ technology is a favorite among pro and collegiate players Vaata lähemalt ballzy.eu.,https://ballzy.eu/et/product/mcd-extended-leg-sleeves-6446r-red-s-cnf,https://backend.ballzy.eu/media/catalog/product/m/c/mcdavid-mcd-extended-leg-sleeves-punane-sfwl.jpg,Mcdavid,39.00 EUR,in_stock,Streetbrand OÜ,EE,true,false,true
DD1917_010_S_CNF,M np df short,"kerge tugevus, tugevus, mis on ette nähtud jõudluseks&hellip; nike pro dri-fit shorts on palju rohkem kui põhikiht, sest need on kergest materjalist, mis hoiab sind kuivana, jahedana ja toetab sind alates soojendusest kuni jahedate treeninguteni. need on valmistatud vähemalt 75% ulatuses taaskasutatud polüesterkiududest, mille veniv disain aitab sul kõige raskemate treeningute või võistluste ajal täiel määral liikuda&hellip; tooteomadused: nike dri-fit tehnoloogia juhib higi keha Vaata lähemalt ballzy.eu.",https://ballzy.eu/et/product/m-np-df-short-dd1917-010-s-cnf,https://backend.ballzy.eu/media/catalog/product/n/i/nike-m-np-df-short-must-f9ag.jpg,Nike,34.00 EUR,in_stock,Streetbrand OÜ,EE,true,false,true
DD1917_068_S_CNF,M np df short,"kerge tugevus, tugevus, mis on ette nähtud jõudluseks&hellip; nike pro dri-fit shorts on palju rohkem kui põhikiht, sest need on kergest materjalist, mis hoiab sind kuivana, jahedana ja toetab sind alates soojendusest kuni jahedate treeninguteni. need on valmistatud vähemalt 75% ulatuses taaskasutatud polüesterkiududest, mille veniv disain aitab sul kõige raskemate treeningute või võistluste ajal täiel määral liikuda&hellip; tooteomadused: nike dri-fit tehnoloogia juhib higi keha Vaata lähemalt ballzy.eu.",https://ballzy.eu/et/product/m-np-df-short-dd1917-068-s-cnf,https://backend.ballzy.eu/media/catalog/product/n/i/nike-m-np-df-short-hall-ncur.jpg,Nike,34.00 EUR,in_stock,Streetbrand OÜ,EE,true,false,true
DD1917_100_S_CNF,M np df short,"kerge tugevus, tugevus, mis on ette nähtud jõudluseks&hellip; nike pro dri-fit shorts on palju rohkem kui põhikiht, sest need on kergest materjalist, mis hoiab sind kuivana, jahedana ja toetab sind alates soojendusest kuni jahedate treeninguteni. need on valmistatud vähemalt 75% ulatuses taaskasutatud polüesterkiududest, mille veniv disain aitab sul kõige raskemate treeningute või võistluste ajal täiel määral liikuda&hellip; tooteomadused: nike dri-fit tehnoloogia juhib higi keha Vaata lähemalt ballzy.eu.",https://ballzy.eu/et/product/m-np-df-short-dd1917-100-s-cnf,https://backend.ballzy.eu/media/catalog/product/n/i/nike-m-np-df-short-valge-c3vx.jpg,Nike,34.00 EUR,in_stock,Streetbrand OÜ,EE,true,false,true
DD1919_010_S_CNF,M np df 3qt tight,"kerge tugevus, tugevus, mis on ette nähtud jõudluseks&hellip; nike pro dri-fit sukkpüksid ümbritsevad sind kerge kangaga, mis aitab sul tunda end kuivana, jahedana ja toetada sind alates soojendusest kuni jahedate treeninguteni. need on valmistatud vähemalt 75% ulatuses taaskasutatud polüesterkiududest, mille veniv disain aitab teil liikuda täie intensiivsusega ka kõige raskemate treeningute või võistluste ajal&hellip; toote omadused: need on valmistatud vähemalt 75% ulatuses taa Vaata lähemalt ballzy.eu.",https://ballzy.eu/et/product/m-np-df-3qt-tight-dd1919-010-s-cnf,https://backend.ballzy.eu/media/catalog/product/n/i/nike-m-np-df-3qt-tight-must-naib.jpg,Nike,39.00 EUR,in_stock,Streetbrand OÜ,EE,true,false,true
DN3314_010_S_CNF,U nk evryday plus cush footie,Spordiriided ballzy veebipoest. Vaata lähemalt ballzy.eu.,https://ballzy.eu/et/product/u-nk-evryday-plus-cush-footie-dn3314-010-s-cnf,https://backend.ballzy.eu/media/catalog/product/n/i/nike-u-nk-evryday-plus-cush-footie-must-i0uf.jpg,Nike,19.00 EUR,in_stock,Streetbrand OÜ,EE,true,false,true
DN3314_100_S_CNF,U nk evryday plus cush footie,Spordiriided ballzy veebipoest. Vaata lähemalt ballzy.eu.,https://ballzy.eu/et/product/u-nk-evryday-plus-cush-footie-dn3314-100-s-cnf,https://backend.ballzy.eu/media/catalog/product/n/i/nike-u-nk-evryday-plus-cush-footie-valge-hbij.jpg,Nike,19.00 EUR,in_stock,Streetbrand OÜ,EE,true,false,true
SX7669_100_S_CNF,U nk everyday csh ankl 6pr 132,"mugavus ja tugevus&hellip; nike everyday cushioned sokid annavad jõudu treeningule. paks froteepõhi annab sulle lisamugavust jalaharjutuste ja tõstete tegemiseks, samas kui ribiline kaareriba ümbritseb sinu keskjalga, et tagada toetav tunne&hellip; toote omadused: dri-fit tehnoloogia aitab hoida jalad kuivana ja mugavalt&hellip; paks froteepõhi pakub mugavust ja löögiabi&hellip; ribitud kaareriba tagab toetava tunde&hellip; 1/4-pikkune siluett katab pahkluu&hellip; tooteomaduste Vaata lähemalt ballzy.eu.",https://ballzy.eu/et/product/u-nk-everyday-csh-ankl-6pr-132-sx7669-100-s-cnf,https://backend.ballzy.eu/media/catalog/product/n/i/nike-u-nk-everyday-csh-ankl-6pr-132-valge-hevk.jpg,Nike,19.00 EUR,in_stock,Streetbrand OÜ,EE,true,false,true
CV0062_010_MISC_CNF,W nk one club bag,"sobib kõigeks./>nike one club spordikott hoiab kõik, mida vajate oma päeva jooksul lähedal ja korras. selles on ruumi joogamatile ning ventileeritud sahtel, mis hoiab teie jalanõud ja higised riided eraldi ülejäänud asjadest. see toode on valmistatud vähemalt 50% taaskasutatud polüestri kiududest.hoia eraldi - lukuga jalanõude sektsioon eraldab higised riided või jalanõud muudest varustusest, tagades hea ventilatsiooni hingavate silmustega.ruum kõigel Vaata lähemalt ballzy.eu.",https://ballzy.eu/et/product/w-nk-one-club-bag-cv0062-010-misc-cnf,https://backend.ballzy.eu/media/catalog/product/n/i/nike-w-nk-one-club-bag-must-gczm.jpg,Nike,69.00 EUR,in_stock,Streetbrand OÜ,EE,true,false,true
76-803Z_CNF,Tf-250 react,Spordiriided ballzy veebipoest. Vaata lähemalt ballzy.eu.,https://ballzy.eu/et/product/tf-250-react-76-803z-cnf,https://backend.ballzy.eu/media/catalog/product/s/p/spalding-tf-250-react-multicolor-eylt.jpg,Spalding,44.95 EUR,in_stock,Streetbrand OÜ,EE,true,false,true
76-967Z_CNF,Tf-250 react,Spordiriided ballzy veebipoest. Vaata lähemalt ballzy.eu.,https://ballzy.eu/et/product/tf-250-react-76-967z-cnf,https://backend.ballzy.eu/media/catalog/product/s/p/spalding-tf-250-react-multicolor-wgo2.jpg,Spalding,44.95 EUR,in_stock,Streetbrand OÜ,EE,true,false,true
77-100Z_CNF,Tf-1000 euroleague,Spordiriided ballzy veebipoest. Vaata lähemalt ballzy.eu.,https://ballzy.eu/et/product/tf-1000-euroleague-77-100z-cnf,https://backend.ballzy.eu/media/catalog/product/s/p/spalding-tf-1000-euroleague-multicolor-bgfw.jpg,Spalding,84.95 EUR,in_stock,Streetbrand OÜ,EE,true,false,true
77-101Z_CNF,Tf-500 euroleague,Spordiriided ballzy veebipoest. Vaata lähemalt ballzy.eu.,https://ballzy.eu/et/product/tf-500-euroleague-77-101z-cnf,https://backend.ballzy.eu/media/catalog/product/s/p/spalding-tf-500-euroleague-multicolor-nmsc.jpg,Spalding,54.95 EUR,in_stock,Streetbrand OÜ,EE,true,false,true
77-204Z_CNF,Tf-500 excel,Spordiriided ballzy veebipoest. Vaata lähemalt ballzy.eu.,https://ballzy.eu/et/product/tf-500-excel-77-204z-cnf,https://backend.ballzy.eu/media/catalog/product/s/p/spalding-tf-500-excel-multicolor-xqxx.jpg,Spalding,54.95 EUR,in_stock,Streetbrand OÜ,EE,true,false,true
77-205Z_CNF,Tf-500 excel,Spordiriided ballzy veebipoest. Vaata lähemalt ballzy.eu.,https://ballzy.eu/et/product/tf-500-excel-77-205z-cnf,https://backend.ballzy.eu/media/catalog/product/s/p/spalding-tf-500-excel-multicolor-nsj5.jpg,Spalding,54.95 EUR,in_stock,Streetbrand OÜ,EE,true,false,true
77-206Z_CNF,Tf-500 excel,Spordiriided ballzy veebipoest. Vaata lähemalt ballzy.eu.,https://ballzy.eu/et/product/tf-500-excel-77-206z-cnf,https://backend.ballzy.eu/media/catalog/product/s/p/spalding-tf-500-excel-multicolor-w1nm.jpg,Spalding,54.95 EUR,in_stock,Streetbrand OÜ,EE,true,false,true
84-328Z_CNF,Slam dunk,Spordiriided ballzy veebipoest. Vaata lähemalt ballzy.eu.,https://ballzy.eu/et/product/slam-dunk-84-328z-cnf,https://backend.ballzy.eu/media/catalog/product/s/p/spalding-slam-dunk-multicolor-cjxs.jpg,Spalding,15.95 EUR,in_stock,Streetbrand OÜ,EE,true,false,true
84-353Z_CNF,Highlight red/blue,Spordiriided ballzy veebipoest. Vaata lähemalt ballzy.eu.,https://ballzy.eu/et/product/highlight-red-blue-84-353z-cnf,https://backend.ballzy.eu/media/catalog/product/s/p/spalding-highlight-red-blue-multicolor-0lt4.jpg,Spalding,24.95 EUR,in_stock,Streetbrand OÜ,EE,true,false,true
84-355Z_CNF,Highlight black/gold,Spordiriided ballzy veebipoest. Vaata lähemalt ballzy.eu.,https://ballzy.eu/et/product/highlight-black-gold-84-355z-cnf,https://backend.ballzy.eu/media/catalog/product/s/p/spalding-highlight-black-gold-multicolor-kvqs.jpg,Spalding,24.95 EUR,in_stock,Streetbrand OÜ,EE,true,false,true
84-372Z_CNF,Graffity green/yellow,Spordiriided ballzy veebipoest. Vaata lähemalt ballzy.eu.,https://ballzy.eu/et/product/graffity-green-yellow-84-372z-cnf,https://backend.ballzy.eu/media/catalog/product/s/p/spalding-graffity-green-yellow-multicolor-m5yk.jpg,Spalding,22.95 EUR,in_stock,Streetbrand OÜ,EE,true,false,true
84-409Z_CNF,Marble black/pink,Spordiriided ballzy veebipoest. Vaata lähemalt ballzy.eu.,https://ballzy.eu/et/product/marble-black-pink-84-409z-cnf,https://backend.ballzy.eu/media/catalog/product/s/p/spalding-marble-black-pink-multicolor-qdwd.jpg,Spalding,22.95 EUR,in_stock,Streetbrand OÜ,EE,true,false,true
84-421Z_CNF,Tf-150 varsity fiba,Spordiriided ballzy veebipoest. Vaata lähemalt ballzy.eu.,https://ballzy.eu/et/product/tf-150-varsity-fiba-84-421z-cnf,https://backend.ballzy.eu/media/catalog/product/s/p/spalding-tf-150-varsity-fiba-multicolor-mqxr.jpg,Spalding,17.95 EUR,in_stock,Streetbrand OÜ,EE,true,false,true
84-423Z_CNF,Tf-150 varsity fiba,Spordiriided ballzy veebipoest. Vaata lähemalt ballzy.eu.,https://ballzy.eu/et/product/tf-150-varsity-fiba-84-423z-cnf,https://backend.ballzy.eu/media/catalog/product/s/p/spalding-tf-150-varsity-fiba-multicolor-yjoo.jpg,Spalding,17.95 EUR,in_stock,Streetbrand OÜ,EE,true,false,true
84-437Z_CNF,Street phantom,Spordiriided ballzy veebipoest. Vaata lähemalt ballzy.eu.,https://ballzy.eu/et/product/street-phantom-84-437z-cnf,https://backend.ballzy.eu/media/catalog/product/s/p/spalding-street-phantom-multicolor-8znh.jpg,Spalding,24.95 EUR,in_stock,Streetbrand OÜ,EE,true,false,true
84-506Z_CNF,Tf-150 euroleague,Spordiriided ballzy veebipoest. Vaata lähemalt ballzy.eu.,https://ballzy.eu/et/product/tf-150-euroleague-84-506z-cnf,https://backend.ballzy.eu/media/catalog/product/s/p/spalding-tf-150-euroleague-multicolor-2daf.jpg,Spalding,19.95 EUR,in_stock,Streetbrand OÜ,EE,true,false,true
84-508Z_CNF,Tf-150 euroleague,Spordiriided ballzy veebipoest. Vaata lähemalt ballzy.eu.,https://ballzy.eu/et/product/tf-150-euroleague-84-508z-cnf,https://backend.ballzy.eu/media/catalog/product/s/p/spalding-tf-150-euroleague-multicolor-hemz.jpg,Spalding,19.95 EUR,in_stock,Streetbrand OÜ,EE,true,false,true
84-557Z_CNF,Graffity green/yellow,Spordiriided ballzy veebipoest. Vaata lähemalt ballzy.eu.,https://ballzy.eu/et/product/graffity-green-yellow-84-557z-cnf,https://backend.ballzy.eu/media/catalog/product/s/p/spalding-graffity-green-yellow-multicolor-8vrn.jpg,Spalding,22.95 EUR,in_stock,Streetbrand OÜ,EE,true,false,true
84-588Z_CNF,Commander,Spordiriided ballzy veebipoest. Vaata lähemalt ballzy.eu.,https://ballzy.eu/et/product/commander-84-588z-cnf,https://backend.ballzy.eu/media/catalog/product/s/p/spalding-commander-multicolor-frab.jpg,Spalding,22.95 EUR,in_stock,Streetbrand OÜ,EE,true,false,true
DD1913_010_S_CNF,M np df tight,"kerge tugevus, tugevus, mis on ette nähtud jõudluseks&hellip; nike pro dri-fit sukkpüksid ümbritsevad sind kerge kangaga, mis aitab sul tunda end kuivana, jahedana ja toetab sind alates soojendusest kuni jahedate treeninguteni. need on valmistatud vähemalt 75% ulatuses taaskasutatud polüesterkiududest, mille veniv disain aitab teil liikuda täie intensiivsusega ka kõige raskemate treeningute või võistluste ajal&hellip; toote omadused: need on valmistatud vähemalt 75% ulatuses taas Vaata lähemalt ballzy.eu.",https://ballzy.eu/et/product/m-np-df-tight-dd1913-010-s-cnf,https://backend.ballzy.eu/media/catalog/product/n/i/nike-m-np-df-tight-must-gpqm.jpg,Nike,49.00 EUR,in_stock,Streetbrand OÜ,EE,true,false,true
DD1988_100_S_CNF,M np df top sl tight,Spordiriided ballzy veebipoest. Vaata lähemalt ballzy.eu.,https://ballzy.eu/et/product/m-np-df-top-sl-tight-dd1988-100-s-cnf,https://backend.ballzy.eu/media/catalog/product/n/i/nike-m-np-df-top-sl-tight-valge-6l5f.jpg,Nike,39.00 EUR,in_stock,Streetbrand OÜ,EE,true,false,true
N100408687807_7_CNF,Nike elite championship 8p 2.0,Spordiriided ballzy veebipoest. Vaata lähemalt ballzy.eu.,https://ballzy.eu/et/product/nike-elite-championship-8p-2-0-n100408687807-7-cnf,https://backend.ballzy.eu/media/catalog/product/j/o/jordan-nike-elite-championship-8p-2-0-oran-kiap.jpg,Nike,84.00 EUR,in_stock,Streetbrand OÜ,EE,true,false,true
DD1988_068_S_CNF,M np df top sl tight,Spordiriided ballzy veebipoest. Vaata lähemalt ballzy.eu.,https://ballzy.eu/et/product/m-np-df-top-sl-tight-dd1988-068-s-cnf,https://backend.ballzy.eu/media/catalog/product/n/i/nike-m-np-df-top-sl-tight-hall-coyc.jpg,Nike,39.00 EUR,in_stock,Streetbrand OÜ,EE,true,false,true
N1007493_010_1SIZE_CNF,Nike swoosh scarf 2.0 sail/pin,Spordiriided ballzy veebipoest. Vaata lähemalt ballzy.eu.,https://ballzy.eu/et/product/nike-swoosh-scarf-2-0-sail-pin-n1007493-010-1size-cnf,https://backend.ballzy.eu/media/catalog/product/j/o/jordan-nike-swoosh-scarf-2-0-sail-pin-must-cgna.jpg,Nike,34.00 EUR,in_stock,Streetbrand OÜ,EE,true,false,true
DN3314_063_S_CNF,U nk evryday plus cush footie,Spordiriided ballzy veebipoest. Vaata lähemalt ballzy.eu.,https://ballzy.eu/et/product/u-nk-evryday-plus-cush-footie-dn3314-063-s-cnf,https://backend.ballzy.eu/media/catalog/product/n/i/nike-u-nk-evryday-plus-cush-footie-hall-snpb.jpg,Nike,19.00 EUR,in_stock,Streetbrand OÜ,EE,true,false,true
DX9632_100_S_CNF,U j ed cush poly crew 3pr 144,"Sinu igapäevased sokid, mis on pehmed ja usaldusväärsed. higistamisvastane tehnoloogia hoiab jalad jahedad ja kuivad, samal ajal kui tihedalt istuv võlvi ümber olev riba pakub tuge.polsterdus eesmise jala ja kanna all aitab vähendada treeningu mõju. kaare ümber olev pael on kindlalt toetav. peal olev hingav kudumismuster lisab ventilatsiooni. tugevdatud kand ja varvas on loodud püsima. Vaata lähemalt ballzy.eu.",https://ballzy.eu/et/product/u-j-ed-cush-poly-crew-3pr-144-dx9632-100-s-cnf,https://backend.ballzy.eu/media/catalog/product/j/o/jordan-u-j-ed-cush-poly-crew-3pr-144-valge-gmq5.jpg,Jordan,24.00 EUR,in_stock,Streetbrand OÜ,EE,true,false,true
GZ2013_4_CNF,Harden vol. 6 j,"löö siis, kui su vastane seda kõige vähem ootab. sõida ääreni, tõmba sügavalt ja jäta kaitsjad maha - täpselt nagu james harden. need juunioride adidas korvpallijalatsid on valmistatud boostiga, mis annab sulle vajalikku energiat alates avavilest kuni lisaaja viimaste sekunditeni. esijalal ja kannal olevad paelad annavad sulle kogu mängu vältel kindla tunnetuse. valmistatud osaliselt ringlussevõetud materjalist, mis on saadud tootmisjäätmetest, nt lõikamisjäätmetest, ja tarbimis Vaata lähemalt ballzy.eu.",https://ballzy.eu/et/product/harden-vol-6-j-gz2013-4-cnf,https://backend.ballzy.eu/media/catalog/product/a/d/adidas-performance-harden-vol-6-j-kollane-tvef.jpg,adidas Performance,149.00 EUR,in_stock,Streetbrand OÜ,EE,true,false,true
DX9655_010_S_CNF,U j ed cush poly ankle 3pr 144,Need madalad õhku läbilaskvate paneelide ja higi ära juhtiva tehnoloogiaga sokid hoiavad jalad kuivad ja jahutatud. võlvi ümber mõnusalt liibuvad sokid toestavad jalga. Vaata lähemalt ballzy.eu.,https://ballzy.eu/et/product/u-j-ed-cush-poly-ankle-3pr-144-dx9655-010-s-cnf,https://backend.ballzy.eu/media/catalog/product/j/o/jordan-u-j-ed-cush-poly-ankle-3pr-144-must-sxtu.jpg,Jordan,24.00 EUR,in_stock,Streetbrand OÜ,EE,true,false,true
DX9655_100_S_CNF,U j everyday cush poly ankle 3,Need madalad õhku läbilaskvate paneelide ja higi ära juhtiva tehnoloogiaga sokid hoiavad jalad kuivad ja jahutatud. võlvi ümber mõnusalt liibuvad sokid toestavad jalga. Vaata lähemalt ballzy.eu.,https://ballzy.eu/et/product/u-j-everyday-cush-poly-ankle-3-dx9655-100-s-cnf,https://backend.ballzy.eu/media/catalog/product/j/o/jordan-u-j-everyday-cush-poly-ankle-3-valge-f6k0.jpg,Jordan,24.00 EUR,in_stock,Streetbrand OÜ,EE,true,false,true
SX7673_010_L_CNF,U nk everyday cush ns 3pr 132,"mugavus ja tugevus&hellip; nike everyday cushioned sokid annavad jõudu treeningule. paks froteepõhi annab sulle lisamugavust jalaharjutuste ja tõstete tegemiseks, samas kui ribiline kaareriba ümbritseb sinu keskjalga, et tagada toetav tunne&hellip; toote omadused: dri-fit tehnoloogia aitab hoida jalad kuivana ja mugavalt&hellip; paks froteepõhi pakub mugavust ja löögiabi&hellip; ribitud kaarevöönd pakub toetavat tunnet&hellip; nähtamatu siluett annab madala profiili&hellip; toote Vaata lähemalt ballzy.eu.",https://ballzy.eu/et/product/u-nk-everyday-cush-ns-3pr-132-sx7673-010-l-cnf,https://backend.ballzy.eu/media/catalog/product/j/o/jordan-u-nk-everyday-cush-ns-3pr-132-must-xf70.jpg,Nike,19.00 EUR,in_stock,Streetbrand OÜ,EE,true,false,true
77-103Z_CNF,Tf-500 euroleague size 5,Spordiriided ballzy veebipoest. Vaata lähemalt ballzy.eu.,https://ballzy.eu/et/product/tf-500-euroleague-size-5-77-103z-cnf,https://backend.ballzy.eu/media/catalog/product/s/p/spalding-tf-500-euroleague-size-5-multicolor-cj8o.jpg,Spalding,46.00 EUR,in_stock,Streetbrand OÜ,EE,true,false,true
76-927Z_CNF,Super elite,Spordiriided ballzy veebipoest. Vaata lähemalt ballzy.eu.,https://ballzy.eu/et/product/super-elite-76-927z-cnf,https://backend.ballzy.eu/media/catalog/product/s/p/spalding-super-elite-multicolor-zsro.jpg,Spalding,43.00 EUR,in_stock,Streetbrand OÜ,EE,true,false,true
N1000672_010_S_CNF,Nike pro open knee strap sleev,Spordiriided ballzy veebipoest. Vaata lähemalt ballzy.eu.,https://ballzy.eu/et/product/nike-pro-open-knee-strap-sleev-n1000672-010-s-cnf,https://backend.ballzy.eu/media/catalog/product/n/i/nike-nike-pro-open-knee-strap-sleev-must-dy7l.jpg,Nike,44.00 EUR,in_stock,Streetbrand OÜ,EE,true,false,true
IE1669_7.5_CNF,Trae young 2,"trae young on üks külmemaid kõvapuudel, ta on absoluutselt kartmatu. ta võtab igal ajal vastu mis tahes viske ja kui kõik on kaalul, siis olge ettevaatlik, sest trae varastab kohe-kohe show´d. adidase korvpalli ja trae youngi uusimad signatuurjalatsid keskenduvad just agilityle ja kiirusele - kahele elemendile, mis teevad trae´i nii dünaamiliseks. boost ja lightstrike töötavad koos adaptiivse sck360, pooleldi rihmaga pealsega, et pakkuda täiustatud mugavust ja mängulist tuge. </p Vaata lähemalt ballzy.eu.",https://ballzy.eu/et/product/trae-young-2-ie1669-7-5-cnf,https://backend.ballzy.eu/media/catalog/product/a/d/adidas-performance-trae-young-2-must-qcbd.jpg,adidas Performance,174.00 EUR,in_stock,Streetbrand OÜ,EE,true,false,true
DH7709_010_MISC_CNF,Nk brsla m bkpk - 9.5 24l,"Haara oma asjad ja asuta end nike brasilia seljakotiga teele. sel on piisavalt taskuid, et asjad korralikult ära panna, sh lahter sinu sülearvutile, võrkkangast küljetaskud veepudelitele ja lukuga sisetasku, kus turvaliselt väikeseid asju hoida. see toode on valmistatud vähemalt 50% ulatuses taaskasutatud polüesterkiududest.tihedalt kootud polüestrist materjal talub igapäevast kulumist.i.eesmine lukuga tasku võimaldab hoida kasutatud varustust eraldi teistest asjadest.</ Vaata lähemalt ballzy.eu.",https://ballzy.eu/et/product/nk-brsla-m-bkpk-9-5-24l-dh7709-010-misc-cnf,https://backend.ballzy.eu/media/catalog/product/n/i/nike-nk-brsla-m-bkpk-9-5-24l-must-lbaw.jpg,Nike,49.00 EUR,in_stock,Streetbrand OÜ,EE,true,false,true
FD0685_010_2XL_CNF,M np df brief short,"nike pro kollektsiooni eesmärk on tunda end enesekindlalt ja anda endast parim. need 5"" lühikesed püksid on sujuvad ja venivad, mis on loodud kõigi teie lemmikspordialade ja -tegevuste jaoks&hellip; toote omadused: nike dri-fit tehnoloogia viib higi nahast eemale, et see aurustuks kiiremini, aidates sul jääda kuivaks ja mugavaks&hellip; veniv trikookangas annab kehakinnituse, et saaksid liikuda loomulikult treeningute ja tegevuste ajal&hellip; pehme ja veniv vöökoht istub puusade Vaata lähemalt ballzy.eu.",https://ballzy.eu/et/product/m-np-df-brief-short-fd0685-010-2xl-cnf,https://backend.ballzy.eu/media/catalog/product/n/i/nike-m-np-df-brief-short-must-cmzh.jpg,Nike,39.00 EUR,in_stock,Streetbrand OÜ,EE,true,false,true
LAS33763_BK_L_CNF,Nb patch logo crew 3 pairs,Spordiriided ballzy veebipoest. Vaata lähemalt ballzy.eu.,https://ballzy.eu/et/product/nb-patch-logo-crew-3-pairs-las33763-bk-l-cnf,https://backend.ballzy.eu/media/catalog/product/n/e/new-balance-nb-patch-logo-crew-3-pairs-must-wvt7.jpg,New Balance,19.00 EUR,in_stock,Streetbrand OÜ,EE,true,false,true
DX9632_010_S_CNF,U j everyday cush poly crew 3p,"Sinu igapäevased sokid, mis on pehmed ja usaldusväärsed. higistamisvastane tehnoloogia hoiab jalad jahedad ja kuivad, samal ajal kui tihedalt istuv võlvi ümber olev riba pakub tuge.polsterdus eesmise jala ja kanna all aitab vähendada treeningu mõju. kaare ümber olev pael on kindlalt toetav. peal olev hingav kudumismuster lisab ventilatsiooni. tugevdatud kand ja varvas on loodud püsima. Vaata lähemalt ballzy.eu.",https://ballzy.eu/et/product/u-j-everyday-cush-poly-crew-3p-dx9632-010-s-cnf,https://backend.ballzy.eu/media/catalog/product/j/o/jordan-u-j-ed-cush-poly-crew-3pr-144-must-o6lk.jpg,Jordan,24.00 EUR,in_stock,Streetbrand OÜ,EE,true,false,true
37907903_7.5_CNF,All-pro nitro bold,Spordiriided ballzy veebipoest. Vaata lähemalt ballzy.eu.,https://ballzy.eu/et/product/all-pro-nitro-bold-37907903-7-5-cnf,https://backend.ballzy.eu/media/catalog/product/p/u/puma-all-pro-nitro-bold-sinine-5svh.jpg,Puma,149.00 EUR,in_stock,Streetbrand OÜ,EE,true,false,true
SX7557_100_M_CNF,Nike multiplier crew socks,"Jookse sirge seljaga nike multiplieri kõrgetes sokkides (2 paari). higiimav kangas aitab sul püsida kuiva ja jahutatuna, samal ajal kui võrkkangas jala keskosas võimaldab jalal hingata. sirgjooneline „nike‘i“ logo paistab joostes silma. Vaata lähemalt ballzy.eu.",https://ballzy.eu/et/product/nike-multiplier-crew-socks-sx7557-100-m-cnf,https://backend.ballzy.eu/media/catalog/product/n/i/nike-nike-multiplier-crew-socks-valge-hctw.jpg,Nike,19.00 EUR,in_stock,Streetbrand OÜ,EE,true,false,true
SMJY6519_BCE12KGAKYGN_2XL_CNF,Nba day jersey celtics 2012 kevin garnett,Spordiriided ballzy veebipoest. Vaata lähemalt ballzy.eu.,https://ballzy.eu/et/product/nba-day-jersey-celtics-2012-kevin-garnett-smjy6519-bce12kgakygn-2xl-cnf,https://backend.ballzy.eu/media/catalog/product/m/i/mitchell-and-ness-nba-day-jersey-celtics-2012-kevin-garnett-roheline-cvzj.jpg,Mitchell &amp; Ness,124.00 EUR,in_stock,Streetbrand OÜ,EE,true,false,true
DX9656_010_L_CNF,U j ed cush poly ns 3pr 144,"lisage oma stiilile mugavust nende mittesoovitavate sokkidega. higi ärajuhtiv jõud ja hingavus aitavad hoida jalad kuivana ja jahedana, et saaksite oma päeva täie jõuga läbi suruda&hellip; toote omadused: dri-fit tehnoloogia aitab teie jalgadel kuivana ja mugavalt püsida&hellip; pehmendus esijalal ja kannal aitab pehmendada treeningu mõju&hellip; kaarepiirkonna ümber olev rihm on mugav ja toetav&hellip; hingav kudumismuster ülaosas lisab ventilatsiooni&hellip; tugevdatud kanna ja Vaata lähemalt ballzy.eu.",https://ballzy.eu/et/product/u-j-ed-cush-poly-ns-3pr-144-dx9656-010-l-cnf,https://backend.ballzy.eu/media/catalog/product/j/o/jordan-u-j-ed-cush-poly-ns-3pr-144-must-olzh.jpg,Jordan,19.00 EUR,in_stock,Streetbrand OÜ,EE,true,false,true
DX9656_902_L_CNF,U j ed cush poly ns 3pr 144,"lisage oma stiilile mugavust nende mittesoovitavate sokkidega. higi ärajuhtiv jõud ja hingavus aitavad hoida jalad kuivana ja jahedana, et saaksite oma päeva täie jõuga läbi suruda&hellip; toote omadused: dri-fit tehnoloogia aitab teie jalgadel kuivana ja mugavalt püsida&hellip; pehmendus esijalal ja kannal aitab pehmendada treeningu mõju&hellip; kaarepiirkonna ümber olev rihm on mugav ja toetav&hellip; hingav kudumismuster ülaosas lisab ventilatsiooni&hellip; tugevdatud kanna ja Vaata lähemalt ballzy.eu.",https://ballzy.eu/et/product/u-j-ed-cush-poly-ns-3pr-144-dx9656-902-l-cnf,https://backend.ballzy.eu/media/catalog/product/j/o/jordan-u-j-ed-cush-poly-ns-3pr-144-must-lh6q.jpg,Jordan,23.00 EUR,in_stock,Streetbrand OÜ,EE,true,false,true
LAS33863_WT_L_CNF,Nb everyday crew 3 pairs,"new balance nb everyday crew 3 paari sokke on oluline täiendus igale garderoobile. need meeskonnasokid on valmistatud kergest, pehmest puuvillast, mis muudab need mugavaks ja kergesti puhastatavaks. klassikaline nb logo on elegantse, tagasihoidliku stiiliga, mis sobib ideaalselt igaks vabaajaürituseks. igas pakendis on kolm paari meeskonnasokke. Vaata lähemalt ballzy.eu.",https://ballzy.eu/et/product/nb-everyday-crew-3-pairs-las33863-wt-l-cnf,https://backend.ballzy.eu/media/catalog/product/n/e/new-balance-nb-everyday-crew-3-pairs-valge-actb.jpg,New Balance,16.00 EUR,in_stock,Streetbrand OÜ,EE,true,false,true
LAS33933_WT_L_CNF,Nb everyday ankle 3 pack,"new balance nb everyday ankle 3 paari sokke on oluline täiendus igale garderoobile. need pahkluu sokid on valmistatud kergest, pehmendavast puuvillast, mis muudab need mugavaks ja kergesti puhastatavaks. klassikaline nb logo on elegantse, tagasihoidliku stiiliga, mis sobib ideaalselt igaks juhuslikuks sündmuseks. igas pakendis on kolm paari pahkluude sokke. Vaata lähemalt ballzy.eu.",https://ballzy.eu/et/product/nb-everyday-ankle-3-pack-las33933-wt-l-cnf,https://backend.ballzy.eu/media/catalog/product/n/e/new-balance-nb-everyday-ankle-3-pack-valge-kshn.jpg,New Balance,19.00 EUR,in_stock,Streetbrand OÜ,EE,true,false,true
LAS42132_AS3_L_CNF,Waffle knit ankle socks 2 pack,need pehmed ja toetavad vahvlikootud sokid on loodud igapäevaseks kandmiseks . Vaata lähemalt ballzy.eu.,https://ballzy.eu/et/product/waffle-knit-ankle-socks-2-pack-las42132-as3-l-cnf,https://backend.ballzy.eu/media/catalog/product/n/e/new-balance-waffle-knit-ankle-socks-2-pack-multicolor-s1nl.jpg,New Balance,18.00 EUR,in_stock,Streetbrand OÜ,EE,true,false,true
DA5718_911_L_CNF,U j essential crew 3pr 144,"igapäevane tossukompanii&hellip; jordan essentials crew sokid on pehmed ja venivad, toetava istuvusega ja jalalaba all kudumispehmendusega. 3 paari varustab teid peaaegu pooleks nädalaks&hellip; toote omadused: higi eemaldav tehnoloogia aitab sul kuivana ja mugavalt püsida&hellip; kootud pehmendus lisab pehmust jala alla&hellip; kaarepael pakub mugavat ja kindlat istuvust&hellip; toote omaduste alapealkirjad: tootedetailid: ribitud säärestruktuur. kootud graafika. 65% puuvill/31% Vaata lähemalt ballzy.eu.",https://ballzy.eu/et/product/u-j-essential-crew-3pr-144-da5718-911-l-cnf,https://backend.ballzy.eu/media/catalog/product/j/o/jordan-u-j-essential-crew-3pr-144-multicolor-bug6.jpg,Jordan,24.00 EUR,in_stock,Streetbrand OÜ,EE,true,false,true
IR5731_S_CNF,Prem crew 2pp,"astu julgelt igal sammul nende adidas´i meeskonnasokkidega. esmaklassiline konstruktsioon ja sportlik disain ühendavad endas mitmekülgse stiili, mis on ühtviisi valmis nii kogu päeva seiklusteks kui ka lõõgastumiseks kodus. siledad ja vastupidavad, need on valmistatud koos tugivõlviga, et hoida jalad hommikust õhtuni ergonoomilised. topeltbränding ees- ja tagaküljel ühendab iga sammu adidas originals´i mittekonformistliku loovuse pärandiga. valides taaskasutatavad materjalid, s Vaata lähemalt ballzy.eu.",https://ballzy.eu/et/product/prem-crew-2pp-ir5731-s-cnf,https://backend.ballzy.eu/media/catalog/product/a/d/adidas-prem-crew-2pp-valge-gdde.jpg,adidas Originals,24.00 EUR,in_stock,Streetbrand OÜ,EE,true,false,true
DX5089_010_L_CNF,U nk nsw everyday essential cr,"pehmed sokid crew cutis&hellip; nike sportsweari sokkidega paned oma parima jala ette. need on valmistatud pehmest, venivast kangast ja mõeldud igapäevaseks kandmiseks ning on vastupidavad, hingavad ja eriti mugavad. see toode on valmistatud vähemalt 75% ulatuses ümbertöödeldud polüesterkiududest&hellip; toote omadused: dri-fit tehnoloogia aitab hoida jalad kuivana ja mugavalt&hellip; tugevdatud kanna ja varbaosa tagavad vastupidavuse&hellip; strateegiliselt paigutatud võrk lisab Vaata lähemalt ballzy.eu.",https://ballzy.eu/et/product/u-nk-nsw-everyday-essential-cr-dx5089-010-l-cnf,https://backend.ballzy.eu/media/catalog/product/n/i/nike-u-nk-nsw-everyday-essential-cr-must-wthm.jpg,Nike,23.00 EUR,in_stock,Streetbrand OÜ,EE,true,false,true
E1025_B_2009_CNF,2pp star chevron double stripe long crew,Spordiriided ballzy veebipoest. Vaata lähemalt ballzy.eu.,https://ballzy.eu/et/product/2pp-star-chevron-double-stripe-long-crew-e1025-b-2009-cnf,https://backend.ballzy.eu/media/catalog/product/c/o/converse-2pp-star-chevron-double-stripe-long-crew-must-d4kn.jpg,Converse,9.00 EUR,in_stock,Streetbrand OÜ,EE,true,false,true
E1025_W_2009_CNF,2pp star chevron double stripe long crew,Spordiriided ballzy veebipoest. Vaata lähemalt ballzy.eu.,https://ballzy.eu/et/product/2pp-star-chevron-double-stripe-long-crew-e1025-w-2009-cnf,https://backend.ballzy.eu/media/catalog/product/c/o/converse-2pp-star-chevron-double-stripe-long-crew-valge-sdvr.jpg,Converse,9.00 EUR,in_stock,Streetbrand OÜ,EE,true,false,true
E746_B_3009_CNF,3pp converse star chevron logo short quarter,Spordiriided ballzy veebipoest. Vaata lähemalt ballzy.eu.,https://ballzy.eu/et/product/3pp-converse-star-chevron-logo-short-quarter-e746-b-3009-cnf,https://backend.ballzy.eu/media/catalog/product/c/o/converse-3pp-converse-star-chevron-logo-short-quarter-must-cbx9.jpg,Converse,14.00 EUR,in_stock,Streetbrand OÜ,EE,true,false,true
E746_W_3009_CNF,3pp converse star chevron logo short quarter,Spordiriided ballzy veebipoest. Vaata lähemalt ballzy.eu.,https://ballzy.eu/et/product/3pp-converse-star-chevron-logo-short-quarter-e746-w-3009-cnf,https://backend.ballzy.eu/media/catalog/product/c/o/converse-3pp-converse-star-chevron-logo-short-quarter-valge-elsa.jpg,Converse,9.00 EUR,in_stock,Streetbrand OÜ,EE,true,false,true
DO9543_014_L_CNF,Sas mnk df swgmn jsy stm 22,"emuleeri oma lemmikmängijat selles san antonio spursi trikotis, mis on fännide lemmik, mille logo ja kujundus vastab sellele, mida kannavad profid väljakul. lisaks sellele on selles hingav võrk koos higi ärajuhtiva tehnoloogiaga, mis aitab sind hoida jahedana ja kuivana, olenemata sellest, kas oled väljakul või lihtsalt linnas vabalt liikumas&hellip; toote omadused: dri-fit tehnoloogia juhib higi nahast eemale, et see aurustuks kiiremini, aidates sul jääda kuivaks ja mugavaks&hel Vaata lähemalt ballzy.eu.",https://ballzy.eu/et/product/sas-mnk-df-swgmn-jsy-stm-22-do9543-014-l-cnf,https://backend.ballzy.eu/media/catalog/product/n/i/nike-sas-mnk-df-swgmn-jsy-stm-22-must-ssjb.jpg,Nike,119.00 EUR,in_stock,Streetbrand OÜ,EE,true,false,true
30983702_6_CNF,Scoot zeros,Spordiriided ballzy veebipoest. Vaata lähemalt ballzy.eu.,https://ballzy.eu/et/product/scoot-zeros-30983702-6-cnf,https://backend.ballzy.eu/media/catalog/product/p/u/puma-scoot-zeros-multicolor-shvn.jpg,Puma,104.00 EUR,in_stock,Streetbrand OÜ,EE,true,false,true
FJ6823_100_L_CNF,U j everyday essentials crew 1,"pehme ja veniv disain, higi ärajuhtiv tehnoloogia ja toetav rihm teevad jordan everyday essentials crew sokid just selliseks - hädavajalikuks. kas sa'lööd jõusaali või jooksed asju, tee seda mugavalt ja stiilselt&hellip; toote omadused: nike dri-fit tehnoloogia viib higi nahast eemale, et see aurustuks kiiremini, aidates sul jääda kuivaks ja mugavaks&hellip; kaare ümber olev rihm on mugav ja toetav&hellip; toote omaduste alapealkirjad: tootedetailid: 96% polüester/4% elastaani. m Vaata lähemalt ballzy.eu.",https://ballzy.eu/et/product/u-j-everyday-essentials-crew-1-fj6823-100-l-cnf,https://backend.ballzy.eu/media/catalog/product/j/o/jordan-u-j-everyday-essentials-crew-1-valge-wo98.jpg,Jordan,24.00 EUR,in_stock,Streetbrand OÜ,EE,true,false,true
DZ1551_900_L_CNF,U nk ed perf csh crw 2p 168 ud,"kõrgendatud twill-muster, värvitu lõng ja vööndiline pehmendus tähendavad puhast jõudlust, olgu see siis igapäevane töö või pikk matk. ja me ei ole unustanud olulisi asju: kaare ümber olev rihm hoiab teie sokid mugavalt ja toetavalt, samas kui ribid ülaosas aitavad neil püsti püsida&hellip; toote üksikasjad: 64% puuvill / 34% polüester / 2% elastaani. masinpesu. imporditud. Vaata lähemalt ballzy.eu.",https://ballzy.eu/et/product/u-nk-ed-perf-csh-crw-2p-168-ud-dz1551-900-l-cnf,https://backend.ballzy.eu/media/catalog/product/n/i/nike-u-nk-ed-perf-csh-crw-2p-168-ud-must-bqzu.jpg,Nike,24.00 EUR,in_stock,Streetbrand OÜ,EE,true,false,true
FPHD6293_CBUYYPPPSCAR_L_CNF,Nba head coach hoodie bulls,Spordiriided ballzy veebipoest. Vaata lähemalt ballzy.eu.,https://ballzy.eu/et/product/nba-head-coach-hoodie-bulls-fphd6293-cbuyypppscar-l-cnf,https://backend.ballzy.eu/media/catalog/product/m/i/mitchell-and-ness-nba-head-coach-hoodie-bulls-punane-il3e.jpg,Mitchell &amp; Ness,99.00 EUR,in_stock,Streetbrand OÜ,EE,true,false,true
DV3869_002_3.5Y_CNF,Jordan zion 3 gs,"zioni kolmas allkirja kinga tähistab pühendumust, mida ta oma ainulaadse mängu loomisele pühendab. see on pakitud väljakule sobiva tehnoloogiaga ja mõeldud pallijatele, kes on nii maa kui ka õhu meistrid. jääge madalale ja piiritletud, plahvatage taevasse, pehmendusega tagasi maa peale. zion 3 aitab sind maas hoida - nii et saad lennata omal moel&hellip; tooteomadused: küljelt küljele, vasakult paremale. härmakaarjas haardumine välistallal aitab sul igal sammul väljakul haarduda Vaata lähemalt ballzy.eu.",https://ballzy.eu/et/product/jordan-zion-3-gs-dv3869-002-3-5y-cnf,https://backend.ballzy.eu/media/catalog/product/j/o/jordan-jordan-zion-3-gs-multicolor-xoaw.jpg,Jordan,119.00 EUR,in_stock,Streetbrand OÜ,EE,true,false,true
31035401_6.5_CNF,Scoot zeros,Spordiriided ballzy veebipoest. Vaata lähemalt ballzy.eu.,https://ballzy.eu/et/product/scoot-zeros-31035401-6-5-cnf,https://backend.ballzy.eu/media/catalog/product/p/u/puma-scoot-zeros-multicolor-c939.jpg,Puma,99.00 EUR,in_stock,Streetbrand OÜ,EE,true,false,true
IE7798_7.5_CNF,D.o.n. issue 5,"alates hetkest, mil ta esimest korda kõnniteele astus, on donovan mitchell olnud mängu muutja, ja see on jätkunud isegi siis, kui tema mäng on kasvanud ja arenenud. need d.o.n. issue 5 signatuurkingad adidas basketballilt jätkavad spida väljakul tegutseva isiksuse ja tema väljakuvälise sotsiaalse aktiivsuse arendamist. need korvpallitrennised, millel on ülikerge lightstrike-välipõhi ja ainulaadne kummist välistald, millel on kõrgendatud tõmbemuster, aitavad sul domineerida mängus Vaata lähemalt ballzy.eu.",https://ballzy.eu/et/product/d-o-n-issue-5-ie7798-7-5-cnf,https://backend.ballzy.eu/media/catalog/product/a/d/adidas-performance-d-o-n-issue-5-sinine-zve7.jpg,adidas Performance,129.00 EUR,in_stock,Streetbrand OÜ,EE,true,false,true
IF1514_8_CNF,Dame 8 extply,"ärge kunagi põgenege lihvimise eest. damian lillardi ja adidas basketballi uusimaid signatuurtrenažööridega ei pea sa seda tegema. need dame 8 extply jalatsid on loodud suurepärase vastupidavuse tagamiseks ning neil on dünaamiline bounce-välipõhi, mis ühendab kõrgendatud stabiilsuse kerge ja paindliku pehmendusega. sisemine soki konstruktsioon ja tpu tõukeplaat hoiavad sind kindlalt paigal ja liikumises, olenemata sellest, kas veedad tundide kaupa jõusaalis, kus sa võidad kaugelt Vaata lähemalt ballzy.eu.",https://ballzy.eu/et/product/dame-8-extply-if1514-8-cnf,https://backend.ballzy.eu/media/catalog/product/a/d/adidas-dame-8-extply-multicolor-oypq.jpg,adidas Originals,129.00 EUR,in_stock,Streetbrand OÜ,EE,true,false,true
30984101_6.5_CNF,Scoot zeros 2k,Spordiriided ballzy veebipoest. Vaata lähemalt ballzy.eu.,https://ballzy.eu/et/product/scoot-zeros-2k-30984101-6-5-cnf,https://backend.ballzy.eu/media/catalog/product/p/u/puma-scoot-zeros-2k-roheline-lxzw.jpg,Puma,119.00 EUR,in_stock,Streetbrand OÜ,EE,true,false,true
FZ1321_601_10_CNF,Jordan zion 3 nrg,Spordiriided ballzy veebipoest. Vaata lähemalt ballzy.eu.,https://ballzy.eu/et/product/jordan-zion-3-nrg-fz1321-601-10-cnf,https://backend.ballzy.eu/media/catalog/product/j/o/jordan-jordan-zion-3-nrg-multicolor-fa0g.jpg,Jordan,179.00 EUR,in_stock,Streetbrand OÜ,EE,true,false,true
FN4106_010_MISC_CNF,Nike utility speed backpack - version 2.0,"kui sinu spordikapp oleks seljakott, siis näeks see välja nii. avaras põhikambris on võrktasku, sülearvuti ümbris ja piisavalt ruumi kingapaari ja vahetusriiete jaoks. see muudab töölt järgmisele treeningule jõudmise imelihtne&hellip; toote omadused: lukkudega tehnikatasku mahutab kuni 16"" sülearvuti&hellip; polsterdatud selja- ja õlarihmad tagavad mugava istuvuse&hellip; tihedalt kootud polüester pakub rasket tuge&hellip; toote omaduste alapealkirjad: tootedetailid: 11"" w x 19"" Vaata lähemalt ballzy.eu.",https://ballzy.eu/et/product/nike-utility-speed-backpack-version-2-0-fn4106-010-misc-cnf,https://backend.ballzy.eu/media/catalog/product/n/i/nike-nk-utility-speed-bkpk-2-0-must-tkao.jpg,Nike,99.00 EUR,in_stock,Streetbrand OÜ,EE,true,false,true
IG6648_8_CNF,Harden volume 8,"james hardeni-suguse superstaari jaoks ei piisa mängu muutmisest, vaid ta peab seda ka revolutsiooniliselt muutma. adidas basketballi ja james hardeni uusimad signature jalanõud tähistavad jätkuvalt ühte korvpalli tippskoorijat ja eliitpersoonust. kombineeritud adidas boost- ja lightstrike-välipõhjaga korvpallijalatsid pakuvad sulle vajalikku tuge, et domineerida iga kord, kui sa põrandale astud. Vaata lähemalt ballzy.eu.",https://ballzy.eu/et/product/harden-volume-8-ig6648-8-cnf,https://backend.ballzy.eu/media/catalog/product/a/d/adidas-harden-volume-8-must-4ef9.jpg,adidas Originals,189.00 EUR,in_stock,Streetbrand OÜ,EE,true,false,true
FB2239_103_9_CNF,Lebron witness viii,"kui sa astud lavale, siis millist esinemist sa tahad näidata? lõpeta show nendes lebron witness 8´s ja anna teada, et sinu elegantsil ja täismõõtmelistel oskustel ei ole piire. see liibuv ja julgelt vormitud kinga pakub stabiilsust, kui plahvatad ja pehmet maandumist, kui tuled tagasi maapinnale, võimaldades kingpins nagu sina ja lebron siduda, pidurdada ja poltida põhijoonelt põhijoonele&hellip; toote omadused: see kinga pakub stabiilsust, kui plahvatad, ja pehmet maandumist, ku Vaata lähemalt ballzy.eu.",https://ballzy.eu/et/product/lebron-witness-viii-fb2239-103-9-cnf,https://backend.ballzy.eu/media/catalog/product/n/i/nike-lebron-witness-viii-punane-jv3t.jpg,Nike,139.00 EUR,in_stock,Streetbrand OÜ,EE,true,false,true
SX7587_010_L_CNF,Unisex nike elite crew socks - nba 132,"parimad piljutajad&hellip; nike elite nba crew sokid on mängijate valik mugavuse ja toe tagamiseks. need'on valmistatud esmaklassilisest kudumilõngast, millel on higistav tehnoloogia ja pehmendus seal, kus see on oluline. sokid on märgistatud nba logoga ja tähistatud vertikaalselt nike basketballi tipptasemel elite triibuga&hellip; tooteomadused: premium kudumkangas koos higistamistehnoloogiaga aitab sul kuivana ja mugavalt püsida&hellip; pehmendused jalgade all olevates võtmekoh Vaata lähemalt ballzy.eu.",https://ballzy.eu/et/product/unisex-nike-elite-crew-socks-nba-132-sx7587-010-l-cnf,https://backend.ballzy.eu/media/catalog/product/n/i/nike-u-nk-elite-crew-nba-132-must-gn0n.jpg,Nike,24.00 EUR,in_stock,Streetbrand OÜ,EE,true,false,true
DV4855_566_S_CNF,Phoenix suns nike dri-fit swingman jersey icon 2023,"igal meeskonnal on oma tõelised värvid, eksimatu identiteet, mis eristab seda ülejäänud liigast. austades rikkalikku korvpallipärandit, on see phoenix sunsi trikoo inspireeritud sellest, mida profid kannavad kõnniteel, alates meeskonna detailidest kuni kerge, higistavani võrgustikuni. see aitab hoida sind kuivana ja jahedana nii väljakul kui ka väljaspool seda, kui esindad oma lemmikmängijat ja mängu, mida armastad&hellip; toote omadused: nike dri-fit tehnoloogia viib higi nahast Vaata lähemalt ballzy.eu.",https://ballzy.eu/et/product/phoenix-suns-nike-dri-fit-swingman-jersey-icon-2023-dv4855-566-s-cnf,https://backend.ballzy.eu/media/catalog/product/n/i/nike-phx-mnk-df-swgmn-jsy-icn-23-lilla-ddgt.jpg,Nike,119.00 EUR,in_stock,Streetbrand OÜ,EE,true,false,true
HF0451_001_8_CNF,Jordan one take 5 paris,"kiirenda, pange, tulistage, lööge - ja siis korrake. russell westbrooki uusim jalanõu on siin, et toetada sinu kiirusmängu, aidates sul jääda peatumatuks rünnakul. välimised silmapaelad ja ümbritsevad varbaosad lisavad väljakul ohjeldust. lisaks aitab energiat tagastav air zoom pehmendus esijalal hoida teid uppumas 'em 1. kuni 4.&hellip; toote omadused: tunda end mängimise ajal toetatuna ja turvaliselt tänu disainile, mis seab väljakul esikohale ohjeldamise&hellip; air zoomi üksu Vaata lähemalt ballzy.eu.",https://ballzy.eu/et/product/jordan-one-take-5-paris-hf0451-001-8-cnf,https://backend.ballzy.eu/media/catalog/product/j/o/jordan-jordan-one-take-5-paris-multicolor-tmy3.jpg,Jordan,114.00 EUR,in_stock,Streetbrand OÜ,EE,true,false,true
LAS16462_BK_L_CNF,Unisex response performance crew 2 pack,"saage mugavust new balance unisex response performance crew 2 paari. need pehmendusega meeskonnapikkuses sokid pakuvad tugevad tugipunktid ja võrkpaneelid ventilatsiooniks. kas sa oled jalutamas või jõusaalis, need tõhusad sokid katavad sind. Vaata lähemalt ballzy.eu.",https://ballzy.eu/et/product/unisex-response-performance-crew-2-pack-las16462-bk-l-cnf,https://backend.ballzy.eu/media/catalog/product/n/e/new-balance-unisex-response-performance-crew-2-pack-must-wypp.jpg,New Balance,19.00 EUR,in_stock,Streetbrand OÜ,EE,true,false,true
LAS16462_WT_L_CNF,Unisex response performance crew 2 pack,"saage mugavust new balance unisex response performance crew 2 paari. need pehmendusega meeskonnapikkuses sokid pakuvad tugevad tugipunktid ja võrkpaneelid ventilatsiooniks. kas sa oled jalutamas või jõusaalis, need tõhusad sokid katavad sind. Vaata lähemalt ballzy.eu.",https://ballzy.eu/et/product/unisex-response-performance-crew-2-pack-las16462-wt-l-cnf,https://backend.ballzy.eu/media/catalog/product/n/e/new-balance-unisex-response-performance-crew-2-pack-valge-6msg.jpg,New Balance,19.00 EUR,in_stock,Streetbrand OÜ,EE,true,false,true
PSO003_115_L_CNF,U nk elt crew quick - promo,Spordiriided ballzy veebipoest. Vaata lähemalt ballzy.eu.,https://ballzy.eu/et/product/u-nk-elt-crew-quick-promo-pso003-115-l-cnf,https://backend.ballzy.eu/media/catalog/product/n/i/nike-u-nk-elt-crew-quick-promo-multicolor-tgnz.jpg,Nike,23.00 EUR,in_stock,Streetbrand OÜ,EE,true,false,true
LAS33863_BK_L_CNF,Nb everyday crew 3 pairs,"new balance nb everyday crew 3 paari sokke on oluline täiendus igale garderoobile. need meeskonnasokid on valmistatud kergest, pehmest puuvillast, mis muudab need mugavaks ja kergesti puhastatavaks. klassikaline nb logo on elegantse, tagasihoidliku stiiliga, mis sobib ideaalselt igaks vabaajaürituseks. igas pakendis on kolm paari meeskonnasokke. Vaata lähemalt ballzy.eu.",https://ballzy.eu/et/product/nb-everyday-crew-3-pairs-las33863-bk-l-cnf,https://backend.ballzy.eu/media/catalog/product/n/e/new-balance-nb-everyday-crew-3-pairs-must-k673.jpg,New Balance,19.00 EUR,in_stock,Streetbrand OÜ,EE,true,false,true
LAS33933_BK_L_CNF,Nb everyday ankle 3 pack,"new balance nb everyday ankle 3 paari sokke on oluline täiendus igale garderoobile. need pahkluu sokid on valmistatud kergest, pehmendavast puuvillast, mis muudab need mugavaks ja kergesti puhastatavaks. klassikaline nb logo on elegantse, tagasihoidliku stiiliga, mis sobib ideaalselt igaks juhuslikuks sündmuseks. igas pakendis on kolm paari pahkluude sokke. Vaata lähemalt ballzy.eu.",https://ballzy.eu/et/product/nb-everyday-ankle-3-pack-las33933-bk-l-cnf,https://backend.ballzy.eu/media/catalog/product/n/e/new-balance-nb-everyday-ankle-3-pack-must-nj7e.jpg,New Balance,19.00 EUR,in_stock,Streetbrand OÜ,EE,true,false,true
77-822Z_CNF,Tf-1000 legacy lkl,Spordiriided ballzy veebipoest. Vaata lähemalt ballzy.eu.,https://ballzy.eu/et/product/tf-1000-legacy-lkl-77-822z-cnf,https://backend.ballzy.eu/media/catalog/product/s/p/spalding-legacy-tf1000-multicolor-ovod.jpg,Spalding,69.00 EUR,in_stock,Streetbrand OÜ,EE,true,false,true
85-061Z_CNF,Legacy tf1000,Spordiriided ballzy veebipoest. Vaata lähemalt ballzy.eu.,https://ballzy.eu/et/product/legacy-tf1000-85-061z-cnf,https://backend.ballzy.eu/media/catalog/product/s/p/spalding-legacy-tf1000-multicolor-w2x3.jpg,Spalding,35.00 EUR,in_stock,Streetbrand OÜ,EE,true,false,true
FD2335_003_10_CNF,Jordan one take 5,"kiirenda, pange, tulistage, lööge - ja siis korrake. russell westbrooki uusim jalanõu on siin, et aidata sinu kiirusmängu, aidates sul jääda peatumatuks rünnakul. välimine silmapael ja ümbritsev varbaosa lisavad väljakul kaitset, samas kui energiat tagastav zoom air pehmendus esijalal hoiab teid 1. kuni 4. palli vajutamas: tunda end mängimise ajal toetatuna ja turvaliselt, kuna disain seab väljakul esikohale ohjeldamise&hellip; zoom air üksus esijalas on ülevalt koormatud, tuues Vaata lähemalt ballzy.eu.",https://ballzy.eu/et/product/jordan-one-take-5-fd2335-003-10-cnf,https://backend.ballzy.eu/media/catalog/product/j/o/jordan-jordan-one-take-5-multicolor-njgm.jpg,Jordan,109.00 EUR,in_stock,Streetbrand OÜ,EE,true,false,true
IG6611_4.5_CNF,A.e. 1 j,"pitsid on ühe mängude tõusva superstaari stiilis. need adidas basketballi ja anthony edwardsi juunioride signature tossud on loodud sertifitseeritud ämbrite hankijatele. kombineeritud boost- ja lightstrike-välipõhi on ülikerge ja lisab sinu kõige plahvatuslikumatele liigutustele silmapaistvat energiavõitu. kummist välistald annab sulle kogu vajaliku toetuse, et rünnata korvi, samas kui signature anthony edwards´i bränding täiendab välimust. Vaata lähemalt ballzy.eu.",https://ballzy.eu/et/product/a-e-1-j-ig6611-4-5-cnf,https://backend.ballzy.eu/media/catalog/product/a/d/adidas-a-e-1-j-punane-zfho.jpg,adidas Performance,109.00 EUR,in_stock,Streetbrand OÜ,EE,true,false,true
FQ8185_170_4.5Y_CNF,Jordan luka 3 gs,"pehme ja paindlikuks disainitud luka 3 annab teie sammudele veidi maagiat. jalgade all olev elastne vahtpolster aitab sul luua väljakul ruumi, samas kui kerge disain on loodud liikumiseks. lisaks on luka'armastus autode vastu inspireerinud meid lisama disainile kiiret stiili, mis aitab sul kaitsjatest mööda puhudes välja näha 100&hellip; tooteomadused: need jalatsid on loodud kiirust silmas pidades ja on inspireeritud pöörlevatest rehvidest, et anda lastele välkkiiret stiili. lis Vaata lähemalt ballzy.eu.",https://ballzy.eu/et/product/jordan-luka-3-gs-fq8185-170-4-5y-cnf,https://backend.ballzy.eu/media/catalog/product/j/o/jordan-jordan-luka-3-gs-multicolor-fq2y.jpg,Jordan,109.00 EUR,in_stock,Streetbrand OÜ,EE,true,false,true
31117601_8_CNF,Mb.03 halloween,Spordiriided ballzy veebipoest. Vaata lähemalt ballzy.eu.,https://ballzy.eu/et/product/mb-03-halloween-31117601-8-cnf,https://backend.ballzy.eu/media/catalog/product/p/u/puma-mb-03-halloween-oran-izwh.jpg,Puma,139.00 EUR,in_stock,Streetbrand OÜ,EE,true,false,true
FJ6457_300_10_CNF,Jordan tatum 2,"see ei ole lõppenud enne, kui kuulete seda helisignaali. lennake oma mängus tatum 2 energiliselt läbi. see aitab sul püsida kerge jalaga, piirates raske kummi kasutamist. osaline nike air strobel´i üksus toetab kiireid vahetusi ja tugev raami paar koos toetava vahuga, mis vormib teie jalgade jaoks suletud tunnet&hellip; tooteomadused: raam mähitakse talla alla ja pealsele, aidates toetada sinu madalal maa peal mängimist&hellip; sa'oled väljakul alati liikvel. see'on koht, kus kum Vaata lähemalt ballzy.eu.",https://ballzy.eu/et/product/jordan-tatum-2-fj6457-300-10-cnf,https://backend.ballzy.eu/media/catalog/product/j/o/jordan-jordan-tatum-2-roheline-hsqe.jpg,Jordan,149.00 EUR,in_stock,Streetbrand OÜ,EE,true,false,true
31053201_8_CNF,Mb.04 1love,Spordiriided ballzy veebipoest. Vaata lähemalt ballzy.eu.,https://ballzy.eu/et/product/mb-04-1love-31053201-8-cnf,https://backend.ballzy.eu/media/catalog/product/p/u/puma-mb-04-1love-multicolor-fgeo.jpg,Puma,129.00 EUR,in_stock,Streetbrand OÜ,EE,true,false,true
IG6649_8_CNF,Harden volume 8,"james hardeni-suguse superstaari jaoks ei piisa mängu muutmisest, vaid ta peab seda ka revolutsiooniliselt muutma. adidas basketballi ja james hardeni uusimad signature jalanõud tähistavad jätkuvalt ühte korvpalli tippskoorijat ja eliitpersoonust. kombineeritud adidas boost- ja lightstrike-välipõhjaga korvpallijalatsid pakuvad sulle vajalikku tuge, et domineerida iga kord, kui sa põrandale astud. Vaata lähemalt ballzy.eu.",https://ballzy.eu/et/product/harden-volume-8-ig6649-8-cnf,https://backend.ballzy.eu/media/catalog/product/a/d/adidas-performance-harden-volume-8-valge-dwrc.jpg,adidas Performance,159.00 EUR,in_stock,Streetbrand OÜ,EE,true,false,true
IH8468_10_CNF,Dame certified 3,"kui mäng on kaalul, ei ole kedagi paremat, kes saaks palli käes hoida, kui damian lillard. dame´i ainulaadsele stiilile nii väljakul kui ka väljaspool seda vastavad adidas basketballi uusimad damian lillardi signature´i kingad pakuvad kõiki vahendeid, mida vajad, et anda endast märku. bounce-välipõhi on kerge ja paindub koos jalaga, samal ajal kui kummist välistald toetab stardid ja peatused, olgu sa siis tõmbad mänguvõitja logoga üles või ründad kahe punkti eest väravas. </b Vaata lähemalt ballzy.eu.",https://ballzy.eu/et/product/dame-certified-3-ih8468-10-cnf,https://backend.ballzy.eu/media/catalog/product/a/d/adidas-performance-dame-certified-3-valge-iist.jpg,adidas Performance,89.00 EUR,in_stock,Streetbrand OÜ,EE,true,false,true
FC8161_LALCREA_S_CNF,Nba sswagger ls thermal lakers,Spordiriided ballzy veebipoest. Vaata lähemalt ballzy.eu.,https://ballzy.eu/et/product/nba-sswagger-ls-thermal-lakers-fc8161-lalcrea-s-cnf,https://backend.ballzy.eu/media/catalog/product/m/i/mitchell-and-ness-nba-sswagger-ls-thermal-lakers-bee-qm3s.jpg,Mitchell &amp; Ness,75.00 EUR,in_stock,Streetbrand OÜ,EE,true,false,true
FZ1094_101_10_CNF,Lebron xxii,Spordiriided ballzy veebipoest. Vaata lähemalt ballzy.eu.,https://ballzy.eu/et/product/lebron-xxii-fz1094-101-10-cnf,https://backend.ballzy.eu/media/catalog/product/n/i/nike-lebron-xxii-multicolor-uxtx.jpg,Nike,199.00 EUR,in_stock,Streetbrand OÜ,EE,true,false,true
FZ1097_100_7_CNF,Lebron xxii qs,Spordiriided ballzy veebipoest. Vaata lähemalt ballzy.eu.,https://ballzy.eu/et/product/lebron-xxii-qs-fz1097-100-7-cnf,https://backend.ballzy.eu/media/catalog/product/n/i/nike-lebron-xxii-qs-multicolor-hsdb.jpg,Nike,239.00 EUR,in_stock,Streetbrand OÜ,EE,true,false,true
FJ6151_001_10_CNF,Lebron tr 1,"treeni nagu lebron tr 1-s. suurte kannade, painduvate soonte ja kaablitega pitside juures on sellel vahendid, mida vajate, et saada pärast seda&hellip; tooteomadused: suured kõrred välistallal koos waffle kalasheinamustriga töötavad koos, et tagada haardumine enamikul pindadel&hellip; kaablid pitside juures tagavad kindla istuvuse&hellip; toote omaduste alapealkirjad: suuri kõrgendikke välistallal koos waffle kalasheinamustriga: tootedetailid: vahtmaterjalist kesktald. kummist vä Vaata lähemalt ballzy.eu.",https://ballzy.eu/et/product/lebron-tr-1-fj6151-001-10-cnf,https://backend.ballzy.eu/media/catalog/product/n/i/nike-lebron-tr-1-roheline-2qyo.jpg,Nike,159.00 EUR,in_stock,Streetbrand OÜ,EE,true,false,true
FV5953_001_10_CNF,G.t. hustle 3,"g.t. hustle 3 võib aidata teil areneda kriitilisel ajal. kahekordse air zoomi pehmendusega, mis pakub põrutavat hobujõudu, aitab see mängu jooksul energiat säästa. see on mõeldud neile, kes tahavad vastast üle elada ja jääda värskeks kuni lõpuvileeni. kes on järgmine? teie&hellip; toote omadused: mida tundlikumad on kingad, seda rohkem energiat saad iga sammuga tagasi. reaktiivsed kingad aitavad anda sulle veidi rohkem vedrustust, et saada mängust rohkem välja. esijala air zoom-ü Vaata lähemalt ballzy.eu.",https://ballzy.eu/et/product/g-t-hustle-3-fv5953-001-10-cnf,https://backend.ballzy.eu/media/catalog/product/n/i/nike-g-t-hustle-3-multicolor-csye.jpg,Nike,229.00 EUR,in_stock,Streetbrand OÜ,EE,true,false,true
3027629_100_44.5_CNF,Curry 12,Spordiriided ballzy veebipoest. Vaata lähemalt ballzy.eu.,https://ballzy.eu/et/product/curry-12-3027629-100-44-5-cnf,https://backend.ballzy.eu/media/catalog/product/u/n/under-armour-curry-12-kollane-wgbe.jpg,Under Armour,169.00 EUR,in_stock,Streetbrand OÜ,EE,true,false,true
JI1938_8_CNF,Dame 9,"damian lillardi-suguse mängupildi muutva superstaari jaoks on muutused paratamatud. dame´i ja adidas basketballi uusimad signature´i kingad võtavad omaks arenguvaimu, mis viis dame´i tähelepanuta jäänud ja alahinnatud mängijast maailma kõrgeimale korvpallitasemele. täiesti uus disain on kergem ja voolujoonelisem, ühendades sisemise jalanõude mugava istuvuse täispika torsion-varrega, mis tagab külgmise jäikuse, ja ülikerge lightstrike-välipinnaga jalalaba all, mis hoiab sind tippk Vaata lähemalt ballzy.eu.",https://ballzy.eu/et/product/dame-9-ji1938-8-cnf,https://backend.ballzy.eu/media/catalog/product/a/d/adidas-performance-dame-9-sinine-fbfo.jpg,adidas Performance,129.00 EUR,in_stock,Streetbrand OÜ,EE,true,false,true
20260R_BK_S_CNF,Hex tight with knee pads 3/4,Spordiriided ballzy veebipoest. Vaata lähemalt ballzy.eu.,https://ballzy.eu/et/product/hex-tight-with-knee-pads-3-4-20260r-bk-s-cnf,https://backend.ballzy.eu/media/catalog/product/m/c/mcdavid-hex-tight-with-knee-pads-3-4-must-lqas.jpg,Mcdavid,59.00 EUR,in_stock,Streetbrand OÜ,EE,true,false,true
20260R_WH_S_CNF,Hex tight with knee pads 3/4,Spordiriided ballzy veebipoest. Vaata lähemalt ballzy.eu.,https://ballzy.eu/et/product/hex-tight-with-knee-pads-3-4-20260r-wh-s-cnf,https://backend.ballzy.eu/media/catalog/product/m/c/mcdavid-hex-tight-with-knee-pads-3-4-valge-xnml.jpg,Mcdavid,59.00 EUR,in_stock,Streetbrand OÜ,EE,true,false,true
414R_BK_RG_CNF,Knee strap,Spordiriided ballzy veebipoest. Vaata lähemalt ballzy.eu.,https://ballzy.eu/et/product/knee-strap-414r-bk-rg-cnf,https://backend.ballzy.eu/media/catalog/product/m/c/mcdavid-knee-strap-must-icol.jpg,Mcdavid,24.00 EUR,in_stock,Streetbrand OÜ,EE,true,false,true
513R_BK_S_M_CNF,Wrist sleeve,Spordiriided ballzy veebipoest. Vaata lähemalt ballzy.eu.,https://ballzy.eu/et/product/wrist-sleeve-513r-bk-s-m-cnf,https://backend.ballzy.eu/media/catalog/product/m/c/mcdavid-wrist-sleeve-must-kqkr.jpg,Mcdavid,19.00 EUR,in_stock,Streetbrand OÜ,EE,true,false,true
6446R_BK_S_CNF,Hex leg sleeves,Spordiriided ballzy veebipoest. Vaata lähemalt ballzy.eu.,https://ballzy.eu/et/product/hex-leg-sleeves-6446r-bk-s-cnf,https://backend.ballzy.eu/media/catalog/product/m/c/mcdavid-hex-leg-sleeves-must-lgt4.jpg,Mcdavid,39.00 EUR,in_stock,Streetbrand OÜ,EE,true,false,true
6446R_RY_S_CNF,Hex leg sleeves,Spordiriided ballzy veebipoest. Vaata lähemalt ballzy.eu.,https://ballzy.eu/et/product/hex-leg-sleeves-6446r-ry-s-cnf,https://backend.ballzy.eu/media/catalog/product/m/c/mcdavid-hex-leg-sleeves-sinine-35vg.jpg,Mcdavid,39.00 EUR,in_stock,Streetbrand OÜ,EE,true,false,true
6446R_SC_S_CNF,Hex leg sleeves,Spordiriided ballzy veebipoest. Vaata lähemalt ballzy.eu.,https://ballzy.eu/et/product/hex-leg-sleeves-6446r-sc-s-cnf,https://backend.ballzy.eu/media/catalog/product/m/c/mcdavid-hex-leg-sleeves-punane-iaqa.jpg,Mcdavid,39.00 EUR,in_stock,Streetbrand OÜ,EE,true,false,true
6446R_WH_S_CNF,Hex leg sleeves,Spordiriided ballzy veebipoest. Vaata lähemalt ballzy.eu.,https://ballzy.eu/et/product/hex-leg-sleeves-6446r-wh-s-cnf,https://backend.ballzy.eu/media/catalog/product/m/c/mcdavid-hex-leg-sleeves-valge-sq2i.jpg,Mcdavid,39.00 EUR,in_stock,Streetbrand OÜ,EE,true,false,true
6500R_RY_S_CNF,Hex shooter arm sleeve,Spordiriided ballzy veebipoest. Vaata lähemalt ballzy.eu.,https://ballzy.eu/et/product/hex-shooter-arm-sleeve-6500r-ry-s-cnf,https://backend.ballzy.eu/media/catalog/product/m/c/mcdavid-hex-shooter-arm-sleeve-sinine-zdo6.jpg,Mcdavid,29.00 EUR,in_stock,Streetbrand OÜ,EE,true,false,true
6566R_RY_S_M_CNF,Compression arm sleeve,Spordiriided ballzy veebipoest. Vaata lähemalt ballzy.eu.,https://ballzy.eu/et/product/compression-arm-sleeve-6566r-ry-s-m-cnf,https://backend.ballzy.eu/media/catalog/product/m/c/mcdavid-compression-arm-sleeve-sinine-nwpz.jpg,Mcdavid,29.00 EUR,in_stock,Streetbrand OÜ,EE,true,false,true
6566R_SC_S_M_CNF,Compression arm sleeve,Spordiriided ballzy veebipoest. Vaata lähemalt ballzy.eu.,https://ballzy.eu/et/product/compression-arm-sleeve-6566r-sc-s-m-cnf,https://backend.ballzy.eu/media/catalog/product/m/c/mcdavid-compression-arm-sleeve-punane-5t5c.jpg,Mcdavid,29.00 EUR,in_stock,Streetbrand OÜ,EE,true,false,true
6566R_WH_S_M_CNF,Compression arm sleeve,Spordiriided ballzy veebipoest. Vaata lähemalt ballzy.eu.,https://ballzy.eu/et/product/compression-arm-sleeve-6566r-wh-s-m-cnf,https://backend.ballzy.eu/media/catalog/product/m/c/mcdavid-compression-arm-sleeve-valge-wiga.jpg,Mcdavid,29.00 EUR,in_stock,Streetbrand OÜ,EE,true,false,true
7374R_BK_S_CNF,Hex thudd 5-pad 3/4 tight,Spordiriided ballzy veebipoest. Vaata lähemalt ballzy.eu.,https://ballzy.eu/et/product/hex-thudd-5-pad-3-4-tight-7374r-bk-s-cnf,https://backend.ballzy.eu/media/catalog/product/m/c/mcdavid-hex-thudd-5-pad-3-4-tight-must-ggyy.jpg,Mcdavid,79.00 EUR,in_stock,Streetbrand OÜ,EE,true,false,true
7374R_WH_S_CNF,Hex thudd 5-pad 3/4 tight,Spordiriided ballzy veebipoest. Vaata lähemalt ballzy.eu.,https://ballzy.eu/et/product/hex-thudd-5-pad-3-4-tight-7374r-wh-s-cnf,https://backend.ballzy.eu/media/catalog/product/m/c/mcdavid-hex-thudd-5-pad-3-4-tight-valge-kedp.jpg,Mcdavid,79.00 EUR,in_stock,Streetbrand OÜ,EE,true,false,true
7963R_BK_S_CNF,Hextm tank shirt,Spordiriided ballzy veebipoest. Vaata lähemalt ballzy.eu.,https://ballzy.eu/et/product/hextm-tank-shirt-7963r-bk-s-cnf,https://backend.ballzy.eu/media/catalog/product/m/c/mcdavid-hextm-tank-shirt-must-cbpn.jpg,Mcdavid,74.00 EUR,in_stock,Streetbrand OÜ,EE,true,false,true
7963R_WH_S_CNF,Hextm tank shirt,Spordiriided ballzy veebipoest. Vaata lähemalt ballzy.eu.,https://ballzy.eu/et/product/hextm-tank-shirt-7963r-wh-s-cnf,https://backend.ballzy.eu/media/catalog/product/m/c/mcdavid-hextm-tank-shirt-valge-rhrl.jpg,Mcdavid,74.00 EUR,in_stock,Streetbrand OÜ,EE,true,false,true
7991R_BK_S_CNF,Hex shorts with contoured wrap-around thigh,Spordiriided ballzy veebipoest. Vaata lähemalt ballzy.eu.,https://ballzy.eu/et/product/hex-shorts-with-contoured-wrap-around-thigh-7991r-bk-s-cnf,https://backend.ballzy.eu/media/catalog/product/m/c/mcdavid-hex-shorts-with-contoured-wrap-around-thigh-must-gme8.jpg,Mcdavid,79.00 EUR,in_stock,Streetbrand OÜ,EE,true,false,true
7991R_WH_S_CNF,Hex shorts with contoured wrap-around thigh,Spordiriided ballzy veebipoest. Vaata lähemalt ballzy.eu.,https://ballzy.eu/et/product/hex-shorts-with-contoured-wrap-around-thigh-7991r-wh-s-cnf,https://backend.ballzy.eu/media/catalog/product/m/c/mcdavid-hex-shorts-with-contoured-wrap-around-thigh-valge-qocw.jpg,Mcdavid,79.00 EUR,in_stock,Streetbrand OÜ,EE,true,false,true
MA0957_023_O_S_CNF,Jam collectors crossbody bag,Spordiriided ballzy veebipoest. Vaata lähemalt ballzy.eu.,https://ballzy.eu/et/product/jam-collectors-crossbody-bag-ma0957-023-o-s-cnf,https://backend.ballzy.eu/media/catalog/product/n/i/nike-jam-collectors-crossbody-bag-must-tkla.jpg,Jordan,59.00 EUR,in_stock,Streetbrand OÜ,EE,true,false,true
N1009738_013_1SIZE_CNF,Nike icon af1 card wallet,Spordiriided ballzy veebipoest. Vaata lähemalt ballzy.eu.,https://ballzy.eu/et/product/nike-icon-af1-card-wallet-n1009738-013-1size-cnf,https://backend.ballzy.eu/media/catalog/product/n/i/nike-nike-icon-af1-card-wallet-must-tdqa.jpg,Nike,24.00 EUR,in_stock,Streetbrand OÜ,EE,true,false,true
N1009738_173_1SIZE_CNF,Nike icon af1 card wallet,Spordiriided ballzy veebipoest. Vaata lähemalt ballzy.eu.,https://ballzy.eu/et/product/nike-icon-af1-card-wallet-n1009738-173-1size-cnf,https://backend.ballzy.eu/media/catalog/product/n/i/nike-nike-icon-af1-card-wallet-punane-w6lj.jpg,Nike,24.00 EUR,in_stock,Streetbrand OÜ,EE,true,false,true
N1009738_176_1SIZE_CNF,Nike icon af1 card wallet,Spordiriided ballzy veebipoest. Vaata lähemalt ballzy.eu.,https://ballzy.eu/et/product/nike-icon-af1-card-wallet-n1009738-176-1size-cnf,https://backend.ballzy.eu/media/catalog/product/n/i/nike-nike-icon-af1-card-wallet-valge-qfd9.jpg,Nike,24.00 EUR,in_stock,Streetbrand OÜ,EE,true,false,true
N1009741_010_1SIZE_CNF,Nike club pool towel,Spordiriided ballzy veebipoest. Vaata lähemalt ballzy.eu.,https://ballzy.eu/et/product/nike-club-pool-towel-n1009741-010-1size-cnf,https://backend.ballzy.eu/media/catalog/product/n/i/nike-nike-club-pool-towel-must-86e1.jpg,Nike,49.00 EUR,in_stock,Streetbrand OÜ,EE,true,false,true
N1009949_091_1SIZE_CNF,Nike icon blazer wristlet large,Spordiriided ballzy veebipoest. Vaata lähemalt ballzy.eu.,https://ballzy.eu/et/product/nike-icon-blazer-wristlet-large-n1009949-091-1size-cnf,https://backend.ballzy.eu/media/catalog/product/n/i/nike-nike-icon-blazer-wristlet-large-must-xdgk.jpg,Nike,44.00 EUR,in_stock,Streetbrand OÜ,EE,true,false,true
FB7950_084_2XL_CNF,M np df 3qt tight,"nike pro kollektsiooni eesmärk on tunda end enesekindlalt ja anda endast parim. need õhukesed 3/4-pikkused sukkpüksid on siledad ja venivad, mis on loodud kõigi teie lemmikspordialade ja -tegevuste sooritamiseks&hellip; toote omadused: nike dri-fit tehnoloogia juhib higi nahast eemale, et see aurustuks kiiremini, aidates sul kuivana ja mugavalt püsida&hellip; veniv trikookangas annab kehaümbermõõdu, et saaksid treeningute ja tegevuste ajal loomulikult liikuda&hellip; pehme ja ven Vaata lähemalt ballzy.eu.",https://ballzy.eu/et/product/m-np-df-3qt-tight-fb7950-084-2xl-cnf,https://backend.ballzy.eu/media/catalog/product/n/i/nike-m-np-df-3qt-tight-hall-xlvi.jpg,Nike,49.00 EUR,in_stock,Streetbrand OÜ,EE,true,false,true
6566_WHI_S_M_CNF,Mcd compression arm sleeve,The sleeve is engineered to fit comfortably from the mid-arm to the wrist and includes mcdavids premium ultra hdc™ moisture management technology to insure comfort. Vaata lähemalt ballzy.eu.,https://ballzy.eu/et/product/mcd-compression-arm-sleeve-6566-whi-s-m-cnf,https://backend.ballzy.eu/media/catalog/product/m/c/mcdavid-mcd-compression-arm-sleeve-valge-3swq.jpg,Mcdavid,24.00 EUR,in_stock,Streetbrand OÜ,EE,true,false,true
FB7914_100_2XL_CNF,M np df top sl tight,"nike pro kollektsioon tähendab enesekindlust, ükskõik, kus sa oma treeningute teekonnal oled. see õhukese istuv varrukateta top on sile ja veniv, et hoida sind mugavalt sportides ja tegevustes, mida sa armastad. lisaks sellele on meie disainerid loonud ümarad servad, mis tagavad täiendava katvuse, kui see on lahti võetud, ja turvalisema tunde, kui see on kinni pandud&hellip; tooteomadused: nike dri-fit tehnoloogia juhib higi nahast eemale, et see aurustuks kiiremini, aidates sul Vaata lähemalt ballzy.eu.",https://ballzy.eu/et/product/m-np-df-top-sl-tight-fb7914-100-2xl-cnf,https://backend.ballzy.eu/media/catalog/product/n/i/nike-m-np-df-top-sl-tight-valge-zt2l.jpg,Nike,44.00 EUR,in_stock,Streetbrand OÜ,EE,true,false,true
FB7914_084_L_CNF,M np df top sl tight,"nike pro kollektsioon tähendab enesekindlust, ükskõik, kus sa oma treeningute teekonnal oled. see õhukese istuv varrukateta top on sile ja veniv, et hoida sind mugavalt sportides ja tegevustes, mida sa armastad. lisaks sellele on meie disainerid loonud ümarad servad, mis tagavad täiendava katvuse, kui see on lahti võetud, ja turvalisema tunde, kui see on kinni pandud&hellip; tooteomadused: nike dri-fit tehnoloogia juhib higi nahast eemale, et see aurustuks kiiremini, aidates sul Vaata lähemalt ballzy.eu.",https://ballzy.eu/et/product/m-np-df-top-sl-tight-fb7914-084-l-cnf,https://backend.ballzy.eu/media/catalog/product/n/i/nike-m-np-df-top-sl-tight-hall-cbrs.jpg,Nike,44.00 EUR,in_stock,Streetbrand OÜ,EE,true,false,true
FB7952_010_S_CNF,M np df tight,"nike pro kollektsiooni eesmärk on tunda end kindlalt ja anda endast parim, olenemata sellest, kus sa oma treeningute teekonnal oled. need õhukesed sukkpüksid on sileda ja veniva tundega, mis on loodud selleks, et sooritada kõiki sinu lemmikspordialasid ja -harrastusi&hellip; toote omadused: nike dri-fit tehnoloogia viib higi nahast eemale, et see aurustuks kiiremini, aidates sul jääda kuivaks ja mugavaks&hellip; veniv trikookangas annab kehakinnituse, et saaksid liikuda loomuliku Vaata lähemalt ballzy.eu.",https://ballzy.eu/et/product/m-np-df-tight-fb7952-010-s-cnf,https://backend.ballzy.eu/media/catalog/product/n/i/nike-m-np-df-tight-must-ztwr.jpg,Nike,49.00 EUR,in_stock,Streetbrand OÜ,EE,true,false,true
FV8634_010_L_CNF,M j df sprt 3qt tight,"need 3/4-pikkused sukkpüksid aitavad sul esineda alates välitingimustes toimuvast hoopis jalgade päevast. need 3/4-pikkused sukkpüksid on valmistatud siledast, venivast kangast, mis haarab teie keha ja annab lisatoe, lisaks näevad need hästi välja lühikeste pükste alt väljaulatuvalt. ja me oleme katnud teid meediataskutega, et saaksite oma telefoni turvaliselt kinnitada&hellip; toote omadused: nike dri-fit tehnoloogia viib higi nahast eemale, et see aurustuks kiiremini, aidates s Vaata lähemalt ballzy.eu.",https://ballzy.eu/et/product/m-j-df-sprt-3qt-tight-fv8634-010-l-cnf,https://backend.ballzy.eu/media/catalog/product/j/o/jordan-m-j-df-sprt-3qt-tight-must-f8wr.jpg,Jordan,39.00 EUR,in_stock,Streetbrand OÜ,EE,true,false,true
FV8634_100_L_CNF,M j df sprt 3qt tight,"need 3/4-pikkused sukkpüksid aitavad sul esineda alates välitingimustes toimuvast hoopis jalgade päevast. need 3/4-pikkused sukkpüksid on valmistatud siledast, venivast kangast, mis haarab teie keha ja annab lisatoe, lisaks näevad need hästi välja lühikeste pükste alt väljaulatuvalt. ja me oleme katnud teid meediataskutega, et saaksite oma telefoni turvaliselt kinnitada&hellip; toote omadused: nike dri-fit tehnoloogia viib higi nahast eemale, et see aurustuks kiiremini, aidates s Vaata lähemalt ballzy.eu.",https://ballzy.eu/et/product/m-j-df-sprt-3qt-tight-fv8634-100-l-cnf,https://backend.ballzy.eu/media/catalog/product/j/o/jordan-m-j-df-sprt-3qt-tight-valge-luja.jpg,Jordan,42.00 EUR,in_stock,Streetbrand OÜ,EE,true,false,true
FZ6370_010_MISC_CNF,Nk elemental pro wp - sf adv,"ärge laske ilmadel end takistama hakata. nike storm-fit tehnoloogia aitab vastu seista sellistele elementidele nagu tuul ja vesi, et su riietus püsiks kuivana ka karmides ilmastikutingimustes, nii et sa saaksid aastaajast sõltumata tegutseda. ja suur lukuga lukuga sektsioon ja peegeldav lukuga esitasku aitavad teil püsida organiseeritud&hellip; toote üksikasjad: 16"" l x 4"" w x 6"" h. reguleeritav rihm. väline d-rõngas. helkurdetailid. ei ole mõeldud kasutamiseks isikukaitsevahendi Vaata lähemalt ballzy.eu.",https://ballzy.eu/et/product/nk-elemental-pro-wp-sf-adv-fz6370-010-misc-cnf,https://backend.ballzy.eu/media/catalog/product/n/i/nike-nk-elemental-pro-wp-sf-adv-must-5j1a.jpg,Nike,74.00 EUR,in_stock,Streetbrand OÜ,EE,true,false,true
HF8106_010_MISC_CNF,Nk nsw cargo crossbody,"selle ristkoti abil saad käed vabaks. tagaosas asuv lukuga lukuga sektsioon, kiirlukk ja reguleeritav rihm muudavad teie asjadele ligipääsu lihtsaks. see on kott, mis paneb ""go"" kaubas &hellip; tooteomadused: see on kott, mis paneb ""go"" kaubas&hellip;: magnet-klapi sulgemine kindlustab põhikambri&hellip; sisemine libisemistasku aitab organiseerida väiksemaid esemeid&hellip; veekindel materjal aitab lihtsustada kohapuhastust&hellip; toote omaduste alapealkirjad: tootedetailid: 8"" Vaata lähemalt ballzy.eu.",https://ballzy.eu/et/product/nk-nsw-cargo-crossbody-hf8106-010-misc-cnf,https://backend.ballzy.eu/media/catalog/product/n/i/nike-nk-nsw-cargo-crossbody-must-irza.jpg,Nike,74.00 EUR,in_stock,Streetbrand OÜ,EE,true,false,true
HJ8329_010_MISC_CNF,Nk hrtge crssby-airmax 95,Spordiriided ballzy veebipoest. Vaata lähemalt ballzy.eu.,https://ballzy.eu/et/product/nk-hrtge-crssby-airmax-95-hj8329-010-misc-cnf,https://backend.ballzy.eu/media/catalog/product/n/i/nike-nk-hrtge-crssby-airmax-95-must-ngjf.jpg,Nike,39.00 EUR,in_stock,Streetbrand OÜ,EE,true,false,true
FN4120_010_MISC_CNF,Nk utility power bkpk - 2.0,"teie elu ei ole ühemõõtmeline, seega ei tohiks ka teie kott olla ühemõõtmeline. hoidke oma tööelu ja mängimine lahus, kasutades eraldi sisemisi lahtreid sülearvuti, telefoni ja jalatsite jaoks. samuti on kolm välist lukuga välistaskut väikeste oluliste asjade jaoks, et hoida teid organiseerituna&hellip; tooteomadused: lukuga taskusse mahub kuni 16"" sülearvuti&hellip; pehmendusega selja- ja õlarihmad aitavad teil end mugavalt hoida&hellip; küljetaskud mahutavad veepudeli või muud Vaata lähemalt ballzy.eu.",https://ballzy.eu/et/product/nk-utility-power-bkpk-2-0-fn4120-010-misc-cnf,https://backend.ballzy.eu/media/catalog/product/n/i/nike-nk-utility-power-bkpk-2-0-must-d8nx.jpg,Nike,109.00 EUR,in_stock,Streetbrand OÜ,EE,true,false,true
HV5148_600_10_CNF,Lebron xxii xmas,Spordiriided ballzy veebipoest. Vaata lähemalt ballzy.eu.,https://ballzy.eu/et/product/lebron-xxii-xmas-hv5148-600-10-cnf,https://backend.ballzy.eu/media/catalog/product/n/i/nike-lebron-xxii-xmas-punane-hhkt.jpg,Nike,209.00 EUR,in_stock,Streetbrand OÜ,EE,true,false,true
31140101_8_CNF,Mb.01 alien,Spordiriided ballzy veebipoest. Vaata lähemalt ballzy.eu.,https://ballzy.eu/et/product/mb-01-alien-31140101-8-cnf,https://backend.ballzy.eu/media/catalog/product/p/u/puma-mb-01-alien-roheline-gzh8.jpg,Puma,149.00 EUR,in_stock,Streetbrand OÜ,EE,true,false,true
31158001_8_CNF,Mb.01 tmnt baxter stockman,Spordiriided ballzy veebipoest. Vaata lähemalt ballzy.eu.,https://ballzy.eu/et/product/mb-01-tmnt-baxter-stockman-31158001-8-cnf,https://backend.ballzy.eu/media/catalog/product/p/u/puma-mb-01-tmnt-baxter-stockman-must-aurd.jpg,Puma,149.00 EUR,in_stock,Streetbrand OÜ,EE,true,false,true
63075601_S_CNF,"Melo alwayz on 1 7"" is short",Spordiriided ballzy veebipoest. Vaata lähemalt ballzy.eu.,https://ballzy.eu/et/product/melo-alwayz-on-1-7-is-short-63075601-s-cnf,https://backend.ballzy.eu/media/catalog/product/p/u/puma-melo-alwayz-on-1-7-is-short-must-p2v1.jpg,Puma,59.00 EUR,in_stock,Streetbrand OÜ,EE,true,false,true
FB7958_084_L_CNF,M np df short,Spordiriided ballzy veebipoest. Vaata lähemalt ballzy.eu.,https://ballzy.eu/et/product/m-np-df-short-fb7958-084-l-cnf,https://backend.ballzy.eu/media/catalog/product/n/i/nike-m-np-df-short-hall-ai7b.jpg,Nike,39.00 EUR,in_stock,Streetbrand OÜ,EE,true,false,true
FB7958_412_2XL_CNF,M np df short,"nike pro kollektsiooni eesmärk on tunda end kindlalt, et anda endast parim. need lühikesed püksid on sileda ja veniva tundega, mis'on loodud kõigi teie lemmikspordialade ja -harjutuste jaoks&hellip; toote omadused: nike dri-fit tehnoloogia juhib higi nahast eemale, et see aurustuks kiiremini, aidates sul kuivana ja mugavalt püsida&hellip; veniv trikookangas annab kehakinnituse, et saaksid loomulikult liikuda treeningute ja harjutuste ajal&hellip; pehme ja veniv vöökoht istub puus Vaata lähemalt ballzy.eu.",https://ballzy.eu/et/product/m-np-df-short-fb7958-412-2xl-cnf,https://backend.ballzy.eu/media/catalog/product/n/i/nike-m-np-df-short-sinine-dpqs.jpg,Nike,39.00 EUR,in_stock,Streetbrand OÜ,EE,true,false,true
HF1820_700_10_CNF,Giannis freak 6 nrg,Spordiriided ballzy veebipoest. Vaata lähemalt ballzy.eu.,https://ballzy.eu/et/product/giannis-freak-6-nrg-hf1820-700-10-cnf,https://backend.ballzy.eu/media/catalog/product/n/i/nike-giannis-freak-6-nrg-multicolor-k6ev.jpg,Nike,159.00 EUR,in_stock,Streetbrand OÜ,EE,true,false,true
HF9910_376_L_CNF,M j df sprt dmnd short,"sa tead seda, sa armastad seda: the diamond short. hingav võrk ja see klassikaline stiil saavad kokku, nii et saad anda väljakul endast kõik ja seejuures hästi välja näha&hellip; toote omadused: nike dri-fit tehnoloogia viib higi nahast eemale, et see aurustuks kiiremini, aidates sul kuivana ja mugavalt püsida&hellip; võrgukangas on kerge ja hingav&hellip; tõmblukk vöökohal võimaldab pükse tihedalt kinni tõmmata&hellip; toote omaduste alapealkirjad: tootedetailid: 100% polüester. Vaata lähemalt ballzy.eu.",https://ballzy.eu/et/product/m-j-df-sprt-dmnd-short-hf9910-376-l-cnf,https://backend.ballzy.eu/media/catalog/product/j/o/jordan-m-j-df-sprt-dmnd-short-roheline-ucx6.jpg,Jordan,54.00 EUR,in_stock,Streetbrand OÜ,EE,true,false,true
HV5884_300_10_CNF,Jordan tatum 3,Spordiriided ballzy veebipoest. Vaata lähemalt ballzy.eu.,https://ballzy.eu/et/product/jordan-tatum-3-hv5884-300-10-cnf,https://backend.ballzy.eu/media/catalog/product/j/o/jordan-jordan-tatum-3-roheline-pxb6.jpg,Jordan,149.00 EUR,in_stock,Streetbrand OÜ,EE,true,false,true
IB7137_400_10_CNF,Jordan heir,Spordiriided ballzy veebipoest. Vaata lähemalt ballzy.eu.,https://ballzy.eu/et/product/jordan-heir-ib7137-400-10-cnf,https://backend.ballzy.eu/media/catalog/product/j/o/jordan-jordan-heir-sinine-2hfm.jpg,Jordan,129.00 EUR,in_stock,Streetbrand OÜ,EE,true,false,true
31126201_8_CNF,All-pro nitro elite,Spordiriided ballzy veebipoest. Vaata lähemalt ballzy.eu.,https://ballzy.eu/et/product/all-pro-nitro-elite-31126201-8-cnf,https://backend.ballzy.eu/media/catalog/product/p/u/puma-all-pro-nitro-elite-multicolor-tk8f.jpg,Puma,259.00 EUR,in_stock,Streetbrand OÜ,EE,true,false,true
3027630_001_44.5_CNF,Curry 12,Spordiriided ballzy veebipoest. Vaata lähemalt ballzy.eu.,https://ballzy.eu/et/product/curry-12-3027630-001-44-5-cnf,https://backend.ballzy.eu/media/catalog/product/u/n/under-armour-curry-12-must-pkvc.jpg,Under Armour,169.00 EUR,in_stock,Streetbrand OÜ,EE,true,false,true
3027632_100_44.5_CNF,Curry 12,Spordiriided ballzy veebipoest. Vaata lähemalt ballzy.eu.,https://ballzy.eu/et/product/curry-12-3027632-100-44-5-cnf,https://backend.ballzy.eu/media/catalog/product/u/n/under-armour-curry-12-valge-ccor.jpg,Under Armour,169.00 EUR,in_stock,Streetbrand OÜ,EE,true,false,true
3027633_001_44.5_CNF,Curry 12,Spordiriided ballzy veebipoest. Vaata lähemalt ballzy.eu.,https://ballzy.eu/et/product/curry-12-3027633-001-44-5-cnf,https://backend.ballzy.eu/media/catalog/product/u/n/under-armour-curry-12-must-hxat.jpg,Under Armour,169.00 EUR,in_stock,Streetbrand OÜ,EE,true,false,true
3027724_600_44.5_CNF,Curry 11,Spordiriided ballzy veebipoest. Vaata lähemalt ballzy.eu.,https://ballzy.eu/et/product/curry-11-3027724-600-44-5-cnf,https://backend.ballzy.eu/media/catalog/product/u/n/under-armour-curry-11-roosa-e3zj.jpg,Under Armour,169.00 EUR,in_stock,Streetbrand OÜ,EE,true,false,true
3027725_400_44.5_CNF,Curry 11,Spordiriided ballzy veebipoest. Vaata lähemalt ballzy.eu.,https://ballzy.eu/et/product/curry-11-3027725-400-44-5-cnf,https://backend.ballzy.eu/media/catalog/product/u/n/under-armour-curry-11-sinine-qjtq.jpg,Under Armour,169.00 EUR,in_stock,Streetbrand OÜ,EE,true,false,true
JH6627_8_CNF,Dame 9,"damian lillardi-suguse mängupildi muutva superstaari jaoks on muutused paratamatud. dame´i ja adidas basketballi uusimad signature´i kingad võtavad omaks arenguvaimu, mis viis dame´i tähelepanuta jäänud ja alahinnatud mängijast maailma kõrgeimale korvpallitasemele. täiesti uus disain on kergem ja voolujoonelisem, ühendades sisemise jalanõude mugava istuvuse täispika torsion bariga, mis tagab külgmise jäikuse, ja ülikerge lightstrike-välipinnaga jalalaba all, mis hoiab sind tippki Vaata lähemalt ballzy.eu.",https://ballzy.eu/et/product/dame-9-jh6627-8-cnf,https://backend.ballzy.eu/media/catalog/product/a/d/adidas-performance-dame-9-multicolor-mops.jpg,adidas Performance,119.00 EUR,in_stock,Streetbrand OÜ,EE,true,false,true
SX7589_101_M_CNF,U jordan crew - nba,"focused footwork: nba edition&hellip; jordan nba crew sokid pakuvad toetavat istuvust ja tunnetust. ümbritsev kaareriba haarab jalga, samal ajal kui tsooniline pehmendus aitab põrutusi neelata, kui jooksete väljakul&hellip; toote omadused: zonaalne pehmendus aitab absorbeerida lööki&hellip; kaarepael pakub mugavat ja turvalist istuvust&hellip; toote omaduste alapealkirjad: higi eemaldav tehnoloogia aitab sul kuivana ja mugavalt püsida&hellip; toote omaduste alapealkirjad: higi ee Vaata lähemalt ballzy.eu.",https://ballzy.eu/et/product/u-jordan-crew-nba-sx7589-101-m-cnf,https://backend.ballzy.eu/media/catalog/product/j/o/jordan-u-jordan-crew-nba-valge-3wbx.jpg,Jordan,19.00 EUR,in_stock,Streetbrand OÜ,EE,true,false,true
HV5882_100_10_CNF,Jordan tatum 3,Spordiriided ballzy veebipoest. Vaata lähemalt ballzy.eu.,https://ballzy.eu/et/product/jordan-tatum-3-hv5882-100-10-cnf,https://backend.ballzy.eu/media/catalog/product/j/o/jordan-jordan-tatum-3-multicolor-ezgc.jpg,Jordan,149.00 EUR,in_stock,Streetbrand OÜ,EE,true,false,true
FB2599_106_8_CNF,Air zoom g.t. cut academy,Spordiriided ballzy veebipoest. Vaata lähemalt ballzy.eu.,https://ballzy.eu/et/product/air-zoom-g-t-cut-academy-fb2599-106-8-cnf,https://backend.ballzy.eu/media/catalog/product/n/i/nike-air-zoom-g-t-cut-academy-multicolor-m5bm.jpg,Nike,114.00 EUR,in_stock,Streetbrand OÜ,EE,true,false,true
SX7677_964_S_CNF,U nk ed ltwt ankle 3p 132,Spordiriided ballzy veebipoest. Vaata lähemalt ballzy.eu.,https://ballzy.eu/et/product/u-nk-ed-ltwt-ankle-3p-132-sx7677-964-s-cnf,https://backend.ballzy.eu/media/catalog/product/n/i/nike-u-nk-ed-ltwt-ankle-3p-132-multicolor-ua30.jpg,Nike,19.00 EUR,in_stock,Streetbrand OÜ,EE,true,false,true
8306SPCN_CNF,"Pump 12"" w/needle in sleeve",Spordiriided ballzy veebipoest. Vaata lähemalt ballzy.eu.,https://ballzy.eu/et/product/pump-12-w-needle-in-sleeve-8306spcn-cnf,https://backend.ballzy.eu/media/catalog/product/s/p/spalding-pump-12-w-needle-in-sleeve-multicolor-6azo.jpg,Spalding,9.00 EUR,in_stock,Streetbrand OÜ,EE,true,false,true
8309SPCN_CNF,Whistle metal w/lanyard,Spordiriided ballzy veebipoest. Vaata lähemalt ballzy.eu.,https://ballzy.eu/et/product/whistle-metal-w-lanyard-8309spcn-cnf,https://backend.ballzy.eu/media/catalog/product/s/p/spalding-whistle-metal-w-lanyard-multicolor-plgp.jpg,Spalding,9.00 EUR,in_stock,Streetbrand OÜ,EE,true,false,true
8464SPCN_CNF,Needles 3 metal 1pla,Spordiriided ballzy veebipoest. Vaata lähemalt ballzy.eu.,https://ballzy.eu/et/product/needles-3-metal-1pla-8464spcn-cnf,https://backend.ballzy.eu/media/catalog/product/s/p/spalding-needles-3-metal-1pla-multicolor-f846.jpg,Spalding,5.00 EUR,in_stock,Streetbrand OÜ,EE,true,false,true
FN4106_006_MISC_CNF,Nk utility speed bkpk - 2.0,Spordiriided ballzy veebipoest. Vaata lähemalt ballzy.eu.,https://ballzy.eu/et/product/nk-utility-speed-bkpk-2-0-fn4106-006-misc-cnf,https://backend.ballzy.eu/media/catalog/product/n/i/nike-nk-utility-speed-bkpk-2-0-multicolor-112w.jpg,Nike,94.00 EUR,in_stock,Streetbrand OÜ,EE,true,false,true
FN4208_010_MISC_CNF,Nk utility m power duff - 2.0,"utility duffel bag võimaldab sul otse higistamise juurde minna, sest see on varustatud mitmete taskutega, mis aitavad sind organiseerida. vahetusriided ja tossud mahuvad põhikambrisse, samal ajal kui välised tõmblukuga taskud on ideaalsed kiireks juurdepääsuks kõigile teie väikestele hädavajalikele asjadele&hellip; tooteomadused: reguleeritav õlarihm ja tõmbekäepidemed üleval ja küljel annavad teile mugavad kandmisvõimalused&hellip; tihealt kootud polüester pakub rasket tuge&hell Vaata lähemalt ballzy.eu.",https://ballzy.eu/et/product/nk-utility-m-power-duff-2-0-fn4208-010-misc-cnf,https://backend.ballzy.eu/media/catalog/product/n/i/nike-nk-utility-m-power-duff-2-0-must-b7kk.jpg,Nike,84.00 EUR,in_stock,Streetbrand OÜ,EE,true,false,true
FQ4346_504_S_CNF,Lal mnk df swgmn jsy ce 24,Spordiriided ballzy veebipoest. Vaata lähemalt ballzy.eu.,https://ballzy.eu/et/product/lal-mnk-df-swgmn-jsy-ce-24-fq4346-504-s-cnf,https://backend.ballzy.eu/media/catalog/product/n/i/nike-lal-mnk-df-swgmn-jsy-ce-24-multicolor-wpex.jpg,Nike,124.00 EUR,in_stock,Streetbrand OÜ,EE,true,false,true
FV5524_500_8.5_CNF,G.t. jump academy,Spordiriided ballzy veebipoest. Vaata lähemalt ballzy.eu.,https://ballzy.eu/et/product/g-t-jump-academy-fv5524-500-8-5-cnf,https://backend.ballzy.eu/media/catalog/product/n/i/nike-g-t-jump-academy-multicolor-2zsd.jpg,Nike,94.00 EUR,in_stock,Streetbrand OÜ,EE,true,false,true
HJ1946_515_S_CNF,M nk club flow wash short,Spordiriided ballzy veebipoest. Vaata lähemalt ballzy.eu.,https://ballzy.eu/et/product/m-nk-club-flow-wash-short-hj1946-515-s-cnf,https://backend.ballzy.eu/media/catalog/product/n/i/nike-m-nk-club-flow-wash-short-multicolor-2uco.jpg,Nike,59.00 EUR,in_stock,Streetbrand OÜ,EE,true,false,true
HJ9109_300_8.5_CNF,Giannis freak 6 nrg,Spordiriided ballzy veebipoest. Vaata lähemalt ballzy.eu.,https://ballzy.eu/et/product/giannis-freak-6-nrg-hj9109-300-8-5-cnf,https://backend.ballzy.eu/media/catalog/product/n/i/nike-giannis-freak-6-nrg-multicolor-pwem.jpg,Nike,159.00 EUR,in_stock,Streetbrand OÜ,EE,true,false,true
HM5667_010_S_CNF,K nk tee kobe,Spordiriided ballzy veebipoest. Vaata lähemalt ballzy.eu.,https://ballzy.eu/et/product/k-nk-tee-kobe-hm5667-010-s-cnf,https://backend.ballzy.eu/media/catalog/product/n/i/nike-k-nk-tee-kobe-multicolor-bfi5.jpg,Nike,34.00 EUR,in_stock,Streetbrand OÜ,EE,true,false,true
IB7272_309_S_CNF,M j mvp flc short lb,Spordiriided ballzy veebipoest. Vaata lähemalt ballzy.eu.,https://ballzy.eu/et/product/m-j-mvp-flc-short-lb-ib7272-309-s-cnf,https://backend.ballzy.eu/media/catalog/product/j/o/jordan-m-j-mvp-flc-short-lb-multicolor-gtco.jpg,Jordan,69.00 EUR,in_stock,Streetbrand OÜ,EE,true,false,true
IB8413_480_S_CNF,M nk club knit short official,Spordiriided ballzy veebipoest. Vaata lähemalt ballzy.eu.,https://ballzy.eu/et/product/m-nk-club-knit-short-official-ib8413-480-s-cnf,https://backend.ballzy.eu/media/catalog/product/n/i/nike-m-nk-club-knit-short-official-multicolor-jhvl.jpg,Nike,49.00 EUR,in_stock,Streetbrand OÜ,EE,true,false,true
SX7589_010_XL_CNF,U jordan crew - nba,Spordiriided ballzy veebipoest. Vaata lähemalt ballzy.eu.,https://ballzy.eu/et/product/u-jordan-crew-nba-sx7589-010-xl-cnf,https://backend.ballzy.eu/media/catalog/product/n/i/nike-u-jordan-crew-nba-multicolor-7i2c.jpg,Nike,24.00 EUR,in_stock,Streetbrand OÜ,EE,true,false,true
95D298_001_10-12Y_CNF,Jdb mj dri-fit sport comp tigh,Spordiriided ballzy veebipoest. Vaata lähemalt ballzy.eu.,https://ballzy.eu/et/product/jdb-mj-dri-fit-sport-comp-tigh-95d298-001-10-12y-cnf,https://backend.ballzy.eu/media/catalog/product/j/o/jordan-jdb-mj-dri-fit-sport-comp-tigh-must-iqyz.jpg,Jordan,44.00 EUR,in_stock,Streetbrand OÜ,EE,true,false,true
95D298_023_10-12Y_CNF,Jdb mj dri-fit sport comp tigh,Spordiriided ballzy veebipoest. Vaata lähemalt ballzy.eu.,https://ballzy.eu/et/product/jdb-mj-dri-fit-sport-comp-tigh-95d298-023-10-12y-cnf,https://backend.ballzy.eu/media/catalog/product/j/o/jordan-jdb-mj-dri-fit-sport-comp-tigh-must-3rtw.jpg,Jordan,44.00 EUR,in_stock,Streetbrand OÜ,EE,true,false,true
JH6484_7.5_CNF,Harden volume 9,"Continuing to build on his legend and legacy, the latest signature shoes from james harden and adidas basketball are designed for players who live for the game´s biggest moments. these performance basketball shoes are designed to support the type of moves that have made harden a superstar on the hardwood and are loaded with the unique sense of style that has helped make his name off the court too. a combined boost and lightstrike midsole provides lightweight energy return to propel you towards t Vaata lähemalt ballzy.eu.",https://ballzy.eu/et/product/harden-volume-9-jh6484-7-5-cnf,https://backend.ballzy.eu/media/catalog/product/a/d/adidas-performance-harden-volume-9-roheline-eium.jpg,adidas Performance,159.00 EUR,in_stock,Streetbrand OÜ,EE,true,false,true
JI0424_7.5_CNF,Anthony edwards 1,"Lace up in the style of one of the game´s emerging superstars. these signature sneakers from adidas basketball and anthony edwards are built for certified bucket-getters. the combined boost and lightstrike midsole is ultra-lightweight and adds outstanding energy return to your most explosive moves. a rubber outsole provides all the support you need to attack the hoop, while signature anthony edwards branding completes the look. Vaata lähemalt ballzy.eu.",https://ballzy.eu/et/product/anthony-edwards-1-ji0424-7-5-cnf,https://backend.ballzy.eu/media/catalog/product/a/d/adidas-performance-anthony-edwards-1-hall-xsek.jpg,adidas Performance,139.00 EUR,in_stock,Streetbrand OÜ,EE,true,false,true
JI1545_8_CNF,Dame certified 3,"These juniors´ dame certified 3 shoes from adidas basketball are designed for serious hoopers. the lightweight build keeps you flying across the court while bounce cushioning softens each landing. no matter if running through drills at practise or dreaming of knocking down buzzer beaters, signature dame graphics inspire big game confidence every time you lace up and hit the court. Vaata lähemalt ballzy.eu.",https://ballzy.eu/et/product/dame-certified-3-ji1545-8-cnf,https://backend.ballzy.eu/media/catalog/product/a/d/adidas-performance-dame-certified-3-roosa-baez.jpg,adidas Performance,79.00 EUR,in_stock,Streetbrand OÜ,EE,true,false,true
JN0322_S_CNF,Crazylite short,"Move freely and take your game to new heights in the adidas crazy lite short. the loose fit allows for full range of motion as you drive to the hoop, while subtle detailing and adidas basketball branding let everyone know these are built for the court. climacool wicks and disperses sweat for cool, dry and distraction-free performance. whether you´re playing a pickup game at the park or suiting up for the big tournament, these shorts give you the comfort and style to play your best. climacool h Vaata lähemalt ballzy.eu.",https://ballzy.eu/et/product/crazylite-short-jn0322-s-cnf,https://backend.ballzy.eu/media/catalog/product/a/d/adidas-crazylite-short-sinine-m0ij.jpg,adidas Originals,44.00 EUR,in_stock,Streetbrand OÜ,EE,true,false,true
JR3916_4_CNF,Anthony edwards 1 j low,"Lace up in the style of one of the game´s emerging superstars. these juniors´ signature trainers from adidas basketball and anthony edwards are built for certified bucket getters. the combined boost and lightstrike midsole is ultra-lightweight and adds outstanding energy return to your most explosive moves. a rubber outsole provides all the support you need to attack the hoop, while signature anthony edwards branding completes the look. Vaata lähemalt ballzy.eu.",https://ballzy.eu/et/product/anthony-edwards-1-j-low-jr3916-4-cnf,https://backend.ballzy.eu/media/catalog/product/a/d/adidas-performance-anthony-edwards-1-j-low-multicolor-7559.jpg,adidas Performance,89.00 EUR,in_stock,Streetbrand OÜ,EE,true,false,true
IB7272_410_S_CNF,M j mvp flc short lb,Spordiriided ballzy veebipoest. Vaata lähemalt ballzy.eu.,https://ballzy.eu/et/product/m-j-mvp-flc-short-lb-ib7272-410-s-cnf,https://backend.ballzy.eu/media/catalog/product/j/o/jordan-m-j-mvp-flc-short-lb-multicolor-7hiy.jpg,Jordan,69.00 EUR,in_stock,Streetbrand OÜ,EE,true,false,true
SX2554_901_S_CNF,U nk ltwt ns 3pr-value 108,Spordiriided ballzy veebipoest. Vaata lähemalt ballzy.eu.,https://ballzy.eu/et/product/u-nk-ltwt-ns-3pr-value-108-sx2554-901-s-cnf,https://backend.ballzy.eu/media/catalog/product/n/i/nike-u-nk-ltwt-ns-3pr-value-108-multicolor-nzpy.jpg,Nike,19.00 EUR,in_stock,Streetbrand OÜ,EE,true,false,true
HF0806_001_8_CNF,Jordan luka .77,Spordiriided ballzy veebipoest. Vaata lähemalt ballzy.eu.,https://ballzy.eu/et/product/jordan-luka-77-hf0806-001-8-cnf,https://backend.ballzy.eu/media/catalog/product/j/o/jordan-jordan-luka-77-multicolor-az0w.jpg,Jordan,119.00 EUR,in_stock,Streetbrand OÜ,EE,true,false,true
HF0823_300_8_CNF,Jordan luka 4,Spordiriided ballzy veebipoest. Vaata lähemalt ballzy.eu.,https://ballzy.eu/et/product/jordan-luka-4-hf0823-300-8-cnf,https://backend.ballzy.eu/media/catalog/product/j/o/jordan-jordan-luka-4-multicolor-rlfz.jpg,Jordan,149.00 EUR,in_stock,Streetbrand OÜ,EE,true,false,true
IB1272_501_8.5_CNF,Lbj nxxt genisus qs,Spordiriided ballzy veebipoest. Vaata lähemalt ballzy.eu.,https://ballzy.eu/et/product/lbj-nxxt-genisus-qs-ib1272-501-8-5-cnf,https://backend.ballzy.eu/media/catalog/product/n/i/nike-lbj-nxxt-genisus-qs-multicolor-z6hd.jpg,Nike,189.00 EUR,in_stock,Streetbrand OÜ,EE,true,false,true
FQ3858_101_8_CNF,Jordan heir series,Spordiriided ballzy veebipoest. Vaata lähemalt ballzy.eu.,https://ballzy.eu/et/product/jordan-heir-series-fq3858-101-8-cnf,https://backend.ballzy.eu/media/catalog/product/j/o/jordan-jordan-heir-series-multicolor-plw3.jpg,Jordan,124.00 EUR,in_stock,Streetbrand OÜ,EE,true,false,true
HM5667_100_S_CNF,K nk tee kobe,Spordiriided ballzy veebipoest. Vaata lähemalt ballzy.eu.,https://ballzy.eu/et/product/k-nk-tee-kobe-hm5667-100-s-cnf,https://backend.ballzy.eu/media/catalog/product/n/i/nike-k-nk-tee-kobe-multicolor-sul8.jpg,Nike,34.00 EUR,in_stock,Streetbrand OÜ,EE,true,false,true
IB8149_100_8.5_CNF,Jordan tatum 3,Spordiriided ballzy veebipoest. Vaata lähemalt ballzy.eu.,https://ballzy.eu/et/product/jordan-tatum-3-ib8149-100-8-5-cnf,https://backend.ballzy.eu/media/catalog/product/j/o/jordan-jordan-tatum-3-multicolor-g2rp.jpg,Jordan,149.00 EUR,in_stock,Streetbrand OÜ,EE,true,false,true
FB7914_010_S_CNF,M np df top sl tight,Spordiriided ballzy veebipoest. Vaata lähemalt ballzy.eu.,https://ballzy.eu/et/product/m-np-df-top-sl-tight-fb7914-010-s-cnf,https://backend.ballzy.eu/media/catalog/product/n/i/nike-m-np-df-top-sl-tight-must-0dol.jpg,Nike,39.00 EUR,in_stock,Streetbrand OÜ,EE,true,false,true
FB7919_010_S_CNF,M np df tight top ls,Spordiriided ballzy veebipoest. Vaata lähemalt ballzy.eu.,https://ballzy.eu/et/product/m-np-df-tight-top-ls-fb7919-010-s-cnf,https://backend.ballzy.eu/media/catalog/product/n/i/nike-m-np-df-tight-top-ls-must-aas0.jpg,Nike,44.00 EUR,in_stock,Streetbrand OÜ,EE,true,false,true
DA2123_010_M_CNF,U nk ed crew bball 3pr 144,Spordiriided ballzy veebipoest. Vaata lähemalt ballzy.eu.,https://ballzy.eu/et/product/u-nk-ed-crew-bball-3pr-144-da2123-010-m-cnf,https://backend.ballzy.eu/media/catalog/product/n/i/nike-u-nk-ed-crew-bball-3pr-144-must-vxvv.jpg,Nike,27.00 EUR,in_stock,Streetbrand OÜ,EE,true,false,true
DA2123_100_M_CNF,U nk ed crew bball 3pr 144,Spordiriided ballzy veebipoest. Vaata lähemalt ballzy.eu.,https://ballzy.eu/et/product/u-nk-ed-crew-bball-3pr-144-da2123-100-m-cnf,https://backend.ballzy.eu/media/catalog/product/n/i/nike-u-nk-ed-crew-bball-3pr-144-valge-fgck.jpg,Nike,27.00 EUR,in_stock,Streetbrand OÜ,EE,true,false,true
DX5089_103_S_CNF,U nk nsw everyday essential cr,Spordiriided ballzy veebipoest. Vaata lähemalt ballzy.eu.,https://ballzy.eu/et/product/u-nk-nsw-everyday-essential-cr-dx5089-103-s-cnf,https://backend.ballzy.eu/media/catalog/product/n/i/nike-u-nk-nsw-everyday-essential-cr-valge-2qft.jpg,Nike,22.00 EUR,in_stock,Streetbrand OÜ,EE,true,false,true
FB7932_084_S_CNF,M np df tight top ss,Spordiriided ballzy veebipoest. Vaata lähemalt ballzy.eu.,https://ballzy.eu/et/product/m-np-df-tight-top-ss-fb7932-084-s-cnf,https://backend.ballzy.eu/media/catalog/product/n/i/nike-m-np-df-tight-top-ss-hall-dccl.jpg,Nike,39.00 EUR,in_stock,Streetbrand OÜ,EE,true,false,true
FB7950_010_S_CNF,M np df 3qt tight,Spordiriided ballzy veebipoest. Vaata lähemalt ballzy.eu.,https://ballzy.eu/et/product/m-np-df-3qt-tight-fb7950-010-s-cnf,https://backend.ballzy.eu/media/catalog/product/n/i/nike-m-np-df-3qt-tight-must-hcjo.jpg,Nike,44.00 EUR,in_stock,Streetbrand OÜ,EE,true,false,true
FB7958_010_S_CNF,M np df short,Spordiriided ballzy veebipoest. Vaata lähemalt ballzy.eu.,https://ballzy.eu/et/product/m-np-df-short-fb7958-010-s-cnf,https://backend.ballzy.eu/media/catalog/product/n/i/nike-m-np-df-short-must-s2yo.jpg,Nike,39.00 EUR,in_stock,Streetbrand OÜ,EE,true,false,true
FZ1620_001_10_CNF,Giannis freak 6 xmas,Spordiriided ballzy veebipoest. Vaata lähemalt ballzy.eu.,https://ballzy.eu/et/product/giannis-freak-6-xmas-fz1620-001-10-cnf,https://backend.ballzy.eu/media/catalog/product/n/i/nike-giannis-freak-6-xmas-multicolor-kleq.jpg,Nike,159.00 EUR,in_stock,Streetbrand OÜ,EE,true,false,true
HV1993_301_10_CNF,Kd18 nrg,Spordiriided ballzy veebipoest. Vaata lähemalt ballzy.eu.,https://ballzy.eu/et/product/kd18-nrg-hv1993-301-10-cnf,https://backend.ballzy.eu/media/catalog/product/n/i/nike-kd18-nrg-multicolor-senj.jpg,Nike,179.00 EUR,in_stock,Streetbrand OÜ,EE,true,false,true
IB7272_010_S_CNF,M j mvp flc short lb,Spordiriided ballzy veebipoest. Vaata lähemalt ballzy.eu.,https://ballzy.eu/et/product/m-j-mvp-flc-short-lb-ib7272-010-s-cnf,https://backend.ballzy.eu/media/catalog/product/j/o/jordan-m-j-mvp-flc-short-lb-multicolor-9tmq.jpg,Jordan,69.00 EUR,in_stock,Streetbrand OÜ,EE,true,false,true
JH6625_8_CNF,Dame 9,"Change is inevitable for a game-changing superstar like damian lillard. the latest signature shoes from dame and adidas basketball embrace the spirit of evolution that took dame from overlooked and under-rated to the highest level of basketball in the world. the all-new design of these performance shoes is lighter and more streamlined, pairing the snug fit of an internal bootie with a full-length torsion bar for lateral stiffness and an ultra-lightweight lightstrike midsole underfoot to keep you Vaata lähemalt ballzy.eu.",https://ballzy.eu/et/product/dame-9-jh6625-8-cnf,https://backend.ballzy.eu/media/catalog/product/a/d/adidas-performance-dame-9-sinine-5b57.jpg,adidas Performance,119.00 EUR,in_stock,Streetbrand OÜ,EE,true,false,true
HJ4062_480_S_CNF,Sel mnk df jsy v5 doncic,Spordiriided ballzy veebipoest. Vaata lähemalt ballzy.eu.,https://ballzy.eu/et/product/sel-mnk-df-jsy-v5-doncic-hj4062-480-s-cnf,https://backend.ballzy.eu/media/catalog/product/n/i/nike-sel-mnk-df-jsy-v5-doncic-multicolor-7h4y.jpg,Nike,159.00 EUR,in_stock,Streetbrand OÜ,EE,true,false,true
JN0328_S_CNF,Crazylite short,"Move freely and take your game to new heights in the adidas crazy lite short. the loose fit allows for full range of motion as you drive to the hoop, while subtle detailing and adidas basketball branding let everyone know these are built for the court. climacool wicks and disperses sweat for cool, dry and distraction-free performance. whether you´re playing a pickup game at the park or suiting up for the big tournament, these shorts give you the comfort and style to play your best. climacool h Vaata lähemalt ballzy.eu.",https://ballzy.eu/et/product/crazylite-short-jn0328-s-cnf,https://backend.ballzy.eu/media/catalog/product/a/d/adidas-crazylite-short-must-yvkt.jpg,adidas Originals,44.00 EUR,in_stock,Streetbrand OÜ,EE,true,false,true
FB1802_400_8.5_CNF,Jordan zion 4,Spordiriided ballzy veebipoest. Vaata lähemalt ballzy.eu.,https://ballzy.eu/et/product/jordan-zion-4-fb1802-400-8-5-cnf,https://backend.ballzy.eu/media/catalog/product/j/o/jordan-jordan-zion-4-multicolor-zpi3.jpg,Jordan,169.00 EUR,in_stock,Streetbrand OÜ,EE,true,false,true
FJ7791_103_8_CNF,G.t. hustle academy,Spordiriided ballzy veebipoest. Vaata lähemalt ballzy.eu.,https://ballzy.eu/et/product/g-t-hustle-academy-fj7791-103-8-cnf,https://backend.ballzy.eu/media/catalog/product/n/i/nike-g-t-hustle-academy-multicolor-a7hv.jpg,Nike,119.00 EUR,in_stock,Streetbrand OÜ,EE,true,false,true
FJ7791_701_8.5_CNF,G.t. hustle academy,Spordiriided ballzy veebipoest. Vaata lähemalt ballzy.eu.,https://ballzy.eu/et/product/g-t-hustle-academy-fj7791-701-8-5-cnf,https://backend.ballzy.eu/media/catalog/product/n/i/nike-g-t-hustle-academy-multicolor-rkej.jpg,Nike,119.00 EUR,in_stock,Streetbrand OÜ,EE,true,false,true
FZ7335_101_8_CNF,Kobe ix elite high protro,Spordiriided ballzy veebipoest. Vaata lähemalt ballzy.eu.,https://ballzy.eu/et/product/kobe-ix-elite-high-protro-fz7335-101-8-cnf,https://backend.ballzy.eu/media/catalog/product/n/i/nike-kobe-ix-elite-high-protro-multicolor-xqdm.jpg,Nike,279.00 EUR,in_stock,Streetbrand OÜ,EE,true,false,true
IB7903_600_8.5_CNF,Jordan luka 4 gone,Spordiriided ballzy veebipoest. Vaata lähemalt ballzy.eu.,https://ballzy.eu/et/product/jordan-luka-4-gone-ib7903-600-8-5-cnf,https://backend.ballzy.eu/media/catalog/product/j/o/jordan-jordan-luka-4-gone-multicolor-rnxc.jpg,Jordan,159.00 EUR,in_stock,Streetbrand OÜ,EE,true,false,true
IN5589_S_CNF,Tf 3s short,Train without limits in these techfit tights. aeroready mesh ventilation allows for a breathable fit that leaves you with no distractions. unlock your next level moves with a compression fit that hugs your muscles. designed for hybrid training and versatile performance. Vaata lähemalt ballzy.eu.,https://ballzy.eu/et/product/tf-3s-short-in5589-s-cnf,https://backend.ballzy.eu/media/catalog/product/a/d/adidas-tf-3s-short-must-3l5h.jpg,adidas Originals,39.00 EUR,in_stock,Streetbrand OÜ,EE,true,false,true
JS1304_8_CNF,Harden volume 9,"Continuing to build on his legend and legacy, the latest signature shoes from james harden and adidas basketball are designed for players who live for the game´s biggest moments. these performance basketball shoes are designed to support the type of moves that have made harden a superstar on the hardwood and are loaded with the unique sense of style that has helped make his name off the court too. a combined boost and lightstrike midsole provides lightweight energy return to propel you towards t Vaata lähemalt ballzy.eu.",https://ballzy.eu/et/product/harden-volume-9-js1304-8-cnf,https://backend.ballzy.eu/media/catalog/product/a/d/adidas-performance-harden-volume-9-punane-mw07.jpg,adidas Performance,159.00 EUR,in_stock,Streetbrand OÜ,EE,true,false,true
83-462Z_CNF,Latvija 5,Spordiriided ballzy veebipoest. Vaata lähemalt ballzy.eu.,https://ballzy.eu/et/product/latvija-5-83-462z-cnf,https://backend.ballzy.eu/media/catalog/product/s/p/spalding-latvija-5-3jfl.jpg,Spalding,19.00 EUR,in_stock,Streetbrand OÜ,EE,true,false,true
JP6089_8_CNF,Dame x,"Damian lillard manipulates the game like nobody else. the dame x, the latest signature shoe from adidas basketball and damian lillard was designed specifically to let dame be dame. a lightweight textile upper provides breathability for elevated performance, while three-dimensional printed accents support the zones of the shoe where it is most needed. multi-directional traction on the rubber outsole and an ultralight lightstrike midsole help you generate speed and make dynamic cuts through the la Vaata lähemalt ballzy.eu.",https://ballzy.eu/et/product/dame-x-jp6089-8-cnf,https://backend.ballzy.eu/media/catalog/product/a/d/adidas-performance-dame-x-hall-vgtu.jpg,adidas Performance,99.00 EUR,in_stock,Streetbrand OÜ,EE,true,false,true
JP6090_10_CNF,Dame x,"Damian lillard manipulates the game like nobody else. the dame x, the latest signature shoe from adidas basketball and damian lillard was designed specifically to let dame be dame. a lightweight textile upper provides breathability for elevated performance, while three-dimensional printed accents support the zones of the shoe where it is most needed. multi-directional traction on the rubber outsole and an ultralight lightstrike midsole help you generate speed and make dynamic cuts through the la Vaata lähemalt ballzy.eu.",https://ballzy.eu/et/product/dame-x-jp6090-10-cnf,https://backend.ballzy.eu/media/catalog/product/a/d/adidas-performance-dame-x-sinine-ivqw.jpg,adidas Performance,99.00 EUR,in_stock,Streetbrand OÜ,EE,true,false,true
HF0806_002_8_CNF,Jordan luka .77,Spordiriided ballzy veebipoest. Vaata lähemalt ballzy.eu.,https://ballzy.eu/et/product/jordan-luka-77-hf0806-002-8-cnf,https://backend.ballzy.eu/media/catalog/product/j/o/jordan-jordan-luka-77-multicolor-audt.jpg,Jordan,119.00 EUR,in_stock,Streetbrand OÜ,EE,true,false,true
HJ9446_100_5Y_CNF,Kobe ix elite gs,Spordiriided ballzy veebipoest. Vaata lähemalt ballzy.eu.,https://ballzy.eu/et/product/kobe-ix-elite-gs-hj9446-100-5y-cnf,https://backend.ballzy.eu/media/catalog/product/n/i/nike-kobe-ix-elite-gs-multicolor-chbi.jpg,Nike,159.00 EUR,in_stock,Streetbrand OÜ,EE,true,false,true
DV9334_010_S_CNF,M nk df unlimited wvn 7in 2in1,Spordiriided ballzy veebipoest. Vaata lähemalt ballzy.eu.,https://ballzy.eu/et/product/m-nk-df-unlimited-wvn-7in-2in1-dv9334-010-s-cnf,https://backend.ballzy.eu/media/catalog/product/n/i/nike-m-nk-df-unlimited-wvn-7in-2in1-must-j5rj.jpg,Nike,79.00 EUR,in_stock,Streetbrand OÜ,EE,true,false,true
FB7919_100_S_CNF,M np df tight top ls,Spordiriided ballzy veebipoest. Vaata lähemalt ballzy.eu.,https://ballzy.eu/et/product/m-np-df-tight-top-ls-fb7919-100-s-cnf,https://backend.ballzy.eu/media/catalog/product/n/i/nike-m-np-df-tight-top-ls-valge-nmsb.jpg,Nike,44.00 EUR,in_stock,Streetbrand OÜ,EE,true,false,true
FB7919_480_S_CNF,M np df tight top ls,Spordiriided ballzy veebipoest. Vaata lähemalt ballzy.eu.,https://ballzy.eu/et/product/m-np-df-tight-top-ls-fb7919-480-s-cnf,https://backend.ballzy.eu/media/catalog/product/n/i/nike-m-np-df-tight-top-ls-sinine-j3js.jpg,Nike,44.00 EUR,in_stock,Streetbrand OÜ,EE,true,false,true
FB7932_010_S_CNF,M np df tight top ss,Spordiriided ballzy veebipoest. Vaata lähemalt ballzy.eu.,https://ballzy.eu/et/product/m-np-df-tight-top-ss-fb7932-010-s-cnf,https://backend.ballzy.eu/media/catalog/product/n/i/nike-m-np-df-tight-top-ss-must-hfhh.jpg,Nike,39.00 EUR,in_stock,Streetbrand OÜ,EE,true,false,true
FB7932_480_S_CNF,M np df tight top ss,Spordiriided ballzy veebipoest. Vaata lähemalt ballzy.eu.,https://ballzy.eu/et/product/m-np-df-tight-top-ss-fb7932-480-s-cnf,https://backend.ballzy.eu/media/catalog/product/n/i/nike-m-np-df-tight-top-ss-sinine-cnvd.jpg,Nike,39.00 EUR,in_stock,Streetbrand OÜ,EE,true,false,true
FV5524_400_8.5_CNF,G.t. jump academy,Spordiriided ballzy veebipoest. Vaata lähemalt ballzy.eu.,https://ballzy.eu/et/product/g-t-jump-academy-fv5524-400-8-5-cnf,https://backend.ballzy.eu/media/catalog/product/n/i/nike-g-t-jump-academy-sinine-cw30.jpg,Nike,99.00 EUR,in_stock,Streetbrand OÜ,EE,true,false,true
FZ3075_010_L_CNF,U nk uncrn csh crew 1p-160 nba,Spordiriided ballzy veebipoest. Vaata lähemalt ballzy.eu.,https://ballzy.eu/et/product/u-nk-uncrn-csh-crew-1p-160-nba-fz3075-010-l-cnf,https://backend.ballzy.eu/media/catalog/product/n/i/nike-u-nk-uncrn-csh-crew-1p-160-nba-must-ig3o.jpg,Nike,24.00 EUR,in_stock,Streetbrand OÜ,EE,true,false,true
FZ3075_100_L_CNF,U nk uncrn csh crew 1p-160 nba,Spordiriided ballzy veebipoest. Vaata lähemalt ballzy.eu.,https://ballzy.eu/et/product/u-nk-uncrn-csh-crew-1p-160-nba-fz3075-100-l-cnf,https://backend.ballzy.eu/media/catalog/product/n/i/nike-u-nk-uncrn-csh-crew-1p-160-nba-valge-rarl.jpg,Nike,24.00 EUR,in_stock,Streetbrand OÜ,EE,true,false,true
HJ4233_010_S_CNF,M nk df dna wvn 2in1 4in short,Spordiriided ballzy veebipoest. Vaata lähemalt ballzy.eu.,https://ballzy.eu/et/product/m-nk-df-dna-wvn-2in1-4in-short-hj4233-010-s-cnf,https://backend.ballzy.eu/media/catalog/product/n/i/nike-m-nk-df-dna-wvn-2in1-4in-short-must-cc9f.jpg,Nike,79.00 EUR,in_stock,Streetbrand OÜ,EE,true,false,true
HV1221_100_8.5_CNF,Prime 96,Spordiriided ballzy veebipoest. Vaata lähemalt ballzy.eu.,https://ballzy.eu/et/product/prime-96-hv1221-100-8-5-cnf,https://backend.ballzy.eu/media/catalog/product/n/i/nike-prime-96-multicolor-ywlt.jpg,Nike,239.00 EUR,in_stock,Streetbrand OÜ,EE,true,false,true
HV3537_100_S_CNF,M nk df dna 8in short naos,Spordiriided ballzy veebipoest. Vaata lähemalt ballzy.eu.,https://ballzy.eu/et/product/m-nk-df-dna-8in-short-naos-hv3537-100-s-cnf,https://backend.ballzy.eu/media/catalog/product/n/i/nike-m-nk-df-dna-8in-short-naos-valge-q8vt.jpg,Nike,64.00 EUR,in_stock,Streetbrand OÜ,EE,true,false,true
HV2270_100_1.5Y_CNF,Lebron witness ix gs,Spordiriided ballzy veebipoest. Vaata lähemalt ballzy.eu.,https://ballzy.eu/et/product/lebron-witness-ix-gs-hv2270-100-1-5y-cnf,https://backend.ballzy.eu/media/catalog/product/n/i/nike-lebron-witness-ix-gs-valge-wvyf.jpg,Nike,114.00 EUR,in_stock,Streetbrand OÜ,EE,true,false,true
BBFRSIS3_8.5_CNF,New balance be fresh v3,Spordiriided ballzy veebipoest. Vaata lähemalt ballzy.eu.,https://ballzy.eu/et/product/new-balance-be-fresh-v3-bbfrsis3-8-5-cnf,https://backend.ballzy.eu/media/catalog/product/n/e/new-balance-new-balance-be-fresh-v3-hall-aqtm.jpg,New Balance,149.00 EUR,in_stock,Streetbrand OÜ,EE,true,false,true
63029201_S_CNF,Ancient roars terry short,Spordiriided ballzy veebipoest. Vaata lähemalt ballzy.eu.,https://ballzy.eu/et/product/ancient-roars-terry-short-63029201-s-cnf,https://backend.ballzy.eu/media/catalog/product/p/u/puma-ancient-roars-terry-short-bee-idkv.jpg,Puma,59.00 EUR,in_stock,Streetbrand OÜ,EE,true,false,true
FB7958_411_S_CNF,M np df short,Spordiriided ballzy veebipoest. Vaata lähemalt ballzy.eu.,https://ballzy.eu/et/product/m-np-df-short-fb7958-411-s-cnf,https://backend.ballzy.eu/media/catalog/product/n/i/nike-m-np-df-short-sinine-ldq9.png,Nike,39.00 EUR,in_stock,Streetbrand OÜ,EE,true,false,true
FZ6598_400_7.5_CNF,Jordan tatum 3,Spordiriided ballzy veebipoest. Vaata lähemalt ballzy.eu.,https://ballzy.eu/et/product/jordan-tatum-3-fz6598-400-7-5-cnf,https://backend.ballzy.eu/media/catalog/product/j/o/jordan-jordan-tatum-3-sinine-ozb3.png,Jordan,159.00 EUR,in_stock,Streetbrand OÜ,EE,true,false,true
HM0285_100_M_CNF,U nk elite cush crew 1pr,Spordiriided ballzy veebipoest. Vaata lähemalt ballzy.eu.,https://ballzy.eu/et/product/u-nk-elite-cush-crew-1pr-hm0285-100-m-cnf,https://backend.ballzy.eu/media/catalog/product/n/i/nike-u-nk-elite-cush-crew-1pr-valge-fskz.png,Nike,19.00 EUR,in_stock,Streetbrand OÜ,EE,true,false,true
HV1905_666_S_CNF,Ga m nk df dna 6in short,Spordiriided ballzy veebipoest. Vaata lähemalt ballzy.eu.,https://ballzy.eu/et/product/ga-m-nk-df-dna-6in-short-hv1905-666-s-cnf,https://backend.ballzy.eu/media/catalog/product/n/i/nike-ga-m-nk-df-dna-6in-short-punane-frye.png,Nike,74.00 EUR,in_stock,Streetbrand OÜ,EE,true,false,true
IO0202_100_8_CNF,Jordan luka 4,Spordiriided ballzy veebipoest. Vaata lähemalt ballzy.eu.,https://ballzy.eu/et/product/jordan-luka-4-io0202-100-8-cnf,https://backend.ballzy.eu/media/catalog/product/j/o/jordan-jordan-luka-4-valge-raab.png,Jordan,159.00 EUR,in_stock,Streetbrand OÜ,EE,true,false,true
JP6093_8_CNF,Dame x,"Damian lillard manipulates the game like nobody else. the dame x, the latest signature shoe from adidas basketball and damian lillard was designed specifically to let dame be dame. a lightweight textile upper provides breathability for elevated performance, while three-dimensional printed accents support the zones of the shoe where it is most needed. multi-directional traction on the rubber outsole and an ultralight lightstrike midsole help you generate speed and make dynamic cuts through the la Vaata lähemalt ballzy.eu.",https://ballzy.eu/et/product/dame-x-jp6093-8-cnf,https://backend.ballzy.eu/media/catalog/product/a/d/adidas-performance-dame-x-hall-q3cf.png,adidas Performance,99.00 EUR,in_stock,Streetbrand OÜ,EE,true,false,true
JR7697_10_CNF,D.o.n. issue 7,"Get ready for a new don. d.o.n. issue 7 shoes is the latest signature shoe from adidas basketball and superstar donovan mitchell. built to look sleek and modern, these performance basketball shoes support the type of moves that make spida one of the game´s most dynamic talents. a soft collar and tpu shank provide elevated comfort and containment, while the super-lightweight lightstrike pro midsole helps you fly up and down the hardwood at top speed. a spida logo and signature colours complete th Vaata lähemalt ballzy.eu.",https://ballzy.eu/et/product/d-o-n-issue-7-jr7697-10-cnf,https://backend.ballzy.eu/media/catalog/product/a/d/adidas-performance-d-o-n-issue-7-multicolor-1ouq.png,adidas Performance,119.00 EUR,in_stock,Streetbrand OÜ,EE,true,false,true
HQ1728_001_8.5_CNF,A´one asw,Spordiriided ballzy veebipoest. Vaata lähemalt ballzy.eu.,https://ballzy.eu/et/product/a-one-asw-hq1728-001-8-5-cnf,https://backend.ballzy.eu/media/catalog/product/n/i/nike-a-one-asw-must-oo4s.png,Nike,149.00 EUR,in_stock,Streetbrand OÜ,EE,true,false,true
