item_id,title,description,url,image_url,brand,price,availability,seller_name,target_countries,is_eligible_search,is_eligible_checkout,is_ads_eligible
SX7622_100_S_CNF,U nk elite crew 132,"Nike elite crew' korvpallisokid toetavad tänu võlviribale jalga ja pehmendused strateegilistes kohtades summutavad põrutust, kui sa üle väljaku jooksed. dri-fit-i tehnoloogia aitab sul püsida kuiv ja tunda end mugavalt. Vaata lähemalt ballzy.eu.",https://ballzy.eu/et/product/u-nk-elite-crew-132-sx7622-100-s-cnf,https://backend.ballzy.eu/media/catalog/product/n/i/nike-u-nk-elite-crew-132-valge-89e1.jpg,Nike,17.00 EUR,in_stock,Streetbrand OÜ,EE,true,false,true
CQ2809_9_CNF,Gazelle,"A fan and streetwear favourite for a half century, this ´60s-era football trainer is not done yet. these shoes are a direct reissue of the 1991 upgraded gazelle, with authentic textures, materials and proportions. the upper is made of nubuck and features tonal trim and silver-coloured lettering. Vaata lähemalt ballzy.eu.",https://ballzy.eu/et/product/gazelle-cq2809-9-cnf,https://backend.ballzy.eu/media/catalog/product/a/d/adidas-gazelle-must-jglh.jpg,adidas Originals,109.00 EUR,in_stock,Streetbrand OÜ,EE,true,false,true
SX5544_100_S_CNF,U j everyday max ankl 3pr,Spordiriided ballzy veebipoest. Vaata lähemalt ballzy.eu.,https://ballzy.eu/et/product/u-j-everyday-max-ankl-3pr-sx5544-100-s-cnf,https://backend.ballzy.eu/media/catalog/product/4/m/4me1hlslkk9hpbqh.jpg,Nike,19.00 EUR,in_stock,Streetbrand OÜ,EE,true,false,true
SX5546_011_S_CNF,Jumpman no-show 3ppk,"Unisex jordan jumpman no-show socks (3 pair)unisex jordan jumpman no-show socks (3 pairs) are made with sweat-wicking fabric, mesh panels and arch compression for breathability and a snug, comfortable fit. the heel and toe are reinforced for durability and impact protection.dri-fit technology helps you stay dry and comfortable.mesh panels offer breathability.arch compression provides a snug, comfortable fit.heel and toe are reinforced for durability.righ Vaata lähemalt ballzy.eu.",https://ballzy.eu/et/product/jumpman-no-show-3ppk-sx5546-011-s-cnf,https://backend.ballzy.eu/media/catalog/product/o/p/op6o3foxzuxz1slbd4e4.jpg,Jordan,17.00 EUR,in_stock,Streetbrand OÜ,EE,true,false,true
SX5546_100_S_CNF,U j everyday max ns 3pr,"Unisex jordan jumpman no-show socks (3 pair)unisex jordan jumpman no-show socks (3 pairs) are made with sweat-wicking fabric, mesh panels and arch compression for breathability and a snug, comfortable fit. the heel and toe are reinforced for durability and impact protection.dri-fit technology helps you stay dry and comfortable.mesh panels offer breathability.arch compression provides a snug, comfortable fit.heel and toe are reinforced for durability.righ Vaata lähemalt ballzy.eu.",https://ballzy.eu/et/product/u-j-everyday-max-ns-3pr-sx5546-100-s-cnf,https://backend.ballzy.eu/media/catalog/product/j/o/jordan-u-j-everyday-max-ns-3pr-valge-cyby.jpg,Jordan,19.00 EUR,in_stock,Streetbrand OÜ,EE,true,false,true
B75806_8_CNF,Samba og,samba on sündinud väljakul ja on tänavastiili ajatu ikoon. need jalatsid jäävad oma pärandile truuks pehme nahast pealse ja mokkade kattekihiga. Vaata lähemalt ballzy.eu.,https://ballzy.eu/et/product/samba-og-b75806-8-cnf,https://backend.ballzy.eu/media/catalog/product/a/d/adidas-samba-og-valge-3plk.jpg,adidas Originals,129.00 EUR,in_stock,Streetbrand OÜ,EE,true,false,true
B75807_8_CNF,Samba og,samba on sündinud väljakul ja on tänavastiili ajatu ikoon. need jalatsid jäävad oma pärandile truuks pehme nahast pealse ja mokkade kattekihiga. Vaata lähemalt ballzy.eu.,https://ballzy.eu/et/product/samba-og-b75807-8-cnf,https://backend.ballzy.eu/media/catalog/product/a/d/adidas-samba-og-must-xptx.jpg,adidas Originals,129.00 EUR,in_stock,Streetbrand OÜ,EE,true,false,true
SX7664_100_S_CNF,U nk everyday cush crew 3 pairs,"nike everyday cushioned sokid annavad jõudu treeningule. higi ärajuhtiv tehnoloogia aitab sind kuivana ja jahedana hoida, samas kui paks froteepõhi annab sulle mugavust intensiivsete tõste ja lisakilomeetrite läbimiseks. sokkide paelaga kaetud kaareosa on su jala ümber mugav ja toetav. 3 paari pakend tähendab, et teil on alati varuplaan&hellip; toote omadused: nike dri-fit-tehnoloogia juhib higi nahast eemale, et see aurustuks kiiremini, aidates sul kuivana ja mugavalt püsida.'. Vaata lähemalt ballzy.eu.",https://ballzy.eu/et/product/u-nk-everyday-cush-crew-3-pairs-sx7664-100-s-cnf,https://backend.ballzy.eu/media/catalog/product/n/i/nike-u-nk-everyday-cush-crew-3-pairs-valge-0f5l.jpg,Nike,24.00 EUR,in_stock,Streetbrand OÜ,EE,true,false,true
SX5544_010_S_CNF,U j everyday max ankl 3pr,Spordiriided ballzy veebipoest. Vaata lähemalt ballzy.eu.,https://ballzy.eu/et/product/u-j-everyday-max-ankl-3pr-sx5544-010-s-cnf,https://backend.ballzy.eu/media/catalog/product/j/o/jordan-u-j-everyday-max-ankl-3pr-must-ydap.jpg,Jordan,17.00 EUR,in_stock,Streetbrand OÜ,EE,true,false,true
S20274_3942_CNF,Trefoil liner socks 3 pairs,"trefoil liner sokid annavad igapäevaelus kasutatavatele põhisokkidele originaalsust. need sokid on lõigatud nii, et neid ei oleks näha, kui neid kantakse koos tossudega, ning need on valmistatud kergelt venivast puuvillast ja nende jalapealsel on trefoil kujutis. Vaata lähemalt ballzy.eu.",https://ballzy.eu/et/product/trefoil-liner-socks-3-pairs-s20274-3942-cnf,https://backend.ballzy.eu/media/catalog/product/a/d/adidas-trefoil-liner-socks-3-pairs-must-5iti.jpg,adidas Originals,12.00 EUR,in_stock,Streetbrand OÜ,EE,true,false,true
12122742_OSFM_CNF,Essential 940 wmns new york yankees,Spordiriided ballzy veebipoest. Vaata lähemalt ballzy.eu.,https://ballzy.eu/et/product/essential-940-wmns-new-york-yankees-12122742-osfm-cnf,https://backend.ballzy.eu/media/catalog/product/n/e/newera-essential-940-wmns-new-york-yankees-must-lz0b.jpg,New Era,29.00 EUR,in_stock,Streetbrand OÜ,EE,true,false,true
162050C_001_10_CNF,Chuck 70 hi,Spordiriided ballzy veebipoest. Vaata lähemalt ballzy.eu.,https://ballzy.eu/et/product/chuck-70-hi-162050c-001-10-cnf,https://backend.ballzy.eu/media/catalog/product/c/o/converse-chuck-70-hi-must-hmah.jpg,Converse,94.00 EUR,in_stock,Streetbrand OÜ,EE,true,false,true
162058C_001_10_CNF,Chuck 70 ox,Spordiriided ballzy veebipoest. Vaata lähemalt ballzy.eu.,https://ballzy.eu/et/product/chuck-70-ox-162058c-001-10-cnf,https://backend.ballzy.eu/media/catalog/product/c/o/converse-chuck-70-ox-must-bgq3.jpg,Converse,89.00 EUR,in_stock,Streetbrand OÜ,EE,true,false,true
SX7676_010_S_CNF,U nk everyday ltwt crew 3pr,higi imav mugavus./>läbi oma treening nike'i igapäevaste sokkidega. peened niidid koos higi imava tehnoloogiaga aitavad hoida su jalad mugavatena ja kuivadena.dri-fit tehnoloogia aitab hoida su jalad kuivana ja mugavana.crew stiil katab su pahkluu ja sääre alumise sääre.soonikud aitavad sokke paigal hoida.võlvi ümber on liibuv ja toetav riba. Vaata lähemalt ballzy.eu.,https://ballzy.eu/et/product/u-nk-everyday-ltwt-crew-3pr-sx7676-010-s-cnf,https://backend.ballzy.eu/media/catalog/product/n/i/nike-u-nk-everyday-ltwt-crew-3pr-must-vstx.jpg,Nike,19.00 EUR,in_stock,Streetbrand OÜ,EE,true,false,true
SX7676_100_S_CNF,U nk everyday ltwt crew 3pr,higi imav mugavus./>läbi oma treening nike'i igapäevaste sokkidega. peened niidid koos higi imava tehnoloogiaga aitavad hoida su jalad mugavatena ja kuivadena.dri-fit tehnoloogia aitab hoida su jalad kuivana ja mugavana.crew stiil katab su pahkluu ja sääre alumise sääre.soonikud aitavad sokke paigal hoida.võlvi ümber on liibuv ja toetav riba. Vaata lähemalt ballzy.eu.,https://ballzy.eu/et/product/u-nk-everyday-ltwt-crew-3pr-sx7676-100-s-cnf,https://backend.ballzy.eu/media/catalog/product/n/i/nike-u-nk-everyday-ltwt-crew-3pr-valge-1ir8.jpg,Nike,19.00 EUR,in_stock,Streetbrand OÜ,EE,true,false,true
SX7677_010_S_CNF,U nk everyday ltwt ankle 3pr,Nike everyday lightweighti sokkidega sööstad võimsalt läbi oma treeningu. pehme kangas ja higiimav tehnoloogia hoiavad su jalad mugava ning kuivana. Vaata lähemalt ballzy.eu.,https://ballzy.eu/et/product/u-nk-everyday-ltwt-ankle-3pr-sx7677-010-s-cnf,https://backend.ballzy.eu/media/catalog/product/n/i/nike-u-nk-everyday-ltwt-ankle-3pr-must-adp8.jpg,Nike,19.00 EUR,in_stock,Streetbrand OÜ,EE,true,false,true
SX7677_100_S_CNF,U nk ed ltwt ankle 3p 132,Nike everyday lightweighti sokkidega sööstad võimsalt läbi oma treeningu. pehme kangas ja higiimav tehnoloogia hoiavad su jalad mugava ning kuivana. Vaata lähemalt ballzy.eu.,https://ballzy.eu/et/product/u-nk-ed-ltwt-ankle-3p-132-sx7677-100-s-cnf,https://backend.ballzy.eu/media/catalog/product/n/i/nike-u-nk-everyday-ltwt-ankle-3pr-valge-1ek5.jpg,Nike,19.00 EUR,in_stock,Streetbrand OÜ,EE,true,false,true
CP003_CNF,Crep protect - wipes 12 sachets,12 wipes per tin. individually sealed for freshness. travel size wipes perfect for those unexpected marks when you’re on the move. smooth side for general cleaning and textured side for tougher marks. cotton fresh scented. Vaata lähemalt ballzy.eu.,https://ballzy.eu/et/product/crep-protect-wipes-12-sachets-cp003-cnf,https://backend.ballzy.eu/media/catalog/product/c/r/crep-protect-crep-protect-wipes-12-sachets-multicolor-aihz.jpg,Crep Protect,9.00 EUR,in_stock,Streetbrand OÜ,EE,true,false,true
CP019_CNF,Crep protect mark-on black midsole custom pen,The ultimate midsole custom pen. restore the fresh look of your midsoles or simply switch up the colours! Vaata lähemalt ballzy.eu.,https://ballzy.eu/et/product/crep-protect-mark-on-black-midsole-custom-pen-cp019-cnf,https://backend.ballzy.eu/media/catalog/product/c/r/crep-protect-crep-protect-mark-on-black-midsole-custom-pen-multicolor-rgub.jpg,Crep Protect,15.00 EUR,in_stock,Streetbrand OÜ,EE,true,false,true
CK6784_010_S_CNF,Lbj u nk elt crew,Spordiriided ballzy veebipoest. Vaata lähemalt ballzy.eu.,https://ballzy.eu/et/product/lbj-u-nk-elt-crew-ck6784-010-s-cnf,https://backend.ballzy.eu/media/catalog/product/n/i/nike-lbj-u-nk-elt-crew-must-nmrk.jpg,Nike,14.00 EUR,in_stock,Streetbrand OÜ,EE,true,false,true
BD7632_7.5_CNF,Handball spezial,"esmakordselt 1979. aastal eliitkäsipallurite jaoks kasutusele võetud kingad on nüüdseks armastatud oma klassikalise stiili tõttu. see versioon on valmistatud lehma mokkast pealsest, mis tagab paindliku tunde. pehme kummist välistald hoiab neid oma vintage-juurtele truuks. Vaata lähemalt ballzy.eu.",https://ballzy.eu/et/product/handball-spezial-bd7632-7-5-cnf,https://backend.ballzy.eu/media/catalog/product/a/d/adidas-handball-spezial-valge-kkrz.jpg,adidas Originals,119.00 EUR,in_stock,Streetbrand OÜ,EE,true,false,true
CW2288_111_8.5_CNF,Air force 1 ´07,"legendaarne stiil refined&hellip; sära elab edasi nike air force 1 ´07-s, b-palli og-s, mis paneb värske pöörde sellele, mida tunned kõige paremini: vastupidavad õmblused, puhas viimistlus ja täiuslik kogus välku, mis paneb sind särama&hellip; tooteomadused: nike air pehmendus lisab kerget ja kogu päeva kestvat mugavust&hellip; madalalt lõigatud siluett lisab puhta ja voolujoonelise välimuse&hellip; pehmendusega krae on pehme ja mugav&hellip; toote omadused alapealkirjad: pehmend Vaata lähemalt ballzy.eu.",https://ballzy.eu/et/product/air-force-1-07-cw2288-111-8-5-cnf,https://backend.ballzy.eu/media/catalog/product/n/i/nike-air-force-1-07-valge-cmp1.jpg,Nike,134.00 EUR,in_stock,Streetbrand OÜ,EE,true,false,true
VN000EYEW001_090_CNF,Ua classic slip-on,Spordiriided ballzy veebipoest. Vaata lähemalt ballzy.eu.,https://ballzy.eu/et/product/ua-classic-slip-on-vn000eyew001-090-cnf,https://backend.ballzy.eu/media/catalog/product/v/a/vans-ua-classic-slip-on-valge-qqbr.jpg,Vans,69.00 EUR,in_stock,Streetbrand OÜ,EE,true,false,true
60113286_OSFM_CNF,Face mask new york yankees,Spordiriided ballzy veebipoest. Vaata lähemalt ballzy.eu.,https://ballzy.eu/et/product/face-mask-new-york-yankees-60113286-osfm-cnf,https://backend.ballzy.eu/media/catalog/product/n/e/newera-face-mask-neyyan-must-7gd8.jpg,New Era,19.00 EUR,in_stock,Streetbrand OÜ,EE,true,false,true
DA2123_100_S_CNF,U nk ed crew bball 3pr 144,"peatamatule mängijale./>tugevda oma mängu nike igapäevaste polsterdatud sokkidega. jalataldade polsterdus pakub mugavust väljakul, samal ajal kui jala võlvi soonik ümbritseb su jala keskosa toetava tunde tekitamiseks.dri-fit tehnoloogia aitab hoida jalad kuivana ja mugavana.jalataldade pehmendus tagab mugavuse.soonik jalavõlvi osa pakub toetavat tunnet.crew-stiilis siluett katab su pahkluu ja alumist säärt. Vaata lähemalt ballzy.eu.",https://ballzy.eu/et/product/u-nk-ed-crew-bball-3pr-144-da2123-100-s-cnf,https://backend.ballzy.eu/media/catalog/product/n/i/nike-u-nk-crew-everyday-bball-3pr-valge-loy3.jpg,Nike,27.00 EUR,in_stock,Streetbrand OÜ,EE,true,false,true
DH2920_111_4Y_CNF,Air force 1 le gs,"salute to a legendale&hellip; sellest ongi legendid tehtud. nike air force 1 le toob tagasi 82. aasta kõvapuu ikooni igapäevaseks stiiliks, mis on täielikult valge või täielikult must. vastupidavus, tunnetus ja air on endiselt olemas neile, kes armastavad klassikalist&hellip; toote omadused: ehtne ja sünteetiline nahk on vastupidav ja kergesti puhastatav&hellip; varjatud air-põhjaüksus pakub klassikalist pehmendust&hellip; kummist tald toob vastupidava haardumise&hellip; toote om Vaata lähemalt ballzy.eu.",https://ballzy.eu/et/product/air-force-1-le-gs-dh2920-111-4y-cnf,https://backend.ballzy.eu/media/catalog/product/n/i/nike-air-force-1-le-gs-valge-rwos.jpg,Nike,109.00 EUR,in_stock,Streetbrand OÜ,EE,true,false,true
CZ5478_001_7_CNF,Nike victori one shower slide,"libise mugavusse.oled mänginud tubli mängu. oled kõvasti higistanud. oled andnud endast kõik. nüüd on jäänud ainult üks asi veel – pead duši all ära käima. ära muretse, oleme sulle nike'i victori one'i plätudega abiks. ühes tükis vahtkummist plätu on pehme ja mugav ning haakumist soodustav muster talla all ei lase sul märjal pinnal libiseda. lisaks kuivavad plätud kiiresti, seega ei oska keegi aimata, et tulid just duši alt, kui peole tormad.ühes tükis vahtkummist plät Vaata lähemalt ballzy.eu.",https://ballzy.eu/et/product/nike-victori-one-shower-slide-cz5478-001-7-cnf,https://backend.ballzy.eu/media/catalog/product/n/i/nike-nike-victori-one-shower-slide-must-2wnc.jpg,Nike,29.00 EUR,in_stock,Streetbrand OÜ,EE,true,false,true
VN000D3HY281_050_CNF,Ua old skool,Spordiriided ballzy veebipoest. Vaata lähemalt ballzy.eu.,https://ballzy.eu/et/product/ua-old-skool-vn000d3hy281-050-cnf,https://backend.ballzy.eu/media/catalog/product/v/a/vans-ua-old-skool-must-rmxf.jpg,Vans,79.00 EUR,in_stock,Streetbrand OÜ,EE,true,false,true
SX4863_101_S_CNF,W nk evry ltwt foot 3pr,"mugavad ja lhellip; nike everyday lightweight footie sokid on valmistatud võrgust ja venivast puuvillasegust, mis tagab hingavuse ja mugava, pehme tunde&hellip; toote omadused: higi eemaldav kangas aitab sul kuivana ja mugavalt püsida&hellip; võrgupaneelid aitavad hoida jalad jahedana&hellip; tugevdatud varbad lisavad vastupidavust&hellip; toote omaduste alajaotused: tootedetailid: 71% puuvill/26% nailon/2-3% spandex/0-1% metallist kiud. materjalide protsendid võivad erineda. kon Vaata lähemalt ballzy.eu.",https://ballzy.eu/et/product/w-nk-evry-ltwt-foot-3pr-sx4863-101-s-cnf,https://backend.ballzy.eu/media/catalog/product/n/i/nike-w-nk-evry-ltwt-foot-3pr-valge-lzmz.jpg,Nike,14.00 EUR,in_stock,Streetbrand OÜ,EE,true,false,true
SX7667_010_S_CNF,U nk everyday cush ankle 3pr,"mugavus ja toestus./>läbi oma treeningud nike everyday cushioned socks sokkidega. paks terry tallaosa annab sulle lisamugavust jalgade harjutuste ja tõstete jaoks, samal ajal kui võlvi ümber on liibuv ja toetav riba ekstrateotuse jaoks.dri-fit tehnoloogia aitab hoida su jalad kuivana ja mugavana.paks terry tallaosa pakub mugavust ja põrutuse neeldumist.võlvi ümber olev riba annab toetava tunde.1/4-pikkusega lõige katab su pahkluu. Vaata lähemalt ballzy.eu.",https://ballzy.eu/et/product/u-nk-everyday-cush-ankle-3pr-sx7667-010-s-cnf,https://backend.ballzy.eu/media/catalog/product/n/i/nike-u-nk-everyday-cush-ankle-3pr-must-amou.jpg,Nike,19.00 EUR,in_stock,Streetbrand OÜ,EE,true,false,true
DA5718_100_S_CNF,U j essential crew 3pr - 144,"igapäevane jalanõude kaaslane./>jordan essentials crew sokid on pehmed ja venivad, tagades toetava sobivuse ning jala all on kootud pehmendus. komplektis on 3 paari sokke, mis annavad sulle valmiduse peaaegu pooleks nädalaks. Vaata lähemalt ballzy.eu.",https://ballzy.eu/et/product/u-j-essential-crew-3pr-144-da5718-100-s-cnf,https://backend.ballzy.eu/media/catalog/product/j/o/jordan-u-jordan-essential-crew-3pr-valge-c6cm.jpg,Jordan,24.00 EUR,in_stock,Streetbrand OÜ,EE,true,false,true
VN000EYEBWW1_040_CNF,Ua classic slip-on,Spordiriided ballzy veebipoest. Vaata lähemalt ballzy.eu.,https://ballzy.eu/et/product/ua-classic-slip-on-vn000eyebww1-040-cnf,https://backend.ballzy.eu/media/catalog/product/v/a/vans-ua-classic-slip-on-multicolor-rk1e.jpg,Vans,69.00 EUR,in_stock,Streetbrand OÜ,EE,true,false,true
DK0A4XP3BLK1_L_CNF,Alatna,"Alatna jacket on naiste puhvjakk, mis on loodud sooja hoidmiseks, kui temperatuur langeb. selle pehme ja veekindel kest lukustab soojust ja sellel on käepärased taskud oma hädavajalike asjade kandmiseks. Vaata lähemalt ballzy.eu.",https://ballzy.eu/et/product/alatna-dk0a4xp3blk1-l-cnf,https://backend.ballzy.eu/media/catalog/product/d/i/dickies-alatna-must-39ic.jpg,Dickies,154.00 EUR,in_stock,Streetbrand OÜ,EE,true,false,true
80468932_OSFA_CNF,Mlb league ess 940 yankees,Spordiriided ballzy veebipoest. Vaata lähemalt ballzy.eu.,https://ballzy.eu/et/product/mlb-league-ess-940-yankees-80468932-osfa-cnf,https://backend.ballzy.eu/media/catalog/product/n/e/newera-mlb-league-ess-940-yankees-must-d4nv.jpg,New Era,29.00 EUR,in_stock,Streetbrand OÜ,EE,true,false,true
DH5485_601_S_CNF,U nk everyday ankle 1pk - 144,"töötavad välja rõveduse pärast. kombineerides pehmed lõngad higi äravoolava võimsusega, aitavad need narmastatud mansetiga sokid hoida jalad treeningute ajal kuivana ja mugavalt, ohverdamata seejuures stiili… tooteomadused: dri-fit tehnoloogia aitab hoida jalad kuivana ja mugavalt… kootud lõngad tunduvad jalgade vastu pehmed… toote omaduste alajaotused: tootedetailid: 85% polüester/13% nailon/2% elastaani… masinpesu. imporditud. Vaata lähemalt ballzy.eu.",https://ballzy.eu/et/product/u-nk-everyday-ankle-1pk-144-dh5485-601-s-cnf,https://backend.ballzy.eu/media/catalog/product/n/i/nike-u-nk-everyday-ankle-1pk-144-roosa-gf9w.jpg,Nike,17.00 EUR,in_stock,Streetbrand OÜ,EE,true,false,true
DK0A4XDAWHX1_XS_CNF,Ss mapleton t-shirt w,Spordiriided ballzy veebipoest. Vaata lähemalt ballzy.eu.,https://ballzy.eu/et/product/ss-mapleton-t-shirt-w-dk0a4xdawhx1-xs-cnf,https://backend.ballzy.eu/media/catalog/product/d/i/dickies-ss-mapleton-t-shirt-w-multicolor-rmyr.jpg,Dickies,29.00 EUR,in_stock,Streetbrand OÜ,EE,true,false,true
VN000D3HBKA1_130_CNF,Ua old skool,Spordiriided ballzy veebipoest. Vaata lähemalt ballzy.eu.,https://ballzy.eu/et/product/ua-old-skool-vn000d3hbka1-130-cnf,https://backend.ballzy.eu/media/catalog/product/v/a/vans-ua-old-skool-must-x1er.jpg,Vans,84.00 EUR,in_stock,Streetbrand OÜ,EE,true,false,true
DX5074_010_M_CNF,U nk nsw everyday essential an,Nike everyday essentiali sokid on kerged ja mitmekülgsed ning neid saa kanda erinevate tegevustega. nad tunduvad jalas pehmed ja nende õhku läbilaskev silmkoes kangas pakub kogu päeva kestvat mugavust. see toode on valmistatud vähemalt 75% taaskasutatud polüesterkiududest. Vaata lähemalt ballzy.eu.,https://ballzy.eu/et/product/u-nk-nsw-everyday-essential-an-dx5074-010-m-cnf,https://backend.ballzy.eu/media/catalog/product/n/i/nike-u-nk-nsw-everyday-essential-an-must-ba5c.jpg,Nike,19.00 EUR,in_stock,Streetbrand OÜ,EE,true,false,true
DX5074_101_M_CNF,U nk nsw everyday essential an,Nike everyday essentiali sokid on kerged ja mitmekülgsed ning neid saa kanda erinevate tegevustega. nad tunduvad jalas pehmed ja nende õhku läbilaskev silmkoes kangas pakub kogu päeva kestvat mugavust. see toode on valmistatud vähemalt 75% taaskasutatud polüesterkiududest. Vaata lähemalt ballzy.eu.,https://ballzy.eu/et/product/u-nk-nsw-everyday-essential-an-dx5074-101-m-cnf,https://backend.ballzy.eu/media/catalog/product/n/i/nike-u-nk-nsw-everyday-essential-an-valge-hn5b.jpg,Nike,19.00 EUR,in_stock,Streetbrand OÜ,EE,true,false,true
DX5075_100_L_CNF,U nk nsw everyday essential ns,"Sportlikust vaatevinklist ajendatud nike sportswear essentiali madalad sokid on kerged, ülimadalad ja pehmed, sobides igapäevaseks kandmiseks. see toode on valmistatud vähemalt 75% taaskasutatud polüesterkiududest. Vaata lähemalt ballzy.eu.",https://ballzy.eu/et/product/u-nk-nsw-everyday-essential-ns-dx5075-100-l-cnf,https://backend.ballzy.eu/media/catalog/product/n/i/nike-u-nk-nsw-everyday-essential-ns-valge-cbxu.jpg,Nike,19.00 EUR,in_stock,Streetbrand OÜ,EE,true,false,true
LAH91014_BK_OSZ_CNF,6-panel curved brim nb classic hat,Spordiriided ballzy veebipoest. Vaata lähemalt ballzy.eu.,https://ballzy.eu/et/product/6-panel-curved-brim-nb-classic-hat-lah91014-bk-osz-cnf,https://backend.ballzy.eu/media/catalog/product/n/e/new-balance-6-panel-curved-brim-nb-classic-hat-must-gowi.jpg,New Balance,24.00 EUR,in_stock,Streetbrand OÜ,EE,true,false,true
162056C_102_10_CNF,Chuck 70 hi,Spordiriided ballzy veebipoest. Vaata lähemalt ballzy.eu.,https://ballzy.eu/et/product/chuck-70-hi-162056c-102-10-cnf,https://backend.ballzy.eu/media/catalog/product/c/o/converse-chuck-70-hi-valge-jqat.jpg,Converse,99.00 EUR,in_stock,Streetbrand OÜ,EE,true,false,true
DK0A4XB2BLK1_S_CNF,Pelican rapids,Spordiriided ballzy veebipoest. Vaata lähemalt ballzy.eu.,https://ballzy.eu/et/product/pelican-rapids-dk0a4xb2blk1-s-cnf,https://backend.ballzy.eu/media/catalog/product/d/i/dickies-pelican-rapids-must-iptw.jpg,Dickies,59.00 EUR,in_stock,Streetbrand OÜ,EE,true,false,true
DK0A4XK7CH01_S_CNF,Work shirt ss rec,Spordiriided ballzy veebipoest. Vaata lähemalt ballzy.eu.,https://ballzy.eu/et/product/work-shirt-ss-rec-dk0a4xk7ch01-s-cnf,https://backend.ballzy.eu/media/catalog/product/d/i/dickies-work-shirt-ss-rec-hall-m5nq.jpg,Dickies,59.00 EUR,in_stock,Streetbrand OÜ,EE,true,false,true
DX5075_911_L_CNF,U nk nsw everyday essential ns,"täiendatud kõikse päeva&hellip; nike sportswear essential ankle socks on disainitud spordi objektiivi kaudu, kerged, ei näita stiili ja pehme tundega, mis on valmis igapäevaseks kandmiseks. see toode on valmistatud vähemalt 75% ulatuses ümbertöödeldud polüesterkiududest&hellip; toote omadused: no-show siluett tagab madala profiili&hellip; kaarepael kontuurib ümber jala, et tagada kindel istuvus&hellip; toote omaduste alapealkirjad: tootedetailid: 98% polüester/2% elastaani. masin Vaata lähemalt ballzy.eu.",https://ballzy.eu/et/product/u-nk-nsw-everyday-essential-ns-dx5075-911-l-cnf,https://backend.ballzy.eu/media/catalog/product/n/i/nike-u-nk-nsw-everyday-essential-ns-valge-fqrv.jpg,Nike,19.00 EUR,in_stock,Streetbrand OÜ,EE,true,false,true
CP017_CNF,Crep protect - mark-on white,Spordiriided ballzy veebipoest. Vaata lähemalt ballzy.eu.,https://ballzy.eu/et/product/crep-protect-mark-on-white-cp017-cnf,https://backend.ballzy.eu/media/catalog/product/c/r/crep-protect-crep-protect-mark-on-white-multicolor-alrz.jpg,Crep Protect,17.00 EUR,in_stock,Streetbrand OÜ,EE,true,false,true
CP018_CNF,Crep protect - ultimate box pack,Spordiriided ballzy veebipoest. Vaata lähemalt ballzy.eu.,https://ballzy.eu/et/product/crep-protect-ultimate-box-pack-cp018-cnf,https://backend.ballzy.eu/media/catalog/product/c/r/crep-protect-crep-protect-ultimate-box-pack-multicolor-on8i.jpg,Crep Protect,49.00 EUR,in_stock,Streetbrand OÜ,EE,true,false,true
CP031_CNF,Crep protect - sneaker shields s,Spordiriided ballzy veebipoest. Vaata lähemalt ballzy.eu.,https://ballzy.eu/et/product/crep-protect-sneaker-shields-s-cp031-cnf,https://backend.ballzy.eu/media/catalog/product/c/r/crep-protect-crep-protect-sneaker-shields-s-multicolor-h8jk.jpg,Crep Protect,12.00 EUR,in_stock,Streetbrand OÜ,EE,true,false,true
DX5025_100_S_CNF,U nk nsw everyday essential cr,"pehmed poolpikad sokid./>nike'i nike sportswear everyday essential sokid on valmistatud pehmest ja venivast kangast, mis kohandub sinu jalaga, tagades mugavuse kogu päevaks. see toode on tehtud vähemalt 75% ulatuses taaskasutatud polüesterkiududest.dri-fit tehnoloogia aitab hoida su jalad kuivad ja mugavad.tugevdatud kand ja varbaosa pakuvad vastupidavust.strateegiliselt paigutatud võrk materjal lisab hingavust. Vaata lähemalt ballzy.eu.",https://ballzy.eu/et/product/u-nk-nsw-everyday-essential-cr-dx5025-100-s-cnf,https://backend.ballzy.eu/media/catalog/product/n/i/nike-u-nk-nsw-everyday-essential-cr-valge-mdik.jpg,Nike,19.00 EUR,in_stock,Streetbrand OÜ,EE,true,false,true
DB3021_11.5_CNF,Handball spezial,"esmakordselt 1979. aastal eliitkäsipallurite jaoks kasutusele võetud kingad on nüüdseks armastatud oma klassikalise stiili tõttu. see versioon on valmistatud lehma mokkast pealsest, mis tagab paindliku tunde. pehme kummist välistald hoiab neid oma vintage-juurtele truuks. Vaata lähemalt ballzy.eu.",https://ballzy.eu/et/product/handball-spezial-db3021-11-5-cnf,https://backend.ballzy.eu/media/catalog/product/a/d/adidas-handball-spezial-must-e1be.jpg,adidas Originals,119.00 EUR,in_stock,Streetbrand OÜ,EE,true,false,true
I030014_89XX_S_CNF,Hewitt vest,Spordiriided ballzy veebipoest. Vaata lähemalt ballzy.eu.,https://ballzy.eu/et/product/hewitt-vest-i030014-89xx-s-cnf,https://backend.ballzy.eu/media/catalog/product/c/a/carhartt-hewitt-vest-must-wxqe.jpg,Carhartt WIP,189.00 EUR,in_stock,Streetbrand OÜ,EE,true,false,true
10001_100_41_CNF,Classic,Spordiriided ballzy veebipoest. Vaata lähemalt ballzy.eu.,https://ballzy.eu/et/product/classic-10001-100-41-cnf,https://backend.ballzy.eu/media/catalog/product/c/r/crocs-classic-valge-aqef.jpg,Crocs,54.00 EUR,in_stock,Streetbrand OÜ,EE,true,false,true
I030018_NOXX_S_CNF,Montana jacket,Spordiriided ballzy veebipoest. Vaata lähemalt ballzy.eu.,https://ballzy.eu/et/product/montana-jacket-i030018-noxx-s-cnf,https://backend.ballzy.eu/media/catalog/product/c/a/carhartt-montana-jacket-roheline-vvt0.jpg,Carhartt WIP,189.00 EUR,in_stock,Streetbrand OÜ,EE,true,false,true
DX5075_010_S_CNF,U nk nsw everyday essential ns,"täiendatud kõikse päeva&hellip; nike sportswear essential ankle socks on disainitud spordi objektiivi kaudu, kerged, ei näita stiili ja pehme tundega, mis on valmis igapäevaseks kandmiseks. see toode on valmistatud vähemalt 75% ulatuses ümbertöödeldud polüesterkiududest&hellip; toote omadused: no-show siluett tagab madala profiili&hellip; kaarepael kontuurib ümber jala, et tagada kindel istuvus&hellip; toote omaduste alapealkirjad: tootedetailid: 98% polüester/2% elastaani. masin Vaata lähemalt ballzy.eu.",https://ballzy.eu/et/product/u-nk-nsw-everyday-essential-ns-dx5075-010-s-cnf,https://backend.ballzy.eu/media/catalog/product/n/i/nike-u-nk-nsw-everyday-essential-ns-must-ej20.jpg,Nike,19.00 EUR,in_stock,Streetbrand OÜ,EE,true,false,true
SX7678_100_M_CNF,U nk everyday ltwt ns 3pr 132,Nike everyday lightweighti sokkidega sööstad võimsalt läbi oma treeningu. pehme kangas ja higiimav tehnoloogia hoiavad su jalad mugava ning kuivana. Vaata lähemalt ballzy.eu.,https://ballzy.eu/et/product/u-nk-everyday-ltwt-ns-3pr-132-sx7678-100-m-cnf,https://backend.ballzy.eu/media/catalog/product/n/i/nike-u-nk-everyday-ltwt-ns-3pr-valge-mvmj.jpg,Nike,19.00 EUR,in_stock,Streetbrand OÜ,EE,true,false,true
I026391_00MXX_XS_CNF,S/s chase t-shirt,Spordiriided ballzy veebipoest. Vaata lähemalt ballzy.eu.,https://ballzy.eu/et/product/s-s-chase-t-shirt-i026391-00mxx-xs-cnf,https://backend.ballzy.eu/media/catalog/product/c/a/carhartt-s-s-chase-t-shirt-hall-fxvw.jpg,Carhartt WIP,39.00 EUR,in_stock,Streetbrand OÜ,EE,true,false,true
CQ9512_010_MISC_CNF,U nsw h86 cap jdi wash cap,Spordiriided ballzy veebipoest. Vaata lähemalt ballzy.eu.,https://ballzy.eu/et/product/u-nsw-h86-cap-jdi-wash-cap-cq9512-010-misc-cnf,https://backend.ballzy.eu/media/catalog/product/n/i/nike-u-nsw-h86-cap-jdi-wash-cap-must-zwl6.jpg,Nike,29.00 EUR,in_stock,Streetbrand OÜ,EE,true,false,true
DM0211_100_8_CNF,Air force 1 ´07 fresh,"legendaarne stiil muutub värskeks&hellip; vananemist ei saa peatada, kuid air force 1 ""fresh"" jõuab sellele üsna lähedale. pehme, tekstuurne nahk aitab varjata kortsumist ja seda on lihtne puhastada. debossitud kaubamärgiga, mis asendab kootud sildid, paarib lisapaelad, nii et saate rahulikult seda marmelaadifunkrit süüa. ja perforeeritud sokkpolster hoiab selle õhulisuse ja hingavuse. nüüd ei ole tõesti mingit põhjust, miks mitte rokkida valgeid valgeid&hellip; tooteomadused: pe Vaata lähemalt ballzy.eu.",https://ballzy.eu/et/product/air-force-1-07-fresh-dm0211-100-8-cnf,https://backend.ballzy.eu/media/catalog/product/n/i/nike-air-force-1-07-fresh-valge-sopp.jpg,Nike,134.00 EUR,in_stock,Streetbrand OÜ,EE,true,false,true
I030992_00EXX_S_CNF,Script belt,Spordiriided ballzy veebipoest. Vaata lähemalt ballzy.eu.,https://ballzy.eu/et/product/script-belt-i030992-00exx-s-cnf,https://backend.ballzy.eu/media/catalog/product/c/a/carhartt-script-belt-must-ge77.jpg,Carhartt WIP,69.00 EUR,in_stock,Streetbrand OÜ,EE,true,false,true
MR530SG_8_CNF,New balance 530,The 530 men’s sneaker is a throwback of one of our classic running shoes. this casual kick combines everyday style with modern tech. abzorb cushioning underfoot adds superior comfort. Vaata lähemalt ballzy.eu.,https://ballzy.eu/et/product/new-balance-530-mr530sg-8-cnf,https://backend.ballzy.eu/media/catalog/product/n/e/new-balance-new-balance-530-valge-vzqo.jpg,New Balance,124.00 EUR,in_stock,Streetbrand OÜ,EE,true,false,true
DH2925_111_10.5C_CNF,Force 1 le ps,"salute to a legendale&hellip; sellest ongi legendid tehtud. nike force 1 le toob tagasi 82. aasta kõvapuu ikooni igapäevaseks stiiliks, mis on kas täielikult valge või täielikult must. lase vastupidavusel, pehmendusel ja tunnetusel tutvustada väikestele jalgadele klassikalist&hellip; toote omadused: ehtne ja sünteetiline nahk on vastupidav ja kergesti puhastatav&hellip; pehme vaht annab klassikalise pehmenduse&hellip; kummist tald toob vastupidava haardumise&hellip; toote omadust Vaata lähemalt ballzy.eu.",https://ballzy.eu/et/product/force-1-le-ps-dh2925-111-10-5c-cnf,https://backend.ballzy.eu/media/catalog/product/n/i/nike-force-1-le-ps-valge-hpie.jpg,Nike,79.00 EUR,in_stock,Streetbrand OÜ,EE,true,false,true
DK0A4XK9CH01_30_30_CNF,872 work pant rec,Spordiriided ballzy veebipoest. Vaata lähemalt ballzy.eu.,https://ballzy.eu/et/product/872-work-pant-rec-dk0a4xk9ch01-30-30-cnf,https://backend.ballzy.eu/media/catalog/product/d/i/dickies-872-work-pant-rec-hall-m4ha.jpg,Dickies,79.00 EUR,in_stock,Streetbrand OÜ,EE,true,false,true
DK0A4XYLC151_28_CNF,Thomasville denim w,Spordiriided ballzy veebipoest. Vaata lähemalt ballzy.eu.,https://ballzy.eu/et/product/thomasville-denim-w-dk0a4xylc151-28-cnf,https://backend.ballzy.eu/media/catalog/product/d/i/dickies-thomasville-denim-w-sinine-gukq.jpg,Dickies,89.00 EUR,in_stock,Streetbrand OÜ,EE,true,false,true
DK0A4XYXA281_XS_CNF,Summerdale sweatshirt w,Spordiriided ballzy veebipoest. Vaata lähemalt ballzy.eu.,https://ballzy.eu/et/product/summerdale-sweatshirt-w-dk0a4xyxa281-xs-cnf,https://backend.ballzy.eu/media/catalog/product/d/i/dickies-summerdale-sweatshirt-w-hall-1s6c.jpg,Dickies,69.00 EUR,in_stock,Streetbrand OÜ,EE,true,false,true
DK0A4Y1BBLK1_XS_CNF,Summerdale tee ss w,Spordiriided ballzy veebipoest. Vaata lähemalt ballzy.eu.,https://ballzy.eu/et/product/summerdale-tee-ss-w-dk0a4y1bblk1-xs-cnf,https://backend.ballzy.eu/media/catalog/product/d/i/dickies-summerdale-tee-ss-w-must-us1v.jpg,Dickies,39.00 EUR,in_stock,Streetbrand OÜ,EE,true,false,true
DH5463_903_S_CNF,U nk everyday plus cush footie,"low-profile comfort plus support&hellip; nike everyday plus cushioned socks toovad treeningusse mugavust tänu lisapehmendusele kanna ja esijala all ning mugavale, toetavale kaarepaelale. higi äravoolavus ja hingavus üleval aitavad hoida jalad kuivana ja jahedana, et aidata teil läbi teha täiendav sari&hellip; toote omadused: dri-fit-tehnoloogia aitab jalgadel kuivana ja mugavalt püsida&hellip; vöörihma ümbritsev rihm tundub mugav ja toetav&hellip; hingav kudumismuster ülaosas lis Vaata lähemalt ballzy.eu.",https://ballzy.eu/et/product/u-nk-everyday-plus-cush-footie-dh5463-903-s-cnf,https://backend.ballzy.eu/media/catalog/product/n/i/nike-u-nk-everyday-plus-cush-footie-valge-djvb.jpg,Nike,19.00 EUR,in_stock,Streetbrand OÜ,EE,true,false,true
DN2555_010_MISC_CNF,Nk elmntl prm bkpk,"Stiilne, kaasaegne ja vastupidavast polüestrist valmistatud nike elementali seljakott on lausa hädavajalik. selle suurde lukuga sahtlisse mahuvad lisaks raamatutele ja sülearvutile ka mugavalt sinu jalatsid või trenniriided. kaks välistaskut aitavad sul väikeseid esemeid korralikult ning ligipääsetavalt kaasas kanda.kahetaskuline lukuga peatasku pakub avarat ja turvalist hoiuruumi.mitmed lihtsasti ligipääsetavad taskud, sealhulgas veepudelihoidikud, tagavad mugava korral Vaata lähemalt ballzy.eu.",https://ballzy.eu/et/product/nk-elmntl-prm-bkpk-dn2555-010-misc-cnf,https://backend.ballzy.eu/media/catalog/product/n/i/nike-nk-elmntl-prm-bkpk-must-pedx.jpg,Nike,59.00 EUR,in_stock,Streetbrand OÜ,EE,true,false,true
SX5277_101_S_CNF,U nk everyday plus ltwt footie,"mugavalt paitud ventilatsiooniga&hellip; nike everyday plus kerged sokid pakuvad madala profiiliga mugavust mikro-nyloon- ja spandexlõngade seguga. higi eemaldav disain on pealt hingav, et hoida jalad jahedad ja kuivad&hellip; toote omadused: dri-fit tehnoloogia aitab hoida jalad kuivana ja mugavalt&hellip; kaarepael tundub toetav ja mugav&hellip; hingav konstruktsioon pealt&hellip; sisemine libisemisvastane silikoonitrükk kannal aitab vähendada libisemist&hellip; toote omaduste Vaata lähemalt ballzy.eu.",https://ballzy.eu/et/product/u-nk-everyday-plus-ltwt-footie-sx5277-101-s-cnf,https://backend.ballzy.eu/media/catalog/product/n/i/nike-u-nk-everyday-plus-ltwt-footie-valge-uy0h.jpg,Nike,19.00 EUR,in_stock,Streetbrand OÜ,EE,true,false,true
DX5025_010_S_CNF,U nk nsw everyday essential cr,"Nike sportswear everyday essentiali sokid on valmistatud pehmest ja venivast kangast, mis liibub su jalale, tagades mugavuse kogu päevaks. see toode on valmistatud vähemalt 75% taaskasutatud polüesterkiududest. Vaata lähemalt ballzy.eu.",https://ballzy.eu/et/product/u-nk-nsw-everyday-essential-cr-dx5025-010-s-cnf,https://backend.ballzy.eu/media/catalog/product/n/i/nike-u-nk-nsw-everyday-essential-cr-must-jesj.jpg,Nike,23.00 EUR,in_stock,Streetbrand OÜ,EE,true,false,true
13328667_L_CNF,Smiley originals po hoody,Spordiriided ballzy veebipoest. Vaata lähemalt ballzy.eu.,https://ballzy.eu/et/product/smiley-originals-po-hoody-13328667-l-cnf,https://backend.ballzy.eu/media/catalog/product/n/e/newera-smiley-originals-po-hoody-must-pswg.jpg,New Era,89.00 EUR,in_stock,Streetbrand OÜ,EE,true,false,true
I021756_89XX_M-L_CNF,Watch gloves,Spordiriided ballzy veebipoest. Vaata lähemalt ballzy.eu.,https://ballzy.eu/et/product/watch-gloves-i021756-89xx-m-l-cnf,https://backend.ballzy.eu/media/catalog/product/c/a/carhartt-watch-gloves-hall-0gps.jpg,Carhartt WIP,29.00 EUR,in_stock,Streetbrand OÜ,EE,true,false,true
MR530EMA_4_CNF,New balance 530,The 530 men’s sneaker is a throwback of one of our classic running shoes. this casual kick combines everyday style with modern tech. abzorb cushioning underfoot adds superior comfort. Vaata lähemalt ballzy.eu.,https://ballzy.eu/et/product/new-balance-530-mr530ema-4-cnf,https://backend.ballzy.eu/media/catalog/product/n/e/new-balance-new-balance-530-valge-4eov.jpg,New Balance,124.00 EUR,in_stock,Streetbrand OÜ,EE,true,false,true
IA3919_34_CNF,Puffer jacket,"sa võid olla füüsiliselt kaugel mäenõlvadest, kuid suusatamise meeleolu on selles adidas´i puffy jakis täiesti olemas. nii mahu kui ka soojuse eest hoolitseb polsterdatud konstruktsioon, mis loob muljet, samal ajal blokeerides külma. kui sul on vaja seda veelgi rohkem blokeerida, siis reguleeri lihtsalt piha ja tõmba jope täielikult kinni. abiks on kõrgendatud krae. valmistatud osaliselt taaskasutatud materjalist, mis on saadud tootmisjäätmetest, nt lõikamisjäätmetest, ja tarbija Vaata lähemalt ballzy.eu.",https://ballzy.eu/et/product/puffer-jacket-ia3919-34-cnf,https://backend.ballzy.eu/media/catalog/product/a/d/adidas-puffer-jacket-must-jemp.jpg,adidas Originals,169.00 EUR,in_stock,Streetbrand OÜ,EE,true,false,true
M2002RST_07_CNF,New balance 2002r,Spordiriided ballzy veebipoest. Vaata lähemalt ballzy.eu.,https://ballzy.eu/et/product/new-balance-2002r-m2002rst-07-cnf,https://backend.ballzy.eu/media/catalog/product/n/e/new-balance-new-balance-2002r-hall-rnls.jpg,New Balance,159.00 EUR,in_stock,Streetbrand OÜ,EE,true,false,true
JM102005_CNF,New repel spray refill,Spordiriided ballzy veebipoest. Vaata lähemalt ballzy.eu.,https://ballzy.eu/et/product/new-repel-spray-refill-jm102005-cnf,https://backend.ballzy.eu/media/catalog/product/j/a/jason-markk-new-repel-spray-refill-multicolor-iedc.jpg,Jason Markk,16.00 EUR,in_stock,Streetbrand OÜ,EE,true,false,true
JM1364_CNF,Premium microfiber towel,Spordiriided ballzy veebipoest. Vaata lähemalt ballzy.eu.,https://ballzy.eu/et/product/premium-microfiber-towel-jm1364-cnf,https://backend.ballzy.eu/media/catalog/product/j/a/jason-markk-premium-microfiber-towel-multicolor-bmoj.jpg,Jason Markk,13.00 EUR,in_stock,Streetbrand OÜ,EE,true,false,true
JM1647_CNF,Standard brush,Spordiriided ballzy veebipoest. Vaata lähemalt ballzy.eu.,https://ballzy.eu/et/product/standard-brush-jm1647-cnf,https://backend.ballzy.eu/media/catalog/product/j/a/jason-markk-standard-brush-multicolor-ltbo.jpg,Jason Markk,10.00 EUR,in_stock,Streetbrand OÜ,EE,true,false,true
JM2138_CNF,Jm travel kit,Spordiriided ballzy veebipoest. Vaata lähemalt ballzy.eu.,https://ballzy.eu/et/product/jm-travel-kit-jm2138-cnf,https://backend.ballzy.eu/media/catalog/product/j/a/jason-markk-jm-travel-kit-multicolor-jvbv.jpg,Jason Markk,39.00 EUR,in_stock,Streetbrand OÜ,EE,true,false,true
JM310410_CNF,Essential kit,Spordiriided ballzy veebipoest. Vaata lähemalt ballzy.eu.,https://ballzy.eu/et/product/essential-kit-jm310410-cnf,https://backend.ballzy.eu/media/catalog/product/j/a/jason-markk-hat-care-kit-multicolor-6m7v.jpg,Jason Markk,30.00 EUR,in_stock,Streetbrand OÜ,EE,true,false,true
JM4383_CNF,Premium brush,Spordiriided ballzy veebipoest. Vaata lähemalt ballzy.eu.,https://ballzy.eu/et/product/premium-brush-jm4383-cnf,https://backend.ballzy.eu/media/catalog/product/j/a/jason-markk-premium-brush-multicolor-i22l.jpg,Jason Markk,13.00 EUR,in_stock,Streetbrand OÜ,EE,true,false,true
LAS16463_BK_L_CNF,Unisex response performance crew 3 pairs,Spordiriided ballzy veebipoest. Vaata lähemalt ballzy.eu.,https://ballzy.eu/et/product/unisex-response-performance-crew-3-pairs-las16463-bk-l-cnf,https://backend.ballzy.eu/media/catalog/product/n/e/new-balance-unisex-response-performance-crew-3-pairs-must-tbcw.jpg,New Balance,14.00 EUR,in_stock,Streetbrand OÜ,EE,true,false,true
LAS16463_WT_L_CNF,Unisex response performance crew 3 pairs,Spordiriided ballzy veebipoest. Vaata lähemalt ballzy.eu.,https://ballzy.eu/et/product/unisex-response-performance-crew-3-pairs-las16463-wt-l-cnf,https://backend.ballzy.eu/media/catalog/product/n/e/new-balance-unisex-response-performance-crew-3-pairs-valge-immi.jpg,New Balance,14.00 EUR,in_stock,Streetbrand OÜ,EE,true,false,true
U9060GRY_8_CNF,New balance 9060,"New balance’s new 9060 silhouette fuses classic style with a contemporary, experimental approach to everyday versatility. the 9060 reinterprets familiar elements sourced from classic 99x models with a warped sensibility inspired by the proudly futuristic, visible tech aesthetic of the y2k era. sway bars, taken from the 990, are expanded and utilized throughout the entire upper for a sense of visible motion, while wavy lines and scaled up proportions on a sculpted pod midsole place an exaggerated Vaata lähemalt ballzy.eu.",https://ballzy.eu/et/product/new-balance-9060-u9060gry-8-cnf,https://backend.ballzy.eu/media/catalog/product/n/e/new-balance-new-balance-9060-hall-a8ju.jpg,New Balance,199.00 EUR,in_stock,Streetbrand OÜ,EE,true,false,true
DD1873_102_6_CNF,W nike dunk low next nature,"see on loodud kõva puidu jaoks, kuid viidud tänavale, '80ndate ikoon naaseb, et lasta sul teha head, nähes hea välja. nüüd valmistatud vähemalt 20% ulatuses taaskasutatud materjalidest, värskendasime klassikat, mis säilitab algse terviklikkuse, kuid mille mõju on minimaalne. sünteetilisest nahast valmistatud dunk low suunab tänavale vintage-pallurite stiili ja lihtsa eluviisi&hellip; toote omadused: sunburst-sümbol esindab 1 väikest sammu meie teekonnal move to zero&hellip; karge Vaata lähemalt ballzy.eu.",https://ballzy.eu/et/product/w-nike-dunk-low-next-nature-dd1873-102-6-cnf,https://backend.ballzy.eu/media/catalog/product/n/i/nike-w-nike-dunk-low-next-nature-must-ncr3.jpg,Nike,149.00 EUR,in_stock,Streetbrand OÜ,EE,true,false,true
BS7685_6.5_CNF,Club c 85,Spordiriided ballzy veebipoest. Vaata lähemalt ballzy.eu.,https://ballzy.eu/et/product/club-c-85-bs7685-6-5-cnf,https://backend.ballzy.eu/media/catalog/product/r/e/reebok-club-c-85-valge-a7bj.jpg,Reebok,74.00 EUR,in_stock,Streetbrand OÜ,EE,true,false,true
53834865_XS_CNF,Infuse tee,Spordiriided ballzy veebipoest. Vaata lähemalt ballzy.eu.,https://ballzy.eu/et/product/infuse-tee-53834865-xs-cnf,https://backend.ballzy.eu/media/catalog/product/p/u/puma-infuse-tee-lilla-gdtj.jpg,Puma,44.00 EUR,in_stock,Streetbrand OÜ,EE,true,false,true
53834889_XS_CNF,Infuse tee,Spordiriided ballzy veebipoest. Vaata lähemalt ballzy.eu.,https://ballzy.eu/et/product/infuse-tee-53834889-xs-cnf,https://backend.ballzy.eu/media/catalog/product/p/u/puma-infuse-tee-bee-5fhd.jpg,Puma,44.00 EUR,in_stock,Streetbrand OÜ,EE,true,false,true
HQ8708_8_CNF,Campus 00s,"kuigi adidas campus´i kingad debüteerisid kõvaplatsil, võeti need kiiresti kasutusele ka mujal. selle paari puhul liigutame ikoonilist siluetti teises suunas ning lisame sellele kaasaegseid materjale, värve ja proportsioone. need on tehtud esmaklassilise nahast pealsega, mis on vooderdatud pehme froteekangaga, kusjuures kõik see on paigutatud naturaalvalge vahepealse peale - selge ühendus campus´i pärandiga. Vaata lähemalt ballzy.eu.",https://ballzy.eu/et/product/campus-00s-hq8708-8-cnf,https://backend.ballzy.eu/media/catalog/product/a/d/adidas-campus-00s-must-fmln.jpg,adidas Originals,119.00 EUR,in_stock,Streetbrand OÜ,EE,true,false,true
DD1391_100_9_CNF,Nike dunk low retro,"true to your crew&hellip; nike dunk low retro, mis on loodud kõvaplatsile, kuid viidud tänavatele, naaseb teravate kattematerjalide ja originaalsete meeskonnavärvidega. see korvpalli ikoon kanaliseerib '80ndate vibratsiooni kõrgekvaliteedilise nahaga pealses, mis näeb hea välja ja murdub veelgi paremini. kaasaegne jalatsitehnoloogia aitab tuua mugavuse 21. sajandisse&hellip; toote omadused: premium nahk pealses on täiusliku läikega ja murdub ilusti sisse&hellip; kaasaegne vahtpol Vaata lähemalt ballzy.eu.",https://ballzy.eu/et/product/nike-dunk-low-retro-dd1391-100-9-cnf,https://backend.ballzy.eu/media/catalog/product/n/i/nike-nike-dunk-low-retro-must-vw3g.jpg,Nike,129.00 EUR,in_stock,Streetbrand OÜ,EE,true,false,true
30851329_040_CNF,Combs w,Spordiriided ballzy veebipoest. Vaata lähemalt ballzy.eu.,https://ballzy.eu/et/product/combs-w-30851329-040-cnf,https://backend.ballzy.eu/media/catalog/product/d/r/dr-martens-combs-w-bee-jgwj.jpg,Dr. Martens,159.00 EUR,in_stock,Streetbrand OÜ,EE,true,false,true
I026391_00HXX_S_CNF,S/s chase t-shirt,Spordiriided ballzy veebipoest. Vaata lähemalt ballzy.eu.,https://ballzy.eu/et/product/s-s-chase-t-shirt-i026391-00hxx-s-cnf,https://backend.ballzy.eu/media/catalog/product/c/a/carhartt-s-s-chase-t-shirt-sinine-oh6t.jpg,Carhartt WIP,39.00 EUR,in_stock,Streetbrand OÜ,EE,true,false,true
26002001_080_CNF,Embury,Spordiriided ballzy veebipoest. Vaata lähemalt ballzy.eu.,https://ballzy.eu/et/product/embury-26002001-080-cnf,https://backend.ballzy.eu/media/catalog/product/d/r/dr-martens-embury-must-qbkf.jpg,Dr. Martens,169.00 EUR,in_stock,Streetbrand OÜ,EE,true,false,true
60332142_2XL_CNF,Infill team logo jersey lakers,"Ole kogu päeva mugav selles mustas new era infill team logo särgis: klassikaline ümar kaelus nööbitava esiosaga, lühikesed varrukad ning silmapaistvad la lakersi meeskonna detailid. ideaalne igapäevaseks fännivarustuseks. Vaata lähemalt ballzy.eu.",https://ballzy.eu/et/product/infill-team-logo-jersey-lakers-60332142-2xl-cnf,https://backend.ballzy.eu/media/catalog/product/n/e/newera-infill-team-logo-jersey-lakers-must-fesd.jpg,New Era,69.00 EUR,in_stock,Streetbrand OÜ,EE,true,false,true
DV7616_010_S_CNF,M j ess stmt coaches jkt,Spordiriided ballzy veebipoest. Vaata lähemalt ballzy.eu.,https://ballzy.eu/et/product/m-j-ess-stmt-coaches-jkt-dv7616-010-s-cnf,https://backend.ballzy.eu/media/catalog/product/j/o/jordan-m-j-ess-stmt-coaches-jkt-must-yghj.jpg,Jordan,139.00 EUR,in_stock,Streetbrand OÜ,EE,true,false,true
30823292_070_CNF,Tarik,Spordiriided ballzy veebipoest. Vaata lähemalt ballzy.eu.,https://ballzy.eu/et/product/tarik-30823292-070-cnf,https://backend.ballzy.eu/media/catalog/product/d/r/dr-martens-tarik-bee-tiy3.jpg,Dr. Martens,169.00 EUR,in_stock,Streetbrand OÜ,EE,true,false,true
30852538_070_CNF,Ayce,Spordiriided ballzy veebipoest. Vaata lähemalt ballzy.eu.,https://ballzy.eu/et/product/ayce-30852538-070-cnf,https://backend.ballzy.eu/media/catalog/product/d/r/dr-martens-ayce-roheline-wvt0.jpg,Dr. Martens,119.00 EUR,in_stock,Streetbrand OÜ,EE,true,false,true
DN8396_100_S_CNF,Bkn m nk df shwtm ls fz ce,Spordiriided ballzy veebipoest. Vaata lähemalt ballzy.eu.,https://ballzy.eu/et/product/bkn-m-nk-df-shwtm-ls-fz-ce-dn8396-100-s-cnf,https://backend.ballzy.eu/media/catalog/product/n/i/nike-bkn-m-nk-df-shwtm-ls-fz-ce-valge-czgt.jpg,Nike,159.00 EUR,in_stock,Streetbrand OÜ,EE,true,false,true
N1002455127OS_1SIZE_CNF,Nike gathered hair ties 2.0 2,Spordiriided ballzy veebipoest. Vaata lähemalt ballzy.eu.,https://ballzy.eu/et/product/nike-gathered-hair-ties-2-0-2-n1002455127os-1size-cnf,https://backend.ballzy.eu/media/catalog/product/n/i/nike-nike-gathered-hair-ties-2-0-2-must-yymz.jpg,Nike,14.00 EUR,in_stock,Streetbrand OÜ,EE,true,false,true
60298663_OSFM_CNF,Ne heritage script 9twenty,Spordiriided ballzy veebipoest. Vaata lähemalt ballzy.eu.,https://ballzy.eu/et/product/ne-heritage-script-9twenty-60298663-osfm-cnf,https://backend.ballzy.eu/media/catalog/product/n/e/newera-ne-heritage-script-9twenty-must-atgy.jpg,New Era,34.00 EUR,in_stock,Streetbrand OÜ,EE,true,false,true
I013507_89XX_0_CNF,Clan scarf,Spordiriided ballzy veebipoest. Vaata lähemalt ballzy.eu.,https://ballzy.eu/et/product/clan-scarf-i013507-89xx-0-cnf,https://backend.ballzy.eu/media/catalog/product/c/a/carhartt-clan-scarf-must-h4bu.jpg,Carhartt WIP,59.00 EUR,in_stock,Streetbrand OÜ,EE,true,false,true
DK0A4YFWF311_27_CNF,Leesburg pant w,Spordiriided ballzy veebipoest. Vaata lähemalt ballzy.eu.,https://ballzy.eu/et/product/leesburg-pant-w-dk0a4yfwf311-27-cnf,https://backend.ballzy.eu/media/catalog/product/d/i/dickies-leesburg-pant-w-valge-sukl.jpg,Dickies,79.00 EUR,in_stock,Streetbrand OÜ,EE,true,false,true
I031363_1DIXX_XS_CNF,W´ l/s chromo shirt,"Carhartt wip naiste must l/s chromo särk keskmise raskusega puuvillase twilli pealispinnaga, millel on kogu ulatuses digitaalne chromo trükk, mis on inspireeritud tie dye’st. tavaline lõige, eest nööpidega kinnis ning kaks rinnataskut. Vaata lähemalt ballzy.eu.",https://ballzy.eu/et/product/w-l-s-chromo-shirt-i031363-1dixx-xs-cnf,https://backend.ballzy.eu/media/catalog/product/c/a/carhartt-w-l-s-chromo-shirt-must-v7ki.jpg,Carhartt WIP,89.00 EUR,in_stock,Streetbrand OÜ,EE,true,false,true
30821358_070_CNF,Dante,Spordiriided ballzy veebipoest. Vaata lähemalt ballzy.eu.,https://ballzy.eu/et/product/dante-30821358-070-cnf,https://backend.ballzy.eu/media/catalog/product/d/r/dr-martens-dante-roheline-7xpp.jpg,Dr. Martens,139.00 EUR,in_stock,Streetbrand OÜ,EE,true,false,true
30826292_040_CNF,Combs,Spordiriided ballzy veebipoest. Vaata lähemalt ballzy.eu.,https://ballzy.eu/et/product/combs-30826292-040-cnf,https://backend.ballzy.eu/media/catalog/product/d/r/dr-martens-combs-bee-7sqw.jpg,Dr. Martens,159.00 EUR,in_stock,Streetbrand OÜ,EE,true,false,true
I031355_00EXX_S_CNF,Darper jacket,Spordiriided ballzy veebipoest. Vaata lähemalt ballzy.eu.,https://ballzy.eu/et/product/darper-jacket-i031355-00exx-s-cnf,https://backend.ballzy.eu/media/catalog/product/c/a/carhartt-darper-jacket-must-92il.jpg,Carhartt WIP,259.00 EUR,in_stock,Streetbrand OÜ,EE,true,false,true
I031918_0202_XS_CNF,W´ brandon pant,Spordiriided ballzy veebipoest. Vaata lähemalt ballzy.eu.,https://ballzy.eu/et/product/w-brandon-pant-i031918-0202-xs-cnf,https://backend.ballzy.eu/media/catalog/product/c/a/carhartt-w-brandon-pant-valge-t7or.jpg,Carhartt WIP,89.00 EUR,in_stock,Streetbrand OÜ,EE,true,false,true
IC3031_OSFM_CNF,Pe dad cap,"see adidas´i müts on pakitav disainiga ja minimalistliku stiiliga, mis annab lihtsa emotsiooni. esmaklassiline puuvill ja niiskust eemaldav higipael tagavad mugavuse. Vaata lähemalt ballzy.eu.",https://ballzy.eu/et/product/pe-dad-cap-ic3031-osfm-cnf,https://backend.ballzy.eu/media/catalog/product/a/d/adidas-pe-dad-cap-must-araf.jpg,adidas Originals,29.00 EUR,in_stock,Streetbrand OÜ,EE,true,false,true
10745455_OSFA_CNF,940 leag basic yankees,Spordiriided ballzy veebipoest. Vaata lähemalt ballzy.eu.,https://ballzy.eu/et/product/940-leag-basic-yankees-10745455-osfa-cnf,https://backend.ballzy.eu/media/catalog/product/n/e/newera-940-leag-basic-yankees-valge-pnkm.jpg,New Era,29.00 EUR,in_stock,Streetbrand OÜ,EE,true,false,true
12380590_OSFM_CNF,League essential 940 yankees,Spordiriided ballzy veebipoest. Vaata lähemalt ballzy.eu.,https://ballzy.eu/et/product/league-essential-940-yankees-12380590-osfm-cnf,https://backend.ballzy.eu/media/catalog/product/n/e/newera-league-essential-940-yankees-must-jogu.jpg,New Era,29.00 EUR,in_stock,Streetbrand OÜ,EE,true,false,true
I031461_1ECXX_S_CNF,S/s reyes shirt,"Mitmevärviline lühikeste varrukatega reyes-särk carhartt wip-ilt, valmistatud 100% jätkusuutlikust viskoosist. lühikeste varrukatega meeste särk reyes stripe’i värvikombinatsiooniga toonides wax/black. Vaata lähemalt ballzy.eu.",https://ballzy.eu/et/product/s-s-reyes-shirt-i031461-1ecxx-s-cnf,https://backend.ballzy.eu/media/catalog/product/c/a/carhartt-s-s-reyes-shirt-sinine-vdzl.jpg,Carhartt WIP,99.00 EUR,in_stock,Streetbrand OÜ,EE,true,false,true
DX0598_010_S_CNF,M j westbrook jkt,Spordiriided ballzy veebipoest. Vaata lähemalt ballzy.eu.,https://ballzy.eu/et/product/m-j-westbrook-jkt-dx0598-010-s-cnf,https://backend.ballzy.eu/media/catalog/product/j/o/jordan-m-j-westbrook-jkt-must-w9mf.jpg,Jordan,199.00 EUR,in_stock,Streetbrand OÜ,EE,true,false,true
DD1503_118_6.5_CNF,W nike dunk low,"true to your crew&hellip; kõvakatteks loodud, kuid tänavatele viidud '80ndate b-palli ikoon naaseb ideaalselt läikivate kattekihide ja klassikaliste meeskonnavärvidega. ikoonilise korvpallidisainiga nike dunk low suunab '80ndate vintage´i tagasi tänavatele, samas kui selle polsterdatud, madala lõikega krae võimaldab sul oma mängu kõikjale kaasa võtta - mugavalt&hellip; toote omadused: pealse karge nahk on kergelt läikiv, vananeb pehmeks täiuslikkuseks ja sellel on '80ndate b-ball Vaata lähemalt ballzy.eu.",https://ballzy.eu/et/product/w-nike-dunk-low-dd1503-118-6-5-cnf,https://backend.ballzy.eu/media/catalog/product/n/i/nike-w-nike-dunk-low-roosa-jzgd.jpg,Nike,139.00 EUR,in_stock,Streetbrand OÜ,EE,true,false,true
DK0A4TKVBLK1_OSFA_CNF,Hardwick,Spordiriided ballzy veebipoest. Vaata lähemalt ballzy.eu.,https://ballzy.eu/et/product/hardwick-dk0a4tkvblk1-osfa-cnf,https://backend.ballzy.eu/media/catalog/product/d/i/dickies-hardwick-must-6oar.jpg,Dickies,34.00 EUR,in_stock,Streetbrand OÜ,EE,true,false,true
I029789_0VZGD_26_CNF,W´ collins pant,Spordiriided ballzy veebipoest. Vaata lähemalt ballzy.eu.,https://ballzy.eu/et/product/w-collins-pant-i029789-0vzgd-26-cnf,https://backend.ballzy.eu/media/catalog/product/c/a/carhartt-w-collins-pant-bee-k1bl.jpg,Carhartt WIP,99.00 EUR,in_stock,Streetbrand OÜ,EE,true,false,true
I030483_1D3FH_26_CNF,W´ pierce short,Spordiriided ballzy veebipoest. Vaata lähemalt ballzy.eu.,https://ballzy.eu/et/product/w-pierce-short-i030483-1d3fh-26-cnf,https://backend.ballzy.eu/media/catalog/product/c/a/carhartt-w-pierce-short-lilla-xzfe.jpg,Carhartt WIP,99.00 EUR,in_stock,Streetbrand OÜ,EE,true,false,true
I030501_8902_XS_CNF,W´ master skirt,Spordiriided ballzy veebipoest. Vaata lähemalt ballzy.eu.,https://ballzy.eu/et/product/w-master-skirt-i030501-8902-xs-cnf,https://backend.ballzy.eu/media/catalog/product/c/a/carhartt-w-master-skirt-must-4uea.jpg,Carhartt WIP,69.00 EUR,in_stock,Streetbrand OÜ,EE,true,false,true
I031572_0506_XS_CNF,W´ saledo jacket,Spordiriided ballzy veebipoest. Vaata lähemalt ballzy.eu.,https://ballzy.eu/et/product/w-saledo-jacket-i031572-0506-xs-cnf,https://backend.ballzy.eu/media/catalog/product/c/a/carhartt-w-saledo-jacket-bee-iec6.jpg,Carhartt WIP,144.00 EUR,in_stock,Streetbrand OÜ,EE,true,false,true
SX7673_100_S_CNF,U nk everyday cush ns 3pr 132,"mugavus ja tugevus&hellip; nike everyday cushioned sokid annavad jõudu treeningule. paks froteepõhi annab sulle lisamugavust jalaharjutuste ja tõstete tegemiseks, samas kui ribiline kaareriba ümbritseb sinu keskjalga, et tagada toetav tunne&hellip; toote omadused: dri-fit tehnoloogia aitab hoida jalad kuivana ja mugavalt&hellip; paks froteepõhi pakub mugavust ja löögiabi&hellip; ribitud kaarevöönd pakub toetavat tunnet&hellip; nähtamatu siluett annab madala profiili&hellip; toote Vaata lähemalt ballzy.eu.",https://ballzy.eu/et/product/u-nk-everyday-cush-ns-3pr-132-sx7673-100-s-cnf,https://backend.ballzy.eu/media/catalog/product/n/i/nike-u-nk-everyday-cush-ns-3pr-132-valge-6u98.jpg,Nike,19.00 EUR,in_stock,Streetbrand OÜ,EE,true,false,true
10076_05750_CNF,Daypack,Spordiriided ballzy veebipoest. Vaata lähemalt ballzy.eu.,https://ballzy.eu/et/product/daypack-10076-05750-cnf,https://backend.ballzy.eu/media/catalog/product/h/e/herschel-daypack-valge-86zh.jpg,Herschel,54.00 EUR,in_stock,Streetbrand OÜ,EE,true,false,true
10968_00919_CNF,Heritage,Spordiriided ballzy veebipoest. Vaata lähemalt ballzy.eu.,https://ballzy.eu/et/product/heritage-10968-00919-cnf,https://backend.ballzy.eu/media/catalog/product/h/e/herschel-heritage-hall-vmh1.jpg,Herschel,79.00 EUR,in_stock,Streetbrand OÜ,EE,true,false,true
11054_05726_CNF,Seventeen,Spordiriided ballzy veebipoest. Vaata lähemalt ballzy.eu.,https://ballzy.eu/et/product/seventeen-11054-05726-cnf,https://backend.ballzy.eu/media/catalog/product/h/e/herschel-seventeen-must-xnqd.jpg,Herschel,49.00 EUR,in_stock,Streetbrand OÜ,EE,true,false,true
VN0007AF3KS1_651_CNF,Anaheim sidewall sock,Spordiriided ballzy veebipoest. Vaata lähemalt ballzy.eu.,https://ballzy.eu/et/product/anaheim-sidewall-sock-vn0007af3ks1-651-cnf,https://backend.ballzy.eu/media/catalog/product/v/a/vans-anaheim-sidewall-sock-valge-aqh1.jpg,Vans,29.00 EUR,in_stock,Streetbrand OÜ,EE,true,false,true
10076_05726_CNF,Daypack,Spordiriided ballzy veebipoest. Vaata lähemalt ballzy.eu.,https://ballzy.eu/et/product/daypack-10076-05726-cnf,https://backend.ballzy.eu/media/catalog/product/h/e/herschel-daypack-sinine-8gi0.jpg,Herschel,54.00 EUR,in_stock,Streetbrand OÜ,EE,true,false,true
I031554_0WF02_27_CNF,W´ pierce pant straight,Spordiriided ballzy veebipoest. Vaata lähemalt ballzy.eu.,https://ballzy.eu/et/product/w-pierce-pant-straight-i031554-0wf02-27-cnf,https://backend.ballzy.eu/media/catalog/product/c/a/carhartt-w-pierce-pant-straight-hall-kn5s.jpg,Carhartt WIP,89.00 EUR,in_stock,Streetbrand OÜ,EE,true,false,true
11238_05862_CNF,Heritage,Spordiriided ballzy veebipoest. Vaata lähemalt ballzy.eu.,https://ballzy.eu/et/product/heritage-11238-05862-cnf,https://backend.ballzy.eu/media/catalog/product/h/e/herschel-heritage-sinine-lokh.jpg,Herschel,89.00 EUR,in_stock,Streetbrand OÜ,EE,true,false,true
I031936_0106_XS_CNF,W´ alma jacket,Spordiriided ballzy veebipoest. Vaata lähemalt ballzy.eu.,https://ballzy.eu/et/product/w-alma-jacket-i031936-0106-xs-cnf,https://backend.ballzy.eu/media/catalog/product/c/a/carhartt-w-alma-jacket-sinine-mcaq.jpg,Carhartt WIP,149.00 EUR,in_stock,Streetbrand OÜ,EE,true,false,true
DX9667_277_2XL_CNF,M j ess flc hbr short,Spordiriided ballzy veebipoest. Vaata lähemalt ballzy.eu.,https://ballzy.eu/et/product/m-j-ess-flc-hbr-short-dx9667-277-2xl-cnf,https://backend.ballzy.eu/media/catalog/product/j/o/jordan-m-j-ess-flc-hbr-short-pruun-c751.jpg,Jordan,59.00 EUR,in_stock,Streetbrand OÜ,EE,true,false,true
129443_36_CNF,Arizona eva,Spordiriided ballzy veebipoest. Vaata lähemalt ballzy.eu.,https://ballzy.eu/et/product/arizona-eva-129443-36-cnf,https://backend.ballzy.eu/media/catalog/product/b/i/birkenstock-arizona-eva-valge-mfmy.jpg,Birkenstock,54.00 EUR,in_stock,Streetbrand OÜ,EE,true,false,true
752483_36_CNF,Arizona sfb leoi,Spordiriided ballzy veebipoest. Vaata lähemalt ballzy.eu.,https://ballzy.eu/et/product/arizona-sfb-leoi-752483-36-cnf,https://backend.ballzy.eu/media/catalog/product/b/i/birkenstock-arizona-sfb-leoi-must-7ggc.jpg,Birkenstock,139.00 EUR,in_stock,Streetbrand OÜ,EE,true,false,true
390000202_0001_OS_CNF,Kiss the sky trucker hat,Spordiriided ballzy veebipoest. Vaata lähemalt ballzy.eu.,https://ballzy.eu/et/product/kiss-the-sky-trucker-hat-390000202-0001-os-cnf,https://backend.ballzy.eu/media/catalog/product/m/a/market-kiss-the-sky-trucker-hat-must-ogyt.jpg,Market,59.00 EUR,in_stock,Streetbrand OÜ,EE,true,false,true
395000610_1245_S_CNF,Rug dealer throwback arc shorts,Spordiriided ballzy veebipoest. Vaata lähemalt ballzy.eu.,https://ballzy.eu/et/product/rug-dealer-throwback-arc-shorts-395000610-1245-s-cnf,https://backend.ballzy.eu/media/catalog/product/m/a/market-rug-dealer-throwback-arc-shorts-sinine-smb7.jpg,Market,94.00 EUR,in_stock,Streetbrand OÜ,EE,true,false,true
396000921_0001_S_CNF,Contemporary art market crewneck sweatshirt,Spordiriided ballzy veebipoest. Vaata lähemalt ballzy.eu.,https://ballzy.eu/et/product/contemporary-art-market-crewneck-sweatshirt-396000921-0001-s-cnf,https://backend.ballzy.eu/media/catalog/product/m/a/market-contemporary-art-market-crewneck-sweatshirt-must-on4b.jpg,Market,119.00 EUR,in_stock,Streetbrand OÜ,EE,true,false,true
397000488_1245_S_CNF,Rug dealer throwback arc hoodie,Spordiriided ballzy veebipoest. Vaata lähemalt ballzy.eu.,https://ballzy.eu/et/product/rug-dealer-throwback-arc-hoodie-397000488-1245-s-cnf,https://backend.ballzy.eu/media/catalog/product/m/a/market-rug-dealer-throwback-arc-hoodie-sinine-hs7e.jpg,Market,149.00 EUR,in_stock,Streetbrand OÜ,EE,true,false,true
U9060BLK_5_CNF,New balance 9060,"New balance’s new 9060 silhouette fuses classic style with a contemporary, experimental approach to everyday versatility. the 9060 reinterprets familiar elements sourced from classic 99x models with a warped sensibility inspired by the proudly futuristic, visible tech aesthetic of the y2k era. sway bars, taken from the 990, are expanded and utilized throughout the entire upper for a sense of visible motion, while wavy lines and scaled up proportions on a sculpted pod midsole place an exaggerated Vaata lähemalt ballzy.eu.",https://ballzy.eu/et/product/new-balance-9060-u9060blk-5-cnf,https://backend.ballzy.eu/media/catalog/product/n/e/new-balance-new-balance-9060-must-jfih.jpg,New Balance,199.00 EUR,in_stock,Streetbrand OÜ,EE,true,false,true
I032433_00EXX_M_CNF,Ryan belt,Spordiriided ballzy veebipoest. Vaata lähemalt ballzy.eu.,https://ballzy.eu/et/product/ryan-belt-i032433-00exx-m-cnf,https://backend.ballzy.eu/media/catalog/product/c/a/carhartt-ryan-belt-must-e5v5.jpg,Carhartt WIP,59.00 EUR,in_stock,Streetbrand OÜ,EE,true,false,true
27021001_30_CNF,Tarik,Spordiriided ballzy veebipoest. Vaata lähemalt ballzy.eu.,https://ballzy.eu/et/product/tarik-27021001-30-cnf,https://backend.ballzy.eu/media/catalog/product/d/r/dr-martens-tarik-must-4jhw.jpg,Dr. Martens,189.00 EUR,in_stock,Streetbrand OÜ,EE,true,false,true
31163115_30_CNF,Boury,Spordiriided ballzy veebipoest. Vaata lähemalt ballzy.eu.,https://ballzy.eu/et/product/boury-31163115-30-cnf,https://backend.ballzy.eu/media/catalog/product/d/r/dr-martens-boury-bee-uzjt.jpg,Dr. Martens,179.00 EUR,in_stock,Streetbrand OÜ,EE,true,false,true
397000549_1065_S_CNF,Market mha hoodie,Spordiriided ballzy veebipoest. Vaata lähemalt ballzy.eu.,https://ballzy.eu/et/product/market-mha-hoodie-397000549-1065-s-cnf,https://backend.ballzy.eu/media/catalog/product/m/a/market-market-mha-hoodie-pruun-e3tm.jpg,Market,134.00 EUR,in_stock,Streetbrand OÜ,EE,true,false,true
399001485_1201_S_CNF,Bob marley soccer t-shirt,Spordiriided ballzy veebipoest. Vaata lähemalt ballzy.eu.,https://ballzy.eu/et/product/bob-marley-soccer-t-shirt-399001485-1201-s-cnf,https://backend.ballzy.eu/media/catalog/product/m/a/market-bob-marley-soccer-t-shirt-valge-docp.jpg,Market,74.00 EUR,in_stock,Streetbrand OÜ,EE,true,false,true
VN0006F3BR41_S_CNF,Leisure crew vans,Spordiriided ballzy veebipoest. Vaata lähemalt ballzy.eu.,https://ballzy.eu/et/product/leisure-crew-vans-vn0006f3br41-s-cnf,https://backend.ballzy.eu/media/catalog/product/v/a/vans-leisure-crew-vans-sinine-cwjn.jpg,Vans,89.00 EUR,in_stock,Streetbrand OÜ,EE,true,false,true
10005_05643_CNF,Settlement,Spordiriided ballzy veebipoest. Vaata lähemalt ballzy.eu.,https://ballzy.eu/et/product/settlement-10005-05643-cnf,https://backend.ballzy.eu/media/catalog/product/h/e/herschel-settlement-hall-jrfi.jpg,Herschel,79.00 EUR,in_stock,Streetbrand OÜ,EE,true,false,true
11146_00001_CNF,Charlie leather rfid,Spordiriided ballzy veebipoest. Vaata lähemalt ballzy.eu.,https://ballzy.eu/et/product/charlie-leather-rfid-11146-00001-cnf,https://backend.ballzy.eu/media/catalog/product/h/e/herschel-charlie-leather-rfid-must-vxko.jpg,Herschel,49.00 EUR,in_stock,Streetbrand OÜ,EE,true,false,true
27778001_30_CNF,Thurston chukka,Spordiriided ballzy veebipoest. Vaata lähemalt ballzy.eu.,https://ballzy.eu/et/product/thurston-chukka-27778001-30-cnf,https://backend.ballzy.eu/media/catalog/product/d/r/dr-martens-thurston-chukka-must-f6cl.jpg,Dr. Martens,169.00 EUR,in_stock,Streetbrand OÜ,EE,true,false,true
DK0A4XEKC151_26_CNF,Ellendale denim,Spordiriided ballzy veebipoest. Vaata lähemalt ballzy.eu.,https://ballzy.eu/et/product/ellendale-denim-dk0a4xekc151-26-cnf,https://backend.ballzy.eu/media/catalog/product/d/i/dickies-ellendale-denim-sinine-xbgc.jpg,Dickies,84.00 EUR,in_stock,Streetbrand OÜ,EE,true,false,true
DK0A4XFLRBK1_32_30_CNF,Houston denim,Spordiriided ballzy veebipoest. Vaata lähemalt ballzy.eu.,https://ballzy.eu/et/product/houston-denim-dk0a4xflrbk1-32-30-cnf,https://backend.ballzy.eu/media/catalog/product/d/i/dickies-houston-denim-must-buie.jpg,Dickies,84.00 EUR,in_stock,Streetbrand OÜ,EE,true,false,true
DK0A4XKBF901_26_CNF,Elizaville rec,Spordiriided ballzy veebipoest. Vaata lähemalt ballzy.eu.,https://ballzy.eu/et/product/elizaville-rec-dk0a4xkbf901-26-cnf,https://backend.ballzy.eu/media/catalog/product/d/i/dickies-elizaville-rec-bee-gkka.jpg,Dickies,74.00 EUR,in_stock,Streetbrand OÜ,EE,true,false,true
DK0A4XKCKHK1_XS_CNF,Lined eisnhowr crop w,Spordiriided ballzy veebipoest. Vaata lähemalt ballzy.eu.,https://ballzy.eu/et/product/lined-eisnhowr-crop-w-dk0a4xkckhk1-xs-cnf,https://backend.ballzy.eu/media/catalog/product/d/i/dickies-lined-eisnhowr-crop-w-pruun-5mv2.jpg,Dickies,99.00 EUR,in_stock,Streetbrand OÜ,EE,true,false,true
DK0A4YJCBLK1_XS_CNF,Jackson cargo w,Spordiriided ballzy veebipoest. Vaata lähemalt ballzy.eu.,https://ballzy.eu/et/product/jackson-cargo-w-dk0a4yjcblk1-xs-cnf,https://backend.ballzy.eu/media/catalog/product/d/i/dickies-jackson-cargo-w-must-sqhu.jpg,Dickies,89.00 EUR,in_stock,Streetbrand OÜ,EE,true,false,true
DH9073_011_2XL_CNF,M j df sprt woven pant,Spordiriided ballzy veebipoest. Vaata lähemalt ballzy.eu.,https://ballzy.eu/et/product/m-j-df-sprt-woven-pant-dh9073-011-2xl-cnf,https://backend.ballzy.eu/media/catalog/product/j/o/jordan-m-j-df-sprt-woven-pant-must-biyy.jpg,Jordan,69.00 EUR,in_stock,Streetbrand OÜ,EE,true,false,true
DX5575_001_10_CNF,Jordan post slide,"Kiired, mugavad, stiilsed. need plätud on tehtud tugevast, painduvast vahust, mis tagab kindla istuvuse igal sammul. lai jalatugi hoiab jala paigal ning asümmeetriline disain loob ainulaadse välimuse.vahtmaterjalist platvorm pakub kergekaalulist ja vastupidavat pehmendust.painduv, reljeefse mustriga tald tagab hea haakuvuse igapäevaseks kasutamiseks. Vaata lähemalt ballzy.eu.",https://ballzy.eu/et/product/jordan-post-slide-dx5575-001-10-cnf,https://backend.ballzy.eu/media/catalog/product/j/o/jordan-jordan-post-slide-must-s1b8.jpg,Jordan,39.00 EUR,in_stock,Streetbrand OÜ,EE,true,false,true
I025061_G102_26_CNF,W´ master pant,Spordiriided ballzy veebipoest. Vaata lähemalt ballzy.eu.,https://ballzy.eu/et/product/w-master-pant-i025061-g102-26-cnf,https://backend.ballzy.eu/media/catalog/product/c/a/carhartt-w-master-pant-bee-k42i.jpg,Carhartt WIP,79.00 EUR,in_stock,Streetbrand OÜ,EE,true,false,true
I032644_0M4XX_XS_CNF,W´ hooded casey sweatshirt,Spordiriided ballzy veebipoest. Vaata lähemalt ballzy.eu.,https://ballzy.eu/et/product/w-hooded-casey-sweatshirt-i032644-0m4xx-xs-cnf,https://backend.ballzy.eu/media/catalog/product/c/a/carhartt-w-hooded-casey-sweatshirt-must-nku0.jpg,Carhartt WIP,79.00 EUR,in_stock,Streetbrand OÜ,EE,true,false,true
12285467_OSFM_CNF,Essential af trucker yankees,Spordiriided ballzy veebipoest. Vaata lähemalt ballzy.eu.,https://ballzy.eu/et/product/essential-af-trucker-yankees-12285467-osfm-cnf,https://backend.ballzy.eu/media/catalog/product/n/e/newera-essential-af-trucker-yankees-valge-gnf1.jpg,New Era,34.00 EUR,in_stock,Streetbrand OÜ,EE,true,false,true
360001278_1228_OS_CNF,Alone at peace socks,Spordiriided ballzy veebipoest. Vaata lähemalt ballzy.eu.,https://ballzy.eu/et/product/alone-at-peace-socks-360001278-1228-os-cnf,https://backend.ballzy.eu/media/catalog/product/m/a/market-alone-at-peace-socks-bee-0m5e.jpg,Market,24.00 EUR,in_stock,Streetbrand OÜ,EE,true,false,true
390000313_0001_OS_CNF,Offset arc 6 panel hat,Spordiriided ballzy veebipoest. Vaata lähemalt ballzy.eu.,https://ballzy.eu/et/product/offset-arc-6-panel-hat-390000313-0001-os-cnf,https://backend.ballzy.eu/media/catalog/product/m/a/market-offset-arc-6-panel-hat-must-rb0k.jpg,Market,59.00 EUR,in_stock,Streetbrand OÜ,EE,true,false,true
390000314_0001_OS_CNF,Creative services tech hat,Spordiriided ballzy veebipoest. Vaata lähemalt ballzy.eu.,https://ballzy.eu/et/product/creative-services-tech-hat-390000314-0001-os-cnf,https://backend.ballzy.eu/media/catalog/product/m/a/market-creative-services-tech-hat-must-2hue.jpg,Market,59.00 EUR,in_stock,Streetbrand OÜ,EE,true,false,true
390000316_0001_OS_CNF,What is life tech hat,Spordiriided ballzy veebipoest. Vaata lähemalt ballzy.eu.,https://ballzy.eu/et/product/what-is-life-tech-hat-390000316-0001-os-cnf,https://backend.ballzy.eu/media/catalog/product/m/a/market-what-is-life-tech-hat-must-ylbv.jpg,Market,59.00 EUR,in_stock,Streetbrand OÜ,EE,true,false,true
60364301_OSFM_CNF,Wmns pu 9forty yankees,Spordiriided ballzy veebipoest. Vaata lähemalt ballzy.eu.,https://ballzy.eu/et/product/wmns-pu-9forty-yankees-60364301-osfm-cnf,https://backend.ballzy.eu/media/catalog/product/n/e/newera-wmns-pu-9forty-yankees-must-1twp.jpg,New Era,34.00 EUR,in_stock,Streetbrand OÜ,EE,true,false,true
DD1503_101_6.5_CNF,W nike dunk low,"true to your crew&hellip; kõvakatteks loodud, kuid tänavatele viidud '80ndate b-palli ikoon naaseb ideaalselt läikivate kattekihide ja klassikaliste meeskonnavärvidega. ikoonilise korvpallidisainiga nike dunk low suunab '80ndate vintage´i tagasi tänavatele, samas kui selle polsterdatud, madala lõikega krae võimaldab sul oma mängu kõikjale kaasa võtta - mugavalt&hellip; toote omadused: pealse karge nahk on kergelt läikiv, vananeb pehmeks täiuslikkuseks ja sellel on '80ndate b-ball Vaata lähemalt ballzy.eu.",https://ballzy.eu/et/product/w-nike-dunk-low-dd1503-101-6-5-cnf,https://backend.ballzy.eu/media/catalog/product/n/i/nike-w-nike-dunk-low-must-bmkz.jpg,Nike,139.00 EUR,in_stock,Streetbrand OÜ,EE,true,false,true
DH2925_001_1.5Y_CNF,Force 1 le ps,"salute to a legendale… sellest ongi legendid tehtud. nike force 1 le toob tagasi 82. aasta kõvapuu ikooni igapäevaseks stiiliks, mis on kas täielikult valge või täielikult must. lase vastupidavusel, pehmendusel ja tunnetusel tutvustada väikestele jalgadele klassikalist… toote omadused: ehtne ja sünteetiline nahk on vastupidav ja kergesti puhastatav… pehme vaht annab klassikalise pehmenduse… kummist tald toob vastupidava haardumise… toote omaduste alapealkirjad: Vaata lähemalt ballzy.eu.",https://ballzy.eu/et/product/force-1-le-ps-dh2925-001-1-5y-cnf,https://backend.ballzy.eu/media/catalog/product/n/i/nike-force-1-le-ps-must-fouj.jpg,Nike,79.00 EUR,in_stock,Streetbrand OÜ,EE,true,false,true
DK0A4YF3G231_31_CNF,Ellis pant,Spordiriided ballzy veebipoest. Vaata lähemalt ballzy.eu.,https://ballzy.eu/et/product/ellis-pant-dk0a4yf3g231-31-cnf,https://backend.ballzy.eu/media/catalog/product/d/i/dickies-ellis-pant-must-sutw.jpg,Dickies,79.00 EUR,in_stock,Streetbrand OÜ,EE,true,false,true
MR530CK_4.5_CNF,New balance 530,Spordiriided ballzy veebipoest. Vaata lähemalt ballzy.eu.,https://ballzy.eu/et/product/new-balance-530-mr530ck-4-5-cnf,https://backend.ballzy.eu/media/catalog/product/n/e/new-balance-new-balance-530-hall-gwaj.jpg,New Balance,129.00 EUR,in_stock,Streetbrand OÜ,EE,true,false,true
60364230_OSFM_CNF,Multi texture 9forty dodgers,Spordiriided ballzy veebipoest. Vaata lähemalt ballzy.eu.,https://ballzy.eu/et/product/multi-texture-9forty-dodgers-60364230-osfm-cnf,https://backend.ballzy.eu/media/catalog/product/n/e/newera-multi-texture-9forty-dodgers-bee-mtla.jpg,New Era,34.00 EUR,in_stock,Streetbrand OÜ,EE,true,false,true
IF6562_4.5_CNF,Handball spezial w,"adidas spezial jalanõud võeti kasutusele 1979. aastal käsipallisportlaste jaoks, kuid ei läinud kaua aega, enne kui nende vaieldamatu stiil sillutas teed ka väljapoole siseplatsi. see paar tähistab seda rikkalikku minevikku koos iseloomulike disainielementidega, alates mokkamaterjalist pealsest kuni t-kujulise varbakastini. eredad kaasaegsed värvikombinatsioonid lisavad silmapaistvat välimust. pange need jalga ja väljendage oma stiili vintage´ile omaselt. Vaata lähemalt ballzy.eu.",https://ballzy.eu/et/product/handball-spezial-w-if6562-4-5-cnf,https://backend.ballzy.eu/media/catalog/product/a/d/adidas-handball-spezial-w-hall-gytx.jpg,adidas Originals,119.00 EUR,in_stock,Streetbrand OÜ,EE,true,false,true
60424659_OSFM_CNF,Wmns houndstooth 9forty yankees,Spordiriided ballzy veebipoest. Vaata lähemalt ballzy.eu.,https://ballzy.eu/et/product/wmns-houndstooth-9forty-yankees-60424659-osfm-cnf,https://backend.ballzy.eu/media/catalog/product/n/e/newera-wmns-houndstooth-9forty-yankees-must-eloe.jpg,New Era,34.00 EUR,in_stock,Streetbrand OÜ,EE,true,false,true
CW2289_001_8_CNF,Air force 1 mid ´07,"legendaarne af1 stiil&hellip; air force 1 mid '07 on kõik, mida sa kõige paremini tunned: teravad katted, julged aktsendid ja täiuslik kogus välku, mis laseb sul särada. pehmendusega, keskmise lõikega krae koos klassikalise konksuga lisab b-palli mugavust, samal ajal kui perforeeringud varvastel hoiavad sind jahedana&hellip; toote omadused: pehmendusega, keskmise lõikega krae koos klassikalise konksuga lisab mugavust: üle 35 aasta on see olnud mugavus ja vastupidavus otse karbist Vaata lähemalt ballzy.eu.",https://ballzy.eu/et/product/air-force-1-mid-07-cw2289-001-8-cnf,https://backend.ballzy.eu/media/catalog/product/n/i/nike-air-force-1-mid-07-must-sxkf.jpg,Nike,149.00 EUR,in_stock,Streetbrand OÜ,EE,true,false,true
DD8959_001_6.5_CNF,Wmns air force 1 ´07,"legendaarne stiil refined&hellip; sära elab edasi nike air force 1 ´07-s, b-palli ikoonis, mis paneb värske pöörde sellele, mida tunned kõige paremini: karge nahk, julged värvid ja täiuslik kogus välgust, et sind särada&hellip; toote omadused: nike air pehmendus lisab kerget ja kogu päeva kestvat mugavust&hellip; madalalt lõigatud siluett lisab puhta ja voolujoonelise välimuse&hellip; pehmendusega krae on pehme ja mugav&hellip; toote omadused alapealkirjad: pehmendusega krae on p Vaata lähemalt ballzy.eu.",https://ballzy.eu/et/product/wmns-air-force-1-07-dd8959-001-6-5-cnf,https://backend.ballzy.eu/media/catalog/product/n/i/nike-wmns-air-force-1-07-must-pzvr.jpg,Nike,134.00 EUR,in_stock,Streetbrand OÜ,EE,true,false,true
DM4044_100_10_CNF,Nike cortez,"oli 1972. nüüd 2023. mõnikord on rohkem parem. ümberkujundades austusväärse välimuse, oleme uuendanud disaini laiema varbaosa ja tugevamate külgpaneelidega, et saaksite neid mugavalt kanda iga päev. ümbertöödeldud materjalid aitavad vältida väändumist ja lisavad vastupidavust, säilitades samas klassikalise '72 kuju, millesse armunud olete. pitsid, sest traditsioonid muutuvad aina paremaks&hellip; toote omadused: uuesti töödeldud nahast ja tekstiilist materjalid säilitavad sinu ar Vaata lähemalt ballzy.eu.",https://ballzy.eu/et/product/nike-cortez-dm4044-100-10-cnf,https://backend.ballzy.eu/media/catalog/product/n/i/nike-nike-cortez-valge-cflb.jpg,Nike,109.00 EUR,in_stock,Streetbrand OÜ,EE,true,false,true
A30004_35_37_CNF,Merino socks,"Tunne lamba pehmet kallistust ümber oma jalgade! millest me sokime? aja oma igapäevased toimetused korda, roni mõne mäe otsa või istu niisama kodus. mitmekülgsed, mugavad ja kerget hooldust vajavad meriinovillased sokid on nüüd sinu teenistuses! Vaata lähemalt ballzy.eu.",https://ballzy.eu/et/product/merino-socks-a30004-35-37-cnf,https://backend.ballzy.eu/media/catalog/product/w/o/woolish-merino-socks-must-xbex.jpg,Woolish,34.00 EUR,in_stock,Streetbrand OÜ,EE,true,false,true
DK0A4YF1G281_33_CNF,Alma pant,Spordiriided ballzy veebipoest. Vaata lähemalt ballzy.eu.,https://ballzy.eu/et/product/alma-pant-dk0a4yf1g281-33-cnf,https://backend.ballzy.eu/media/catalog/product/d/i/dickies-alma-pant-must-d9vz.jpg,Dickies,89.00 EUR,in_stock,Streetbrand OÜ,EE,true,false,true
DX5080_050_L_CNF,U nk nsw everyday essential an,"casual comfort&hellip; nike everyday essential ankle socks on kerge stiil, mis on pehme sportliku tunnetusega ja valmis igapäevaseks kandmiseks. see toode on valmistatud vähemalt 75% ulatuses ümbertöödeldud polüesterkiududest&hellip; toote omadused: 1/4-pikkune siluett pakub pahkluude katmist&hellip; paks froteepõhi pakub mugavust ja löögisummutust&hellip; dri-fit tehnoloogia aitab jalgadel kuivana ja mugavalt püsida&hellip; kaare ümber olev rihm on mugav ja toetav&hellip; hingav Vaata lähemalt ballzy.eu.",https://ballzy.eu/et/product/u-nk-nsw-everyday-essential-an-dx5080-050-l-cnf,https://backend.ballzy.eu/media/catalog/product/n/i/nike-u-nk-nsw-everyday-essential-an-hall-k9lw.jpg,Nike,19.00 EUR,in_stock,Streetbrand OÜ,EE,true,false,true
HZ0711_M_CNF,Hack aac tee,"sa oled sees. see adidas´i t-särk toob tagasi arhiividest pärit disaini ja tähistab klassikalises vormis vintage-stiilis graafikat. see on valmistatud puhtast puuvillasest singlejersey´st, mis tagab eriti mugava tunde, mis jääb pehmeks päevast päeva ja pesu järel. ribitud kaelaosa hoiab istuvuse kontrolli all ja kootud silt serva lähedal on ideaalne viimistlus. Vaata lähemalt ballzy.eu.",https://ballzy.eu/et/product/hack-aac-tee-hz0711-m-cnf,https://backend.ballzy.eu/media/catalog/product/a/d/adidas-hack-aac-tee-must-h2ns.jpg,adidas Originals,44.00 EUR,in_stock,Streetbrand OÜ,EE,true,false,true
I025268_0147_27_CNF,W´ pierce pant,Spordiriided ballzy veebipoest. Vaata lähemalt ballzy.eu.,https://ballzy.eu/et/product/w-pierce-pant-i025268-0147-27-cnf,https://backend.ballzy.eu/media/catalog/product/c/a/carhartt-w-pierce-pant-sinine-6xmi.jpg,Carhartt WIP,99.00 EUR,in_stock,Streetbrand OÜ,EE,true,false,true
I029208_0106_30_CNF,Newel pant,Spordiriided ballzy veebipoest. Vaata lähemalt ballzy.eu.,https://ballzy.eu/et/product/newel-pant-i029208-0106-30-cnf,https://backend.ballzy.eu/media/catalog/product/c/a/carhartt-newel-pant-sinine-uobb.jpg,Carhartt WIP,99.00 EUR,in_stock,Streetbrand OÜ,EE,true,false,true
I031920_0106_27_CNF,W´ noxon pant,Spordiriided ballzy veebipoest. Vaata lähemalt ballzy.eu.,https://ballzy.eu/et/product/w-noxon-pant-i031920-0106-27-cnf,https://backend.ballzy.eu/media/catalog/product/c/a/carhartt-w-noxon-pant-sinine-atgy.jpg,Carhartt WIP,89.00 EUR,in_stock,Streetbrand OÜ,EE,true,false,true
I031920_8906_27_CNF,W´ noxon pant,Spordiriided ballzy veebipoest. Vaata lähemalt ballzy.eu.,https://ballzy.eu/et/product/w-noxon-pant-i031920-8906-27-cnf,https://backend.ballzy.eu/media/catalog/product/c/a/carhartt-w-noxon-pant-must-is6w.jpg,Carhartt WIP,89.00 EUR,in_stock,Streetbrand OÜ,EE,true,false,true
I032274_1NDXX_S_CNF,L/s charter shirt,"Carhartt wip roheline pika varrukaga l/s charter shirt 100% puuvillast, suurus s. lõdvem lõige, nööpsulgur ja kaks esitaskut, millest ühel on klapp ja nööp. vasakul küljel on tikitud carhartt wip logolabel. pestav käsitsi või masinas. Vaata lähemalt ballzy.eu.",https://ballzy.eu/et/product/l-s-charter-shirt-i032274-1ndxx-s-cnf,https://backend.ballzy.eu/media/catalog/product/c/a/carhartt-l-s-charter-shirt-roheline-s3sg.jpg,Carhartt WIP,129.00 EUR,in_stock,Streetbrand OÜ,EE,true,false,true
I032867_0D2XX_XS_CNF,W´ hooded onyx script sweat,Spordiriided ballzy veebipoest. Vaata lähemalt ballzy.eu.,https://ballzy.eu/et/product/w-hooded-onyx-script-sweat-i032867-0d2xx-xs-cnf,https://backend.ballzy.eu/media/catalog/product/c/a/carhartt-w-hooded-onyx-script-sweat-must-ohmt.jpg,Carhartt WIP,119.00 EUR,in_stock,Streetbrand OÜ,EE,true,false,true
I032883_1YAXX_0_CNF,Newhaven backpack,Spordiriided ballzy veebipoest. Vaata lähemalt ballzy.eu.,https://ballzy.eu/et/product/newhaven-backpack-i032883-1yaxx-0-cnf,https://backend.ballzy.eu/media/catalog/product/c/a/carhartt-newhaven-backpack-pruun-nyqa.jpg,Carhartt WIP,99.00 EUR,in_stock,Streetbrand OÜ,EE,true,false,true
I032894_1YAXX_0_CNF,Newhaven cap,Spordiriided ballzy veebipoest. Vaata lähemalt ballzy.eu.,https://ballzy.eu/et/product/newhaven-cap-i032894-1yaxx-0-cnf,https://backend.ballzy.eu/media/catalog/product/c/a/carhartt-newhaven-cap-pruun-zizd.jpg,Carhartt WIP,39.00 EUR,in_stock,Streetbrand OÜ,EE,true,false,true
VN0009QC6BT1_080_CNF,Knu skool,Spordiriided ballzy veebipoest. Vaata lähemalt ballzy.eu.,https://ballzy.eu/et/product/knu-skool-vn0009qc6bt1-080-cnf,https://backend.ballzy.eu/media/catalog/product/v/a/vans-knu-skool-must-sfs0.jpg,Vans,99.00 EUR,in_stock,Streetbrand OÜ,EE,true,false,true
VN0009QCBKA1_055_CNF,Knu skool,Spordiriided ballzy veebipoest. Vaata lähemalt ballzy.eu.,https://ballzy.eu/et/product/knu-skool-vn0009qcbka1-055-cnf,https://backend.ballzy.eu/media/catalog/product/v/a/vans-knu-skool-must-gxsi.jpg,Vans,99.00 EUR,in_stock,Streetbrand OÜ,EE,true,false,true
GY0042_4.5_CNF,Campus 00s w,"proportsioonid on muutumas ja isiklik stiil valitseb. uue perspektiiviga meie campus 80s´ile näitavad need adidas´i trennid julget lihtsust oma parimas vormis puhta mokkamoe pealse ja klassikaliste kontrastsete 3 triibuga. uuendatud proportsioonid, mis on inspireeritud 2000ndate rulaajastust, toovad sinu igapäevastesse stiilidesse autentse, enesemääratletud meeleolu. Vaata lähemalt ballzy.eu.",https://ballzy.eu/et/product/campus-00s-w-gy0042-4-5-cnf,https://backend.ballzy.eu/media/catalog/product/a/d/adidas-campus-00s-w-hall-hrge.jpg,adidas Originals,119.00 EUR,in_stock,Streetbrand OÜ,EE,true,false,true
I031521_1CQ01_S_CNF,Arbor vest,Spordiriided ballzy veebipoest. Vaata lähemalt ballzy.eu.,https://ballzy.eu/et/product/arbor-vest-i031521-1cq01-s-cnf,https://backend.ballzy.eu/media/catalog/product/c/a/carhartt-arbor-vest-pruun-avpp.jpg,Carhartt WIP,129.00 EUR,in_stock,Streetbrand OÜ,EE,true,false,true
S11577_WW006_6.5_CNF,Low cut shoe z80 desert ash low,Spordiriided ballzy veebipoest. Vaata lähemalt ballzy.eu.,https://ballzy.eu/et/product/low-cut-shoe-z80-desert-ash-low-s11577-ww006-6-5-cnf,https://backend.ballzy.eu/media/catalog/product/c/h/champion-low-cut-shoe-z80-desert-ash-low-roosa-uaxf.jpg,Champion,94.00 EUR,in_stock,Streetbrand OÜ,EE,true,false,true
HQ8707_4.5_CNF,Campus 00s,"kuigi adidas campus´i kingad debüteerisid kõvaplatsil, võeti need kiiresti kasutusele ka mujal. selle paari puhul liigutame ikoonilist siluetti teises suunas ning lisame sellele kaasaegseid materjale, värve ja proportsioone. need on tehtud esmaklassilise nahast pealsega, mis on vooderdatud pehme froteekangaga, kusjuures kõik see on paigutatud naturaalvalge vahepealse peale - selge ühendus campus´i pärandiga. Vaata lähemalt ballzy.eu.",https://ballzy.eu/et/product/campus-00s-hq8707-4-5-cnf,https://backend.ballzy.eu/media/catalog/product/a/d/adidas-campus-00s-hall-mlu4.jpg,adidas Originals,119.00 EUR,in_stock,Streetbrand OÜ,EE,true,false,true
I033096_25UXX_0_CNF,Canvas graphic zip wallet,Spordiriided ballzy veebipoest. Vaata lähemalt ballzy.eu.,https://ballzy.eu/et/product/canvas-graphic-zip-wallet-i033096-25uxx-0-cnf,https://backend.ballzy.eu/media/catalog/product/c/a/carhartt-canvas-graphic-zip-wallet-pruun-uqsm.jpg,Carhartt WIP,29.00 EUR,in_stock,Streetbrand OÜ,EE,true,false,true
I033096_25VXX_0_CNF,Canvas graphic zip wallet,Spordiriided ballzy veebipoest. Vaata lähemalt ballzy.eu.,https://ballzy.eu/et/product/canvas-graphic-zip-wallet-i033096-25vxx-0-cnf,https://backend.ballzy.eu/media/catalog/product/c/a/carhartt-canvas-graphic-zip-wallet-must-snkm.jpg,Carhartt WIP,29.00 EUR,in_stock,Streetbrand OÜ,EE,true,false,true
I033661_00FXX_S_CNF,Hooded chase sweat,Spordiriided ballzy veebipoest. Vaata lähemalt ballzy.eu.,https://ballzy.eu/et/product/hooded-chase-sweat-i033661-00fxx-s-cnf,https://backend.ballzy.eu/media/catalog/product/c/a/carhartt-hooded-chase-sweat-must-cvg9.jpg,Carhartt WIP,84.00 EUR,in_stock,Streetbrand OÜ,EE,true,false,true
39640302_4_CNF,Creeper phatty puma,Spordiriided ballzy veebipoest. Vaata lähemalt ballzy.eu.,https://ballzy.eu/et/product/creeper-phatty-puma-39640302-4-cnf,https://backend.ballzy.eu/media/catalog/product/p/u/puma-creeper-phatty-puma-sinine-j5lm.jpg,Puma,139.00 EUR,in_stock,Streetbrand OÜ,EE,true,false,true
I032966_4702_27_CNF,W´ pierce pant straight,Spordiriided ballzy veebipoest. Vaata lähemalt ballzy.eu.,https://ballzy.eu/et/product/w-pierce-pant-straight-i032966-4702-27-cnf,https://backend.ballzy.eu/media/catalog/product/c/a/carhartt-w-pierce-pant-straight-pruun-6c9a.jpg,Carhartt WIP,109.00 EUR,in_stock,Streetbrand OÜ,EE,true,false,true
OJBF5516_PSUYYPPPPURP_2XL_CNF,Nba heavyweight satin jacket suns,Spordiriided ballzy veebipoest. Vaata lähemalt ballzy.eu.,https://ballzy.eu/et/product/nba-heavyweight-satin-jacket-suns-ojbf5516-psuyyppppurp-2xl-cnf,https://backend.ballzy.eu/media/catalog/product/m/i/mitchell-and-ness-nba-heavyweight-satin-jacket-suns-lilla-4jq0.jpg,Mitchell &amp; Ness,149.00 EUR,in_stock,Streetbrand OÜ,EE,true,false,true
OJBF6043_MNNYYPPPCREA_2XL_CNF,Branded m &amp;n gt coaches jacket,Spordiriided ballzy veebipoest. Vaata lähemalt ballzy.eu.,https://ballzy.eu/et/product/branded-m-n-gt-coaches-jacket-ojbf6043-mnnyypppcrea-2xl-cnf,https://backend.ballzy.eu/media/catalog/product/m/i/mitchell-and-ness-branded-m-n-gt-coaches-jacket-bee-ymtm.jpg,Mitchell &amp; Ness,134.00 EUR,in_stock,Streetbrand OÜ,EE,true,false,true
LAS33763_WT_L_CNF,Nb patch logo crew 3 pairs,Spordiriided ballzy veebipoest. Vaata lähemalt ballzy.eu.,https://ballzy.eu/et/product/nb-patch-logo-crew-3-pairs-las33763-wt-l-cnf,https://backend.ballzy.eu/media/catalog/product/n/e/new-balance-nb-patch-logo-crew-3-pairs-valge-nztl.jpg,New Balance,19.00 EUR,in_stock,Streetbrand OÜ,EE,true,false,true
U9060NRJ_4.5_CNF,New balance u9060,"uus 9060 tõlgendab klassikalistest 99x-seeria mudelitest pärit tuttavaid elemente ümber väänatud tundlikkusega, mis on inspireeritud y2k-ajastu uhkelt futuristlikust, nähtavast tehnoloogilisest esteetikast. sway baarid, mis on võetud mudelilt 990, on laiendatud ja kasutatud kogu pealsel, et tekitada nähtava liikumise tunnet, samas kui lainelised jooned ja skulptuuritud pod-välipõhjal olevad suuremad proportsioonid rõhutavad liialdatult abzorb ja sbs tuttavaid pehmendusplatvorme.</ Vaata lähemalt ballzy.eu.",https://ballzy.eu/et/product/new-balance-u9060-u9060nrj-4-5-cnf,https://backend.ballzy.eu/media/catalog/product/n/e/new-balance-new-balance-u9060-valge-fojl.jpg,New Balance,199.00 EUR,in_stock,Streetbrand OÜ,EE,true,false,true
FD5185_010_L_XL_CNF,J club cap us cb jumpman,"sinu uus igapäevane isamüts on maandunud. sellel kuuepaneelilisel disainil on struktureerimata, madala profiiliga kroon, kumer äär ja reguleeritav sulgur. see kõik on ühendatud tagasihoidliku jumpmani graafikaga ees&hellip; tooteomadused: tikitud graafika lisab teie välimusele tekstuuri&hellip; higistuspael tagab jaheda, mugava tunde&hellip; reguleeritav snapbacki sulgemine tagab isikliku sobivuse&hellip; tooteomadused alapealkirjad: tikitud graafika lisab teie välimusele tekstuu Vaata lähemalt ballzy.eu.",https://ballzy.eu/et/product/j-club-cap-us-cb-jumpman-fd5185-010-l-xl-cnf,https://backend.ballzy.eu/media/catalog/product/j/o/jordan-j-club-cap-us-cb-jumpman-must-25dp.jpg,Jordan,29.00 EUR,in_stock,Streetbrand OÜ,EE,true,false,true
IR5733_S_CNF,Silv crew 2pp,"tõsta originaalidest inspireeritud stiili nende adidas´i meeskonnasokkidega. need on pehmendusega, mis toetavad teie jalgu terve päeva. kombineeri ja sobita paari või kanna neid kooskõlastatult, et saavutada ühtne stiil. valides taaskasutatavad, saame taaskasutada juba loodud materjale, mis aitab vähendada jäätmeid. taastuvate materjalide valik aitab meil kaotada sõltuvust piiratud ressurssidest. meie tooted, mis on valmistatud ringlussevõetud ja taastuvate materjalide segust, Vaata lähemalt ballzy.eu.",https://ballzy.eu/et/product/silv-crew-2pp-ir5733-s-cnf,https://backend.ballzy.eu/media/catalog/product/a/d/adidas-silv-crew-2pp-must-jyjy.jpg,adidas Originals,23.00 EUR,in_stock,Streetbrand OÜ,EE,true,false,true
39646401_4_CNF,Palermo lth puma,Spordiriided ballzy veebipoest. Vaata lähemalt ballzy.eu.,https://ballzy.eu/et/product/palermo-lth-puma-39646401-4-cnf,https://backend.ballzy.eu/media/catalog/product/p/u/puma-palermo-lth-puma-valge-unlf.jpg,Puma,94.00 EUR,in_stock,Streetbrand OÜ,EE,true,false,true
MT41534_BK_2XL_CNF,Nb athletics french terry hoodie,Spordiriided ballzy veebipoest. Vaata lähemalt ballzy.eu.,https://ballzy.eu/et/product/nb-athletics-french-terry-hoodie-mt41534-bk-2xl-cnf,https://backend.ballzy.eu/media/catalog/product/n/e/new-balance-nb-athletics-french-terry-hoodie-must-5tjg.jpg,New Balance,94.00 EUR,in_stock,Streetbrand OÜ,EE,true,false,true
FD5185_011_L_XL_CNF,J club cap us cb jumpman,"sinu uus igapäevane isamüts on maandunud. sellel kuuepaneelilisel disainil on struktureerimata, madala profiiliga kroon, kumer äär ja reguleeritav sulgur. see kõik on ühendatud tagasihoidliku jumpmani graafikaga ees&hellip; tooteomadused: tikitud graafika lisab teie välimusele tekstuuri&hellip; higistuspael tagab jaheda, mugava tunde&hellip; reguleeritav snapbacki sulgemine tagab isikliku sobivuse&hellip; tooteomadused alapealkirjad: tikitud graafika lisab teie välimusele tekstuu Vaata lähemalt ballzy.eu.",https://ballzy.eu/et/product/j-club-cap-us-cb-jumpman-fd5185-011-l-xl-cnf,https://backend.ballzy.eu/media/catalog/product/j/o/jordan-j-club-cap-us-cb-jumpman-must-fh0x.jpg,Jordan,29.00 EUR,in_stock,Streetbrand OÜ,EE,true,false,true
FN3122_437_L_CNF,M nl striped hvywt rugby ft,Spordiriided ballzy veebipoest. Vaata lähemalt ballzy.eu.,https://ballzy.eu/et/product/m-nl-striped-hvywt-rugby-ft-fn3122-437-l-cnf,https://backend.ballzy.eu/media/catalog/product/n/i/nike-m-nl-striped-hvywt-rugby-ft-sinine-zom0.jpg,Nike,134.00 EUR,in_stock,Streetbrand OÜ,EE,true,false,true
SJKT6599_CBUYYPPPSCAR_L_CNF,Nba lightweight satin bomber vintage logo bulls,Spordiriided ballzy veebipoest. Vaata lähemalt ballzy.eu.,https://ballzy.eu/et/product/nba-lightweight-satin-bomber-vintage-logo-bulls-sjkt6599-cbuyypppscar-l-cnf,https://backend.ballzy.eu/media/catalog/product/m/i/mitchell-and-ness-nba-lightweight-satin-bomber-vintage-logo-bulls-punane-hw74.jpg,Mitchell &amp; Ness,179.00 EUR,in_stock,Streetbrand OÜ,EE,true,false,true
SJKT6599_NYKYYPPPROYA_L_CNF,Nba lightweight satin bomber vintage logo knicks,Spordiriided ballzy veebipoest. Vaata lähemalt ballzy.eu.,https://ballzy.eu/et/product/nba-lightweight-satin-bomber-vintage-logo-knicks-sjkt6599-nykyyppproya-l-cnf,https://backend.ballzy.eu/media/catalog/product/m/i/mitchell-and-ness-nba-lightweight-satin-bomber-vintage-logo-knicks-sinine-xur3.jpg,Mitchell &amp; Ness,179.00 EUR,in_stock,Streetbrand OÜ,EE,true,false,true
VN0009PVB9M1_055_CNF,Authentic,Spordiriided ballzy veebipoest. Vaata lähemalt ballzy.eu.,https://ballzy.eu/et/product/authentic-vn0009pvb9m1-055-cnf,https://backend.ballzy.eu/media/catalog/product/v/a/vans-authentic-must-5spj.jpg,Vans,74.00 EUR,in_stock,Streetbrand OÜ,EE,true,false,true
VN0009QCNWD1_050_CNF,Knu skool,Spordiriided ballzy veebipoest. Vaata lähemalt ballzy.eu.,https://ballzy.eu/et/product/knu-skool-vn0009qcnwd1-050-cnf,https://backend.ballzy.eu/media/catalog/product/v/a/vans-knu-skool-sinine-2fzt.jpg,Vans,99.00 EUR,in_stock,Streetbrand OÜ,EE,true,false,true
397000580_0494_S_CNF,Community garden hoodie,Spordiriided ballzy veebipoest. Vaata lähemalt ballzy.eu.,https://ballzy.eu/et/product/community-garden-hoodie-397000580-0494-s-cnf,https://backend.ballzy.eu/media/catalog/product/m/a/market-community-garden-hoodie-roheline-ucue.jpg,Market,129.00 EUR,in_stock,Streetbrand OÜ,EE,true,false,true
397000588_1232_S_CNF,Fragile hoodie,Spordiriided ballzy veebipoest. Vaata lähemalt ballzy.eu.,https://ballzy.eu/et/product/fragile-hoodie-397000588-1232-s-cnf,https://backend.ballzy.eu/media/catalog/product/m/a/market-fragile-hoodie-roosa-0cro.jpg,Market,129.00 EUR,in_stock,Streetbrand OÜ,EE,true,false,true
397000595_0494_S_CNF,Vintage wash arc hoodie,Spordiriided ballzy veebipoest. Vaata lähemalt ballzy.eu.,https://ballzy.eu/et/product/vintage-wash-arc-hoodie-397000595-0494-s-cnf,https://backend.ballzy.eu/media/catalog/product/m/a/market-vintage-wash-arc-hoodie-roheline-ekc9.jpg,Market,129.00 EUR,in_stock,Streetbrand OÜ,EE,true,false,true
397000595_1245_S_CNF,Vintage wash arc hoodie,Spordiriided ballzy veebipoest. Vaata lähemalt ballzy.eu.,https://ballzy.eu/et/product/vintage-wash-arc-hoodie-397000595-1245-s-cnf,https://backend.ballzy.eu/media/catalog/product/m/a/market-vintage-wash-arc-hoodie-bee-hmcq.jpg,Market,129.00 EUR,in_stock,Streetbrand OÜ,EE,true,false,true
FV5951_111_3.5Y_CNF,Air force 1 le gs,"af1-s on palju, mida armastada: selle vastupidav õmblus ja hea haarduvus aitavad lastel leida jalga nii esimestel kui ka vihmastel päevadel. see on kinga, mis oli 20 aastat tagasi sama lahe kui täna ja on seda ka siis, kui see on kaetud plekkide, kriimustuste ja kriimustustega. tegelikult võib see olla isegi parem&hellip; toote omadused: ehtne ja sünteetiline nahk muudab need jalatsid vastupidavaks - täpselt nagu vanakooli air force 1, mis esmakordselt ilmus aastal '82&hellip; va Vaata lähemalt ballzy.eu.",https://ballzy.eu/et/product/air-force-1-le-gs-fv5951-111-3-5y-cnf,https://backend.ballzy.eu/media/catalog/product/n/i/nike-air-force-1-le-gs-valge-9jem.jpg,Nike,109.00 EUR,in_stock,Streetbrand OÜ,EE,true,false,true
11405614_OSFA_CNF,The league bulls,Spordiriided ballzy veebipoest. Vaata lähemalt ballzy.eu.,https://ballzy.eu/et/product/the-league-bulls-11405614-osfa-cnf,https://backend.ballzy.eu/media/catalog/product/n/e/newera-the-league-bulls-must-tlu2.jpg,New Era,32.00 EUR,in_stock,Streetbrand OÜ,EE,true,false,true
12052000_OSFM_CNF,League essential 940 dodgers,Spordiriided ballzy veebipoest. Vaata lähemalt ballzy.eu.,https://ballzy.eu/et/product/league-essential-940-dodgers-12052000-osfm-cnf,https://backend.ballzy.eu/media/catalog/product/n/e/newera-league-essential-940-dodgers-must-5rmv.jpg,New Era,29.00 EUR,in_stock,Streetbrand OÜ,EE,true,false,true
390000352_0001_OS_CNF,C.a.m. cap,Spordiriided ballzy veebipoest. Vaata lähemalt ballzy.eu.,https://ballzy.eu/et/product/c-a-m-cap-390000352-0001-os-cnf,https://backend.ballzy.eu/media/catalog/product/m/a/market-c-a-m-cap-must-hm5q.jpg,Market,59.00 EUR,in_stock,Streetbrand OÜ,EE,true,false,true
60292635_OSFM_CNF,Wmns league ess 9forty yankees,Spordiriided ballzy veebipoest. Vaata lähemalt ballzy.eu.,https://ballzy.eu/et/product/wmns-league-ess-9forty-yankees-60292635-osfm-cnf,https://backend.ballzy.eu/media/catalog/product/n/e/newera-wmns-league-ess-9forty-yankees-bee-wbfs.jpg,New Era,29.00 EUR,in_stock,Streetbrand OÜ,EE,true,false,true
60434914_OSFM_CNF,Wmns ne 9twenty,Spordiriided ballzy veebipoest. Vaata lähemalt ballzy.eu.,https://ballzy.eu/et/product/wmns-ne-9twenty-60434914-osfm-cnf,https://backend.ballzy.eu/media/catalog/product/n/e/newera-wmns-ne-9twenty-pruun-mf9y.jpg,New Era,34.00 EUR,in_stock,Streetbrand OÜ,EE,true,false,true
60434924_OSFM_CNF,Wmns ne 9twenty,Spordiriided ballzy veebipoest. Vaata lähemalt ballzy.eu.,https://ballzy.eu/et/product/wmns-ne-9twenty-60434924-osfm-cnf,https://backend.ballzy.eu/media/catalog/product/n/e/newera-wmns-ne-9twenty-valge-9fyq.jpg,New Era,34.00 EUR,in_stock,Streetbrand OÜ,EE,true,false,true
60434977_OSFM_CNF,Wmns bubble stitch 9forty yankees,Spordiriided ballzy veebipoest. Vaata lähemalt ballzy.eu.,https://ballzy.eu/et/product/wmns-bubble-stitch-9forty-yankees-60434977-osfm-cnf,https://backend.ballzy.eu/media/catalog/product/n/e/newera-wmns-bubble-stitch-9forty-yankees-bee-70le.jpg,New Era,34.00 EUR,in_stock,Streetbrand OÜ,EE,true,false,true
60435006_OSFM_CNF,Wmns velour trucker dodgers,Spordiriided ballzy veebipoest. Vaata lähemalt ballzy.eu.,https://ballzy.eu/et/product/wmns-velour-trucker-dodgers-60435006-osfm-cnf,https://backend.ballzy.eu/media/catalog/product/n/e/newera-wmns-velour-trucker-dodgers-sinine-l2fq.jpg,New Era,39.00 EUR,in_stock,Streetbrand OÜ,EE,true,false,true
60435075_ML_CNF,New world 9fifty,Spordiriided ballzy veebipoest. Vaata lähemalt ballzy.eu.,https://ballzy.eu/et/product/new-world-9fifty-60435075-ml-cnf,https://backend.ballzy.eu/media/catalog/product/n/e/newera-new-world-9fifty-bee-9vob.jpg,New Era,39.00 EUR,in_stock,Streetbrand OÜ,EE,true,false,true
60435081_OSFM_CNF,Minor league 9forty,Spordiriided ballzy veebipoest. Vaata lähemalt ballzy.eu.,https://ballzy.eu/et/product/minor-league-9forty-60435081-osfm-cnf,https://backend.ballzy.eu/media/catalog/product/n/e/newera-minor-league-9forty-must-ww33.jpg,New Era,34.00 EUR,in_stock,Streetbrand OÜ,EE,true,false,true
60435082_OSFM_CNF,Minor league 9forty,Spordiriided ballzy veebipoest. Vaata lähemalt ballzy.eu.,https://ballzy.eu/et/product/minor-league-9forty-60435082-osfm-cnf,https://backend.ballzy.eu/media/catalog/product/n/e/newera-minor-league-9forty-punane-useu.jpg,New Era,34.00 EUR,in_stock,Streetbrand OÜ,EE,true,false,true
60435130_OSFM_CNF,Side patch 9forty raiders,Spordiriided ballzy veebipoest. Vaata lähemalt ballzy.eu.,https://ballzy.eu/et/product/side-patch-9forty-raiders-60435130-osfm-cnf,https://backend.ballzy.eu/media/catalog/product/n/e/newera-side-patch-9forty-raiders-hall-6mpv.jpg,New Era,39.00 EUR,in_stock,Streetbrand OÜ,EE,true,false,true
60471459_OSFM_CNF,Nos league ess 9forty yankees,Spordiriided ballzy veebipoest. Vaata lähemalt ballzy.eu.,https://ballzy.eu/et/product/nos-league-ess-9forty-yankees-60471459-osfm-cnf,https://backend.ballzy.eu/media/catalog/product/n/e/newera-nos-league-ess-9forty-yankees-bee-zgp0.jpg,New Era,29.00 EUR,in_stock,Streetbrand OÜ,EE,true,false,true
60471465_OSFM_CNF,Nos league ess 9twenty yankees,Spordiriided ballzy veebipoest. Vaata lähemalt ballzy.eu.,https://ballzy.eu/et/product/nos-league-ess-9twenty-yankees-60471465-osfm-cnf,https://backend.ballzy.eu/media/catalog/product/n/e/newera-nos-league-ess-9twenty-yankees-must-yneg.jpg,New Era,29.00 EUR,in_stock,Streetbrand OÜ,EE,true,false,true
60471475_OSFM_CNF,Nos league ess 9twenty yankees,Spordiriided ballzy veebipoest. Vaata lähemalt ballzy.eu.,https://ballzy.eu/et/product/nos-league-ess-9twenty-yankees-60471475-osfm-cnf,https://backend.ballzy.eu/media/catalog/product/n/e/newera-nos-league-ess-9twenty-yankees-pruun-sfpp.jpg,New Era,29.00 EUR,in_stock,Streetbrand OÜ,EE,true,false,true
60471482_OSFM_CNF,Nba essential 9forty lakers,Spordiriided ballzy veebipoest. Vaata lähemalt ballzy.eu.,https://ballzy.eu/et/product/nba-essential-9forty-lakers-60471482-osfm-cnf,https://backend.ballzy.eu/media/catalog/product/n/e/newera-nba-essential-9forty-lakers-must-y4rz.jpg,New Era,29.00 EUR,in_stock,Streetbrand OÜ,EE,true,false,true
60471485_OSFM_CNF,Nba essential 9forty bulls,Spordiriided ballzy veebipoest. Vaata lähemalt ballzy.eu.,https://ballzy.eu/et/product/nba-essential-9forty-bulls-60471485-osfm-cnf,https://backend.ballzy.eu/media/catalog/product/n/e/newera-nba-essential-9forty-bulls-must-loou.jpg,New Era,29.00 EUR,in_stock,Streetbrand OÜ,EE,true,false,true
80489299_OSFA_CNF,League essential wmn yankees,Spordiriided ballzy veebipoest. Vaata lähemalt ballzy.eu.,https://ballzy.eu/et/product/league-essential-wmn-yankees-80489299-osfa-cnf,https://backend.ballzy.eu/media/catalog/product/n/e/newera-league-essential-wmn-yankees-roosa-do7y.jpg,New Era,29.00 EUR,in_stock,Streetbrand OÜ,EE,true,false,true
80524868_OSFA_CNF,Wmn essential 940 yankees,Spordiriided ballzy veebipoest. Vaata lähemalt ballzy.eu.,https://ballzy.eu/et/product/wmn-essential-940-yankees-80524868-osfa-cnf,https://backend.ballzy.eu/media/catalog/product/n/e/newera-wmn-essential-940-yankees-valge-rydb.jpg,New Era,29.00 EUR,in_stock,Streetbrand OÜ,EE,true,false,true
DD1391_101_11_CNF,Nike dunk low retro,"true to your crew&hellip; nike dunk low retro, mis on loodud kõvaplatsile, kuid viidud tänavatele, naaseb teravate kattematerjalide ja originaalsete meeskonnavärvidega. see korvpalli ikoon kanaliseerib '80ndate vibratsiooni kõrgekvaliteedilise nahaga pealses, mis näeb hea välja ja murdub veelgi paremini. kaasaegne jalatsitehnoloogia aitab tuua mugavuse 21. sajandisse&hellip; toote omadused: premium nahk pealses on täiusliku läikega ja murdub ilusti sisse&hellip; kaasaegne vahtpol Vaata lähemalt ballzy.eu.",https://ballzy.eu/et/product/nike-dunk-low-retro-dd1391-101-11-cnf,https://backend.ballzy.eu/media/catalog/product/n/i/nike-nike-dunk-low-retro-roheline-blkt.jpg,Nike,129.00 EUR,in_stock,Streetbrand OÜ,EE,true,false,true
DK0A4XEKRBK1_26_CNF,Ellendale denim,Spordiriided ballzy veebipoest. Vaata lähemalt ballzy.eu.,https://ballzy.eu/et/product/ellendale-denim-dk0a4xekrbk1-26-cnf,https://backend.ballzy.eu/media/catalog/product/d/i/dickies-ellendale-denim-must-pv8f.jpg,Dickies,84.00 EUR,in_stock,Streetbrand OÜ,EE,true,false,true
DK0A4XKBBLK1_26_CNF,Elizaville rec,Spordiriided ballzy veebipoest. Vaata lähemalt ballzy.eu.,https://ballzy.eu/et/product/elizaville-rec-dk0a4xkbblk1-26-cnf,https://backend.ballzy.eu/media/catalog/product/d/i/dickies-elizaville-rec-must-j2kq.jpg,Dickies,74.00 EUR,in_stock,Streetbrand OÜ,EE,true,false,true
I033091_21ZXX_0_CNF,Linus cap,Spordiriided ballzy veebipoest. Vaata lähemalt ballzy.eu.,https://ballzy.eu/et/product/linus-cap-i033091-21zxx-0-cnf,https://backend.ballzy.eu/media/catalog/product/c/a/carhartt-linus-cap-sinine-0nph.jpg,Carhartt WIP,54.00 EUR,in_stock,Streetbrand OÜ,EE,true,false,true
DK0A4XYWA281_L_CNF,Summerdale hoodie,Spordiriided ballzy veebipoest. Vaata lähemalt ballzy.eu.,https://ballzy.eu/et/product/summerdale-hoodie-dk0a4xywa281-l-cnf,https://backend.ballzy.eu/media/catalog/product/d/i/dickies-summerdale-hoodie-valge-rudh.jpg,Dickies,74.00 EUR,in_stock,Streetbrand OÜ,EE,true,false,true
DK0A4Y8LWHX1_L_CNF,Oakport boxy ss tee,Spordiriided ballzy veebipoest. Vaata lähemalt ballzy.eu.,https://ballzy.eu/et/product/oakport-boxy-ss-tee-dk0a4y8lwhx1-l-cnf,https://backend.ballzy.eu/media/catalog/product/d/i/dickies-oakport-boxy-ss-tee-valge-h3rk.jpg,Dickies,34.00 EUR,in_stock,Streetbrand OÜ,EE,true,false,true
DK0A4YQNH861_L_CNF,Newington jacket,Spordiriided ballzy veebipoest. Vaata lähemalt ballzy.eu.,https://ballzy.eu/et/product/newington-jacket-dk0a4yqnh861-l-cnf,https://backend.ballzy.eu/media/catalog/product/d/i/dickies-newington-jacket-must-qhpd.jpg,Dickies,129.00 EUR,in_stock,Streetbrand OÜ,EE,true,false,true
DK0A4YRQC581_L_CNF,Altoona tee ss w,Spordiriided ballzy veebipoest. Vaata lähemalt ballzy.eu.,https://ballzy.eu/et/product/altoona-tee-ss-w-dk0a4yrqc581-l-cnf,https://backend.ballzy.eu/media/catalog/product/d/i/dickies-altoona-tee-ss-w-valge-2y5n.jpg,Dickies,39.00 EUR,in_stock,Streetbrand OÜ,EE,true,false,true
DK0A4YSBH861_30_CNF,Newington pant,Spordiriided ballzy veebipoest. Vaata lähemalt ballzy.eu.,https://ballzy.eu/et/product/newington-pant-dk0a4ysbh861-30-cnf,https://backend.ballzy.eu/media/catalog/product/d/i/dickies-newington-pant-hall-90p4.jpg,Dickies,89.00 EUR,in_stock,Streetbrand OÜ,EE,true,false,true
FN6364_010_L_CNF,M j ess stmt wash chi pant,Spordiriided ballzy veebipoest. Vaata lähemalt ballzy.eu.,https://ballzy.eu/et/product/m-j-ess-stmt-wash-chi-pant-fn6364-010-l-cnf,https://backend.ballzy.eu/media/catalog/product/n/i/nike-m-j-ess-stmt-wash-chi-pant-must-zpph.jpg,Jordan,149.00 EUR,in_stock,Streetbrand OÜ,EE,true,false,true
397000592_0494_S_CNF,Designer panel hoodie,Spordiriided ballzy veebipoest. Vaata lähemalt ballzy.eu.,https://ballzy.eu/et/product/designer-panel-hoodie-397000592-0494-s-cnf,https://backend.ballzy.eu/media/catalog/product/m/a/market-designer-panel-hoodie-roheline-de0f.jpg,Market,129.00 EUR,in_stock,Streetbrand OÜ,EE,true,false,true
DK0A4YKYWHX1_30_32_CNF,M relaxed fit cotton painter´s pant,Spordiriided ballzy veebipoest. Vaata lähemalt ballzy.eu.,https://ballzy.eu/et/product/m-relaxed-fit-cotton-painter-s-pant-dk0a4ykywhx1-30-32-cnf,https://backend.ballzy.eu/media/catalog/product/d/i/dickies-m-relaxed-fit-cotton-painter-s-pant-valge-2fpx.jpg,Dickies,79.00 EUR,in_stock,Streetbrand OÜ,EE,true,false,true
39590901_8_CNF,Velophasis,Spordiriided ballzy veebipoest. Vaata lähemalt ballzy.eu.,https://ballzy.eu/et/product/velophasis-39590901-8-cnf,https://backend.ballzy.eu/media/catalog/product/p/u/puma-velophasis-pruun-ufcl.jpg,Puma,134.00 EUR,in_stock,Streetbrand OÜ,EE,true,false,true
39646306_4_CNF,Palermo,Spordiriided ballzy veebipoest. Vaata lähemalt ballzy.eu.,https://ballzy.eu/et/product/palermo-39646306-4-cnf,https://backend.ballzy.eu/media/catalog/product/p/u/puma-palermo-roosa-bbkv.jpg,Puma,94.00 EUR,in_stock,Streetbrand OÜ,EE,true,false,true
39647501_4_CNF,Velophasis 372.5,Spordiriided ballzy veebipoest. Vaata lähemalt ballzy.eu.,https://ballzy.eu/et/product/velophasis-372-5-39647501-4-cnf,https://backend.ballzy.eu/media/catalog/product/p/u/puma-velophasis-372-5-hall-c1t2.jpg,Puma,144.00 EUR,in_stock,Streetbrand OÜ,EE,true,false,true
39647903_4_CNF,Velophasis,Spordiriided ballzy veebipoest. Vaata lähemalt ballzy.eu.,https://ballzy.eu/et/product/velophasis-39647903-4-cnf,https://backend.ballzy.eu/media/catalog/product/p/u/puma-velophasis-multicolor-cywj.jpg,Puma,134.00 EUR,in_stock,Streetbrand OÜ,EE,true,false,true
62439383_S_CNF,T7 for the fanbase track pants,Spordiriided ballzy veebipoest. Vaata lähemalt ballzy.eu.,https://ballzy.eu/et/product/t7-for-the-fanbase-track-pants-62439383-s-cnf,https://backend.ballzy.eu/media/catalog/product/p/u/puma-t7-for-the-fanbase-track-pants-bee-ji1t.jpg,Puma,84.00 EUR,in_stock,Streetbrand OÜ,EE,true,false,true
62472401_S_CNF,Puma x staple graphic tee,Spordiriided ballzy veebipoest. Vaata lähemalt ballzy.eu.,https://ballzy.eu/et/product/puma-x-staple-graphic-tee-62472401-s-cnf,https://backend.ballzy.eu/media/catalog/product/p/u/puma-puma-x-staple-graphic-tee-must-6hh9.jpg,Puma,44.00 EUR,in_stock,Streetbrand OÜ,EE,true,false,true
62472465_S_CNF,Puma x staple graphic tee,Spordiriided ballzy veebipoest. Vaata lähemalt ballzy.eu.,https://ballzy.eu/et/product/puma-x-staple-graphic-tee-62472465-s-cnf,https://backend.ballzy.eu/media/catalog/product/p/u/puma-puma-x-staple-graphic-tee-valge-jpyb.jpg,Puma,44.00 EUR,in_stock,Streetbrand OÜ,EE,true,false,true
62472501_S_CNF,Puma x staple graphic hoodie,Spordiriided ballzy veebipoest. Vaata lähemalt ballzy.eu.,https://ballzy.eu/et/product/puma-x-staple-graphic-hoodie-62472501-s-cnf,https://backend.ballzy.eu/media/catalog/product/p/u/puma-puma-x-staple-graphic-hoodie-must-f6iv.jpg,Puma,84.00 EUR,in_stock,Streetbrand OÜ,EE,true,false,true
62509765_S_CNF,Puma x staple aop tee,Spordiriided ballzy veebipoest. Vaata lähemalt ballzy.eu.,https://ballzy.eu/et/product/puma-x-staple-aop-tee-62509765-s-cnf,https://backend.ballzy.eu/media/catalog/product/p/u/puma-puma-x-staple-aop-tee-valge-vihh.jpg,Puma,44.00 EUR,in_stock,Streetbrand OÜ,EE,true,false,true
