item_id,title,description,url,image_url,brand,price,availability,seller_name,target_countries,is_eligible_search,is_eligible_checkout,is_ads_eligible
SX7622_100_S_CNF,U nk elite crew 132,"Nike elite crew' korvpallisokid toetavad tänu võlviribale jalga ja pehmendused strateegilistes kohtades summutavad põrutust, kui sa üle väljaku jooksed. dri-fit-i tehnoloogia aitab sul püsida kuiv ja tunda end mugavalt. Vaata lähemalt ballzy.eu.",https://ballzy.eu/et/product/u-nk-elite-crew-132-sx7622-100-s-cnf,https://backend.ballzy.eu/media/catalog/product/n/i/nike-u-nk-elite-crew-132-valge-89e1.jpg,Nike,17.00 EUR,in_stock,Streetbrand OÜ,EE,true,false,true
CQ2809_9_CNF,Gazelle,"A fan and streetwear favourite for a half century, this ´60s-era football trainer is not done yet. these shoes are a direct reissue of the 1991 upgraded gazelle, with authentic textures, materials and proportions. the upper is made of nubuck and features tonal trim and silver-coloured lettering. Vaata lähemalt ballzy.eu.",https://ballzy.eu/et/product/gazelle-cq2809-9-cnf,https://backend.ballzy.eu/media/catalog/product/a/d/adidas-gazelle-must-jglh.jpg,adidas Originals,109.00 EUR,in_stock,Streetbrand OÜ,EE,true,false,true
SX5544_100_S_CNF,U j everyday max ankl 3pr,Spordiriided ballzy veebipoest. Vaata lähemalt ballzy.eu.,https://ballzy.eu/et/product/u-j-everyday-max-ankl-3pr-sx5544-100-s-cnf,https://backend.ballzy.eu/media/catalog/product/4/m/4me1hlslkk9hpbqh.jpg,Nike,19.00 EUR,in_stock,Streetbrand OÜ,EE,true,false,true
SX5546_011_S_CNF,Jumpman no-show 3ppk,"Unisex jordan jumpman no-show socks (3 pair)unisex jordan jumpman no-show socks (3 pairs) are made with sweat-wicking fabric, mesh panels and arch compression for breathability and a snug, comfortable fit. the heel and toe are reinforced for durability and impact protection.dri-fit technology helps you stay dry and comfortable.mesh panels offer breathability.arch compression provides a snug, comfortable fit.heel and toe are reinforced for durability.righ Vaata lähemalt ballzy.eu.",https://ballzy.eu/et/product/jumpman-no-show-3ppk-sx5546-011-s-cnf,https://backend.ballzy.eu/media/catalog/product/o/p/op6o3foxzuxz1slbd4e4.jpg,Jordan,17.00 EUR,in_stock,Streetbrand OÜ,EE,true,false,true
SX5546_100_S_CNF,U j everyday max ns 3pr,"Unisex jordan jumpman no-show socks (3 pair)unisex jordan jumpman no-show socks (3 pairs) are made with sweat-wicking fabric, mesh panels and arch compression for breathability and a snug, comfortable fit. the heel and toe are reinforced for durability and impact protection.dri-fit technology helps you stay dry and comfortable.mesh panels offer breathability.arch compression provides a snug, comfortable fit.heel and toe are reinforced for durability.righ Vaata lähemalt ballzy.eu.",https://ballzy.eu/et/product/u-j-everyday-max-ns-3pr-sx5546-100-s-cnf,https://backend.ballzy.eu/media/catalog/product/j/o/jordan-u-j-everyday-max-ns-3pr-valge-cyby.jpg,Jordan,19.00 EUR,in_stock,Streetbrand OÜ,EE,true,false,true
B75806_8_CNF,Samba og,samba on sündinud väljakul ja on tänavastiili ajatu ikoon. need jalatsid jäävad oma pärandile truuks pehme nahast pealse ja mokkade kattekihiga. Vaata lähemalt ballzy.eu.,https://ballzy.eu/et/product/samba-og-b75806-8-cnf,https://backend.ballzy.eu/media/catalog/product/a/d/adidas-samba-og-valge-3plk.jpg,adidas Originals,129.00 EUR,in_stock,Streetbrand OÜ,EE,true,false,true
B75807_8_CNF,Samba og,samba on sündinud väljakul ja on tänavastiili ajatu ikoon. need jalatsid jäävad oma pärandile truuks pehme nahast pealse ja mokkade kattekihiga. Vaata lähemalt ballzy.eu.,https://ballzy.eu/et/product/samba-og-b75807-8-cnf,https://backend.ballzy.eu/media/catalog/product/a/d/adidas-samba-og-must-xptx.jpg,adidas Originals,129.00 EUR,in_stock,Streetbrand OÜ,EE,true,false,true
SX7664_100_S_CNF,U nk everyday cush crew 3 pairs,"nike everyday cushioned sokid annavad jõudu treeningule. higi ärajuhtiv tehnoloogia aitab sind kuivana ja jahedana hoida, samas kui paks froteepõhi annab sulle mugavust intensiivsete tõste ja lisakilomeetrite läbimiseks. sokkide paelaga kaetud kaareosa on su jala ümber mugav ja toetav. 3 paari pakend tähendab, et teil on alati varuplaan&hellip; toote omadused: nike dri-fit-tehnoloogia juhib higi nahast eemale, et see aurustuks kiiremini, aidates sul kuivana ja mugavalt püsida.'. Vaata lähemalt ballzy.eu.",https://ballzy.eu/et/product/u-nk-everyday-cush-crew-3-pairs-sx7664-100-s-cnf,https://backend.ballzy.eu/media/catalog/product/n/i/nike-u-nk-everyday-cush-crew-3-pairs-valge-0f5l.jpg,Nike,24.00 EUR,in_stock,Streetbrand OÜ,EE,true,false,true
SX5544_010_S_CNF,U j everyday max ankl 3pr,Spordiriided ballzy veebipoest. Vaata lähemalt ballzy.eu.,https://ballzy.eu/et/product/u-j-everyday-max-ankl-3pr-sx5544-010-s-cnf,https://backend.ballzy.eu/media/catalog/product/j/o/jordan-u-j-everyday-max-ankl-3pr-must-ydap.jpg,Jordan,17.00 EUR,in_stock,Streetbrand OÜ,EE,true,false,true
S20274_3942_CNF,Trefoil liner socks 3 pairs,"trefoil liner sokid annavad igapäevaelus kasutatavatele põhisokkidele originaalsust. need sokid on lõigatud nii, et neid ei oleks näha, kui neid kantakse koos tossudega, ning need on valmistatud kergelt venivast puuvillast ja nende jalapealsel on trefoil kujutis. Vaata lähemalt ballzy.eu.",https://ballzy.eu/et/product/trefoil-liner-socks-3-pairs-s20274-3942-cnf,https://backend.ballzy.eu/media/catalog/product/a/d/adidas-trefoil-liner-socks-3-pairs-must-5iti.jpg,adidas Originals,12.00 EUR,in_stock,Streetbrand OÜ,EE,true,false,true
12122742_OSFM_CNF,Essential 940 wmns new york yankees,Spordiriided ballzy veebipoest. Vaata lähemalt ballzy.eu.,https://ballzy.eu/et/product/essential-940-wmns-new-york-yankees-12122742-osfm-cnf,https://backend.ballzy.eu/media/catalog/product/n/e/newera-essential-940-wmns-new-york-yankees-must-lz0b.jpg,New Era,29.00 EUR,in_stock,Streetbrand OÜ,EE,true,false,true
162050C_001_10_CNF,Chuck 70 hi,Spordiriided ballzy veebipoest. Vaata lähemalt ballzy.eu.,https://ballzy.eu/et/product/chuck-70-hi-162050c-001-10-cnf,https://backend.ballzy.eu/media/catalog/product/c/o/converse-chuck-70-hi-must-hmah.jpg,Converse,94.00 EUR,in_stock,Streetbrand OÜ,EE,true,false,true
162058C_001_10_CNF,Chuck 70 ox,Spordiriided ballzy veebipoest. Vaata lähemalt ballzy.eu.,https://ballzy.eu/et/product/chuck-70-ox-162058c-001-10-cnf,https://backend.ballzy.eu/media/catalog/product/c/o/converse-chuck-70-ox-must-bgq3.jpg,Converse,89.00 EUR,in_stock,Streetbrand OÜ,EE,true,false,true
SX7676_010_S_CNF,U nk everyday ltwt crew 3pr,higi imav mugavus./>läbi oma treening nike'i igapäevaste sokkidega. peened niidid koos higi imava tehnoloogiaga aitavad hoida su jalad mugavatena ja kuivadena.dri-fit tehnoloogia aitab hoida su jalad kuivana ja mugavana.crew stiil katab su pahkluu ja sääre alumise sääre.soonikud aitavad sokke paigal hoida.võlvi ümber on liibuv ja toetav riba. Vaata lähemalt ballzy.eu.,https://ballzy.eu/et/product/u-nk-everyday-ltwt-crew-3pr-sx7676-010-s-cnf,https://backend.ballzy.eu/media/catalog/product/n/i/nike-u-nk-everyday-ltwt-crew-3pr-must-vstx.jpg,Nike,19.00 EUR,in_stock,Streetbrand OÜ,EE,true,false,true
SX7676_100_S_CNF,U nk everyday ltwt crew 3pr,higi imav mugavus./>läbi oma treening nike'i igapäevaste sokkidega. peened niidid koos higi imava tehnoloogiaga aitavad hoida su jalad mugavatena ja kuivadena.dri-fit tehnoloogia aitab hoida su jalad kuivana ja mugavana.crew stiil katab su pahkluu ja sääre alumise sääre.soonikud aitavad sokke paigal hoida.võlvi ümber on liibuv ja toetav riba. Vaata lähemalt ballzy.eu.,https://ballzy.eu/et/product/u-nk-everyday-ltwt-crew-3pr-sx7676-100-s-cnf,https://backend.ballzy.eu/media/catalog/product/n/i/nike-u-nk-everyday-ltwt-crew-3pr-valge-1ir8.jpg,Nike,19.00 EUR,in_stock,Streetbrand OÜ,EE,true,false,true
SX7677_010_S_CNF,U nk everyday ltwt ankle 3pr,Nike everyday lightweighti sokkidega sööstad võimsalt läbi oma treeningu. pehme kangas ja higiimav tehnoloogia hoiavad su jalad mugava ning kuivana. Vaata lähemalt ballzy.eu.,https://ballzy.eu/et/product/u-nk-everyday-ltwt-ankle-3pr-sx7677-010-s-cnf,https://backend.ballzy.eu/media/catalog/product/n/i/nike-u-nk-everyday-ltwt-ankle-3pr-must-adp8.jpg,Nike,19.00 EUR,in_stock,Streetbrand OÜ,EE,true,false,true
SX7677_100_S_CNF,U nk ed ltwt ankle 3p 132,Nike everyday lightweighti sokkidega sööstad võimsalt läbi oma treeningu. pehme kangas ja higiimav tehnoloogia hoiavad su jalad mugava ning kuivana. Vaata lähemalt ballzy.eu.,https://ballzy.eu/et/product/u-nk-ed-ltwt-ankle-3p-132-sx7677-100-s-cnf,https://backend.ballzy.eu/media/catalog/product/n/i/nike-u-nk-everyday-ltwt-ankle-3pr-valge-1ek5.jpg,Nike,19.00 EUR,in_stock,Streetbrand OÜ,EE,true,false,true
CP003_CNF,Crep protect - wipes 12 sachets,12 wipes per tin. individually sealed for freshness. travel size wipes perfect for those unexpected marks when you’re on the move. smooth side for general cleaning and textured side for tougher marks. cotton fresh scented. Vaata lähemalt ballzy.eu.,https://ballzy.eu/et/product/crep-protect-wipes-12-sachets-cp003-cnf,https://backend.ballzy.eu/media/catalog/product/c/r/crep-protect-crep-protect-wipes-12-sachets-multicolor-aihz.jpg,Crep Protect,9.00 EUR,in_stock,Streetbrand OÜ,EE,true,false,true
CP019_CNF,Crep protect mark-on black midsole custom pen,The ultimate midsole custom pen. restore the fresh look of your midsoles or simply switch up the colours! Vaata lähemalt ballzy.eu.,https://ballzy.eu/et/product/crep-protect-mark-on-black-midsole-custom-pen-cp019-cnf,https://backend.ballzy.eu/media/catalog/product/c/r/crep-protect-crep-protect-mark-on-black-midsole-custom-pen-multicolor-rgub.jpg,Crep Protect,15.00 EUR,in_stock,Streetbrand OÜ,EE,true,false,true
CK6784_010_S_CNF,Lbj u nk elt crew,Spordiriided ballzy veebipoest. Vaata lähemalt ballzy.eu.,https://ballzy.eu/et/product/lbj-u-nk-elt-crew-ck6784-010-s-cnf,https://backend.ballzy.eu/media/catalog/product/n/i/nike-lbj-u-nk-elt-crew-must-nmrk.jpg,Nike,14.00 EUR,in_stock,Streetbrand OÜ,EE,true,false,true
BD7632_7.5_CNF,Handball spezial,"esmakordselt 1979. aastal eliitkäsipallurite jaoks kasutusele võetud kingad on nüüdseks armastatud oma klassikalise stiili tõttu. see versioon on valmistatud lehma mokkast pealsest, mis tagab paindliku tunde. pehme kummist välistald hoiab neid oma vintage-juurtele truuks. Vaata lähemalt ballzy.eu.",https://ballzy.eu/et/product/handball-spezial-bd7632-7-5-cnf,https://backend.ballzy.eu/media/catalog/product/a/d/adidas-handball-spezial-valge-kkrz.jpg,adidas Originals,119.00 EUR,in_stock,Streetbrand OÜ,EE,true,false,true
CW2288_111_8.5_CNF,Air force 1 ´07,"legendaarne stiil refined&hellip; sära elab edasi nike air force 1 ´07-s, b-palli og-s, mis paneb värske pöörde sellele, mida tunned kõige paremini: vastupidavad õmblused, puhas viimistlus ja täiuslik kogus välku, mis paneb sind särama&hellip; tooteomadused: nike air pehmendus lisab kerget ja kogu päeva kestvat mugavust&hellip; madalalt lõigatud siluett lisab puhta ja voolujoonelise välimuse&hellip; pehmendusega krae on pehme ja mugav&hellip; toote omadused alapealkirjad: pehmend Vaata lähemalt ballzy.eu.",https://ballzy.eu/et/product/air-force-1-07-cw2288-111-8-5-cnf,https://backend.ballzy.eu/media/catalog/product/n/i/nike-air-force-1-07-valge-cmp1.jpg,Nike,134.00 EUR,in_stock,Streetbrand OÜ,EE,true,false,true
VN000EYEW001_090_CNF,Ua classic slip-on,Spordiriided ballzy veebipoest. Vaata lähemalt ballzy.eu.,https://ballzy.eu/et/product/ua-classic-slip-on-vn000eyew001-090-cnf,https://backend.ballzy.eu/media/catalog/product/v/a/vans-ua-classic-slip-on-valge-qqbr.jpg,Vans,69.00 EUR,in_stock,Streetbrand OÜ,EE,true,false,true
60113286_OSFM_CNF,Face mask new york yankees,Spordiriided ballzy veebipoest. Vaata lähemalt ballzy.eu.,https://ballzy.eu/et/product/face-mask-new-york-yankees-60113286-osfm-cnf,https://backend.ballzy.eu/media/catalog/product/n/e/newera-face-mask-neyyan-must-7gd8.jpg,New Era,19.00 EUR,in_stock,Streetbrand OÜ,EE,true,false,true
DA2123_100_S_CNF,U nk ed crew bball 3pr 144,"peatamatule mängijale./>tugevda oma mängu nike igapäevaste polsterdatud sokkidega. jalataldade polsterdus pakub mugavust väljakul, samal ajal kui jala võlvi soonik ümbritseb su jala keskosa toetava tunde tekitamiseks.dri-fit tehnoloogia aitab hoida jalad kuivana ja mugavana.jalataldade pehmendus tagab mugavuse.soonik jalavõlvi osa pakub toetavat tunnet.crew-stiilis siluett katab su pahkluu ja alumist säärt. Vaata lähemalt ballzy.eu.",https://ballzy.eu/et/product/u-nk-ed-crew-bball-3pr-144-da2123-100-s-cnf,https://backend.ballzy.eu/media/catalog/product/n/i/nike-u-nk-crew-everyday-bball-3pr-valge-loy3.jpg,Nike,27.00 EUR,in_stock,Streetbrand OÜ,EE,true,false,true
DH2920_111_4Y_CNF,Air force 1 le gs,"salute to a legendale&hellip; sellest ongi legendid tehtud. nike air force 1 le toob tagasi 82. aasta kõvapuu ikooni igapäevaseks stiiliks, mis on täielikult valge või täielikult must. vastupidavus, tunnetus ja air on endiselt olemas neile, kes armastavad klassikalist&hellip; toote omadused: ehtne ja sünteetiline nahk on vastupidav ja kergesti puhastatav&hellip; varjatud air-põhjaüksus pakub klassikalist pehmendust&hellip; kummist tald toob vastupidava haardumise&hellip; toote om Vaata lähemalt ballzy.eu.",https://ballzy.eu/et/product/air-force-1-le-gs-dh2920-111-4y-cnf,https://backend.ballzy.eu/media/catalog/product/n/i/nike-air-force-1-le-gs-valge-rwos.jpg,Nike,109.00 EUR,in_stock,Streetbrand OÜ,EE,true,false,true
CZ5478_001_7_CNF,Nike victori one shower slide,"libise mugavusse.oled mänginud tubli mängu. oled kõvasti higistanud. oled andnud endast kõik. nüüd on jäänud ainult üks asi veel – pead duši all ära käima. ära muretse, oleme sulle nike'i victori one'i plätudega abiks. ühes tükis vahtkummist plätu on pehme ja mugav ning haakumist soodustav muster talla all ei lase sul märjal pinnal libiseda. lisaks kuivavad plätud kiiresti, seega ei oska keegi aimata, et tulid just duši alt, kui peole tormad.ühes tükis vahtkummist plät Vaata lähemalt ballzy.eu.",https://ballzy.eu/et/product/nike-victori-one-shower-slide-cz5478-001-7-cnf,https://backend.ballzy.eu/media/catalog/product/n/i/nike-nike-victori-one-shower-slide-must-2wnc.jpg,Nike,29.00 EUR,in_stock,Streetbrand OÜ,EE,true,false,true
VN000D3HY281_050_CNF,Ua old skool,Spordiriided ballzy veebipoest. Vaata lähemalt ballzy.eu.,https://ballzy.eu/et/product/ua-old-skool-vn000d3hy281-050-cnf,https://backend.ballzy.eu/media/catalog/product/v/a/vans-ua-old-skool-must-rmxf.jpg,Vans,79.00 EUR,in_stock,Streetbrand OÜ,EE,true,false,true
SX4863_101_S_CNF,W nk evry ltwt foot 3pr,"mugavad ja lhellip; nike everyday lightweight footie sokid on valmistatud võrgust ja venivast puuvillasegust, mis tagab hingavuse ja mugava, pehme tunde&hellip; toote omadused: higi eemaldav kangas aitab sul kuivana ja mugavalt püsida&hellip; võrgupaneelid aitavad hoida jalad jahedana&hellip; tugevdatud varbad lisavad vastupidavust&hellip; toote omaduste alajaotused: tootedetailid: 71% puuvill/26% nailon/2-3% spandex/0-1% metallist kiud. materjalide protsendid võivad erineda. kon Vaata lähemalt ballzy.eu.",https://ballzy.eu/et/product/w-nk-evry-ltwt-foot-3pr-sx4863-101-s-cnf,https://backend.ballzy.eu/media/catalog/product/n/i/nike-w-nk-evry-ltwt-foot-3pr-valge-lzmz.jpg,Nike,14.00 EUR,in_stock,Streetbrand OÜ,EE,true,false,true
SX7667_010_S_CNF,U nk everyday cush ankle 3pr,"mugavus ja toestus./>läbi oma treeningud nike everyday cushioned socks sokkidega. paks terry tallaosa annab sulle lisamugavust jalgade harjutuste ja tõstete jaoks, samal ajal kui võlvi ümber on liibuv ja toetav riba ekstrateotuse jaoks.dri-fit tehnoloogia aitab hoida su jalad kuivana ja mugavana.paks terry tallaosa pakub mugavust ja põrutuse neeldumist.võlvi ümber olev riba annab toetava tunde.1/4-pikkusega lõige katab su pahkluu. Vaata lähemalt ballzy.eu.",https://ballzy.eu/et/product/u-nk-everyday-cush-ankle-3pr-sx7667-010-s-cnf,https://backend.ballzy.eu/media/catalog/product/n/i/nike-u-nk-everyday-cush-ankle-3pr-must-amou.jpg,Nike,19.00 EUR,in_stock,Streetbrand OÜ,EE,true,false,true
DA5718_100_S_CNF,U j essential crew 3pr - 144,"igapäevane jalanõude kaaslane./>jordan essentials crew sokid on pehmed ja venivad, tagades toetava sobivuse ning jala all on kootud pehmendus. komplektis on 3 paari sokke, mis annavad sulle valmiduse peaaegu pooleks nädalaks. Vaata lähemalt ballzy.eu.",https://ballzy.eu/et/product/u-j-essential-crew-3pr-144-da5718-100-s-cnf,https://backend.ballzy.eu/media/catalog/product/j/o/jordan-u-jordan-essential-crew-3pr-valge-c6cm.jpg,Jordan,24.00 EUR,in_stock,Streetbrand OÜ,EE,true,false,true
VN000EYEBWW1_040_CNF,Ua classic slip-on,Spordiriided ballzy veebipoest. Vaata lähemalt ballzy.eu.,https://ballzy.eu/et/product/ua-classic-slip-on-vn000eyebww1-040-cnf,https://backend.ballzy.eu/media/catalog/product/v/a/vans-ua-classic-slip-on-multicolor-rk1e.jpg,Vans,69.00 EUR,in_stock,Streetbrand OÜ,EE,true,false,true
DK0A4XP3BLK1_L_CNF,Alatna,"Alatna jacket on naiste puhvjakk, mis on loodud sooja hoidmiseks, kui temperatuur langeb. selle pehme ja veekindel kest lukustab soojust ja sellel on käepärased taskud oma hädavajalike asjade kandmiseks. Vaata lähemalt ballzy.eu.",https://ballzy.eu/et/product/alatna-dk0a4xp3blk1-l-cnf,https://backend.ballzy.eu/media/catalog/product/d/i/dickies-alatna-must-39ic.jpg,Dickies,154.00 EUR,in_stock,Streetbrand OÜ,EE,true,false,true
80468932_OSFA_CNF,Mlb league ess 940 yankees,Spordiriided ballzy veebipoest. Vaata lähemalt ballzy.eu.,https://ballzy.eu/et/product/mlb-league-ess-940-yankees-80468932-osfa-cnf,https://backend.ballzy.eu/media/catalog/product/n/e/newera-mlb-league-ess-940-yankees-must-d4nv.jpg,New Era,29.00 EUR,in_stock,Streetbrand OÜ,EE,true,false,true
DH5485_601_S_CNF,U nk everyday ankle 1pk - 144,"töötavad välja rõveduse pärast. kombineerides pehmed lõngad higi äravoolava võimsusega, aitavad need narmastatud mansetiga sokid hoida jalad treeningute ajal kuivana ja mugavalt, ohverdamata seejuures stiili… tooteomadused: dri-fit tehnoloogia aitab hoida jalad kuivana ja mugavalt… kootud lõngad tunduvad jalgade vastu pehmed… toote omaduste alajaotused: tootedetailid: 85% polüester/13% nailon/2% elastaani… masinpesu. imporditud. Vaata lähemalt ballzy.eu.",https://ballzy.eu/et/product/u-nk-everyday-ankle-1pk-144-dh5485-601-s-cnf,https://backend.ballzy.eu/media/catalog/product/n/i/nike-u-nk-everyday-ankle-1pk-144-roosa-gf9w.jpg,Nike,17.00 EUR,in_stock,Streetbrand OÜ,EE,true,false,true
DK0A4XDAWHX1_XS_CNF,Ss mapleton t-shirt w,Spordiriided ballzy veebipoest. Vaata lähemalt ballzy.eu.,https://ballzy.eu/et/product/ss-mapleton-t-shirt-w-dk0a4xdawhx1-xs-cnf,https://backend.ballzy.eu/media/catalog/product/d/i/dickies-ss-mapleton-t-shirt-w-multicolor-rmyr.jpg,Dickies,29.00 EUR,in_stock,Streetbrand OÜ,EE,true,false,true
VN000D3HBKA1_130_CNF,Ua old skool,Spordiriided ballzy veebipoest. Vaata lähemalt ballzy.eu.,https://ballzy.eu/et/product/ua-old-skool-vn000d3hbka1-130-cnf,https://backend.ballzy.eu/media/catalog/product/v/a/vans-ua-old-skool-must-x1er.jpg,Vans,84.00 EUR,in_stock,Streetbrand OÜ,EE,true,false,true
DX5074_010_M_CNF,U nk nsw everyday essential an,Nike everyday essentiali sokid on kerged ja mitmekülgsed ning neid saa kanda erinevate tegevustega. nad tunduvad jalas pehmed ja nende õhku läbilaskev silmkoes kangas pakub kogu päeva kestvat mugavust. see toode on valmistatud vähemalt 75% taaskasutatud polüesterkiududest. Vaata lähemalt ballzy.eu.,https://ballzy.eu/et/product/u-nk-nsw-everyday-essential-an-dx5074-010-m-cnf,https://backend.ballzy.eu/media/catalog/product/n/i/nike-u-nk-nsw-everyday-essential-an-must-ba5c.jpg,Nike,19.00 EUR,in_stock,Streetbrand OÜ,EE,true,false,true
DX5074_101_M_CNF,U nk nsw everyday essential an,Nike everyday essentiali sokid on kerged ja mitmekülgsed ning neid saa kanda erinevate tegevustega. nad tunduvad jalas pehmed ja nende õhku läbilaskev silmkoes kangas pakub kogu päeva kestvat mugavust. see toode on valmistatud vähemalt 75% taaskasutatud polüesterkiududest. Vaata lähemalt ballzy.eu.,https://ballzy.eu/et/product/u-nk-nsw-everyday-essential-an-dx5074-101-m-cnf,https://backend.ballzy.eu/media/catalog/product/n/i/nike-u-nk-nsw-everyday-essential-an-valge-hn5b.jpg,Nike,19.00 EUR,in_stock,Streetbrand OÜ,EE,true,false,true
DX5075_100_L_CNF,U nk nsw everyday essential ns,"Sportlikust vaatevinklist ajendatud nike sportswear essentiali madalad sokid on kerged, ülimadalad ja pehmed, sobides igapäevaseks kandmiseks. see toode on valmistatud vähemalt 75% taaskasutatud polüesterkiududest. Vaata lähemalt ballzy.eu.",https://ballzy.eu/et/product/u-nk-nsw-everyday-essential-ns-dx5075-100-l-cnf,https://backend.ballzy.eu/media/catalog/product/n/i/nike-u-nk-nsw-everyday-essential-ns-valge-cbxu.jpg,Nike,19.00 EUR,in_stock,Streetbrand OÜ,EE,true,false,true
LAH91014_BK_OSZ_CNF,6-panel curved brim nb classic hat,Spordiriided ballzy veebipoest. Vaata lähemalt ballzy.eu.,https://ballzy.eu/et/product/6-panel-curved-brim-nb-classic-hat-lah91014-bk-osz-cnf,https://backend.ballzy.eu/media/catalog/product/n/e/new-balance-6-panel-curved-brim-nb-classic-hat-must-gowi.jpg,New Balance,24.00 EUR,in_stock,Streetbrand OÜ,EE,true,false,true
162056C_102_10_CNF,Chuck 70 hi,Spordiriided ballzy veebipoest. Vaata lähemalt ballzy.eu.,https://ballzy.eu/et/product/chuck-70-hi-162056c-102-10-cnf,https://backend.ballzy.eu/media/catalog/product/c/o/converse-chuck-70-hi-valge-jqat.jpg,Converse,99.00 EUR,in_stock,Streetbrand OÜ,EE,true,false,true
DK0A4XB2BLK1_S_CNF,Pelican rapids,Spordiriided ballzy veebipoest. Vaata lähemalt ballzy.eu.,https://ballzy.eu/et/product/pelican-rapids-dk0a4xb2blk1-s-cnf,https://backend.ballzy.eu/media/catalog/product/d/i/dickies-pelican-rapids-must-iptw.jpg,Dickies,59.00 EUR,in_stock,Streetbrand OÜ,EE,true,false,true
DK0A4XK7CH01_S_CNF,Work shirt ss rec,Spordiriided ballzy veebipoest. Vaata lähemalt ballzy.eu.,https://ballzy.eu/et/product/work-shirt-ss-rec-dk0a4xk7ch01-s-cnf,https://backend.ballzy.eu/media/catalog/product/d/i/dickies-work-shirt-ss-rec-hall-m5nq.jpg,Dickies,59.00 EUR,in_stock,Streetbrand OÜ,EE,true,false,true
DX5075_911_L_CNF,U nk nsw everyday essential ns,"täiendatud kõikse päeva&hellip; nike sportswear essential ankle socks on disainitud spordi objektiivi kaudu, kerged, ei näita stiili ja pehme tundega, mis on valmis igapäevaseks kandmiseks. see toode on valmistatud vähemalt 75% ulatuses ümbertöödeldud polüesterkiududest&hellip; toote omadused: no-show siluett tagab madala profiili&hellip; kaarepael kontuurib ümber jala, et tagada kindel istuvus&hellip; toote omaduste alapealkirjad: tootedetailid: 98% polüester/2% elastaani. masin Vaata lähemalt ballzy.eu.",https://ballzy.eu/et/product/u-nk-nsw-everyday-essential-ns-dx5075-911-l-cnf,https://backend.ballzy.eu/media/catalog/product/n/i/nike-u-nk-nsw-everyday-essential-ns-valge-fqrv.jpg,Nike,19.00 EUR,in_stock,Streetbrand OÜ,EE,true,false,true
CP017_CNF,Crep protect - mark-on white,Spordiriided ballzy veebipoest. Vaata lähemalt ballzy.eu.,https://ballzy.eu/et/product/crep-protect-mark-on-white-cp017-cnf,https://backend.ballzy.eu/media/catalog/product/c/r/crep-protect-crep-protect-mark-on-white-multicolor-alrz.jpg,Crep Protect,17.00 EUR,in_stock,Streetbrand OÜ,EE,true,false,true
CP018_CNF,Crep protect - ultimate box pack,Spordiriided ballzy veebipoest. Vaata lähemalt ballzy.eu.,https://ballzy.eu/et/product/crep-protect-ultimate-box-pack-cp018-cnf,https://backend.ballzy.eu/media/catalog/product/c/r/crep-protect-crep-protect-ultimate-box-pack-multicolor-on8i.jpg,Crep Protect,49.00 EUR,in_stock,Streetbrand OÜ,EE,true,false,true
CP031_CNF,Crep protect - sneaker shields s,Spordiriided ballzy veebipoest. Vaata lähemalt ballzy.eu.,https://ballzy.eu/et/product/crep-protect-sneaker-shields-s-cp031-cnf,https://backend.ballzy.eu/media/catalog/product/c/r/crep-protect-crep-protect-sneaker-shields-s-multicolor-h8jk.jpg,Crep Protect,12.00 EUR,in_stock,Streetbrand OÜ,EE,true,false,true
DX5025_100_S_CNF,U nk nsw everyday essential cr,"pehmed poolpikad sokid./>nike'i nike sportswear everyday essential sokid on valmistatud pehmest ja venivast kangast, mis kohandub sinu jalaga, tagades mugavuse kogu päevaks. see toode on tehtud vähemalt 75% ulatuses taaskasutatud polüesterkiududest.dri-fit tehnoloogia aitab hoida su jalad kuivad ja mugavad.tugevdatud kand ja varbaosa pakuvad vastupidavust.strateegiliselt paigutatud võrk materjal lisab hingavust. Vaata lähemalt ballzy.eu.",https://ballzy.eu/et/product/u-nk-nsw-everyday-essential-cr-dx5025-100-s-cnf,https://backend.ballzy.eu/media/catalog/product/n/i/nike-u-nk-nsw-everyday-essential-cr-valge-mdik.jpg,Nike,19.00 EUR,in_stock,Streetbrand OÜ,EE,true,false,true
DB3021_11.5_CNF,Handball spezial,"esmakordselt 1979. aastal eliitkäsipallurite jaoks kasutusele võetud kingad on nüüdseks armastatud oma klassikalise stiili tõttu. see versioon on valmistatud lehma mokkast pealsest, mis tagab paindliku tunde. pehme kummist välistald hoiab neid oma vintage-juurtele truuks. Vaata lähemalt ballzy.eu.",https://ballzy.eu/et/product/handball-spezial-db3021-11-5-cnf,https://backend.ballzy.eu/media/catalog/product/a/d/adidas-handball-spezial-must-e1be.jpg,adidas Originals,119.00 EUR,in_stock,Streetbrand OÜ,EE,true,false,true
I030014_89XX_S_CNF,Hewitt vest,Spordiriided ballzy veebipoest. Vaata lähemalt ballzy.eu.,https://ballzy.eu/et/product/hewitt-vest-i030014-89xx-s-cnf,https://backend.ballzy.eu/media/catalog/product/c/a/carhartt-hewitt-vest-must-wxqe.jpg,Carhartt WIP,189.00 EUR,in_stock,Streetbrand OÜ,EE,true,false,true
10001_100_41_CNF,Classic,Spordiriided ballzy veebipoest. Vaata lähemalt ballzy.eu.,https://ballzy.eu/et/product/classic-10001-100-41-cnf,https://backend.ballzy.eu/media/catalog/product/c/r/crocs-classic-valge-aqef.jpg,Crocs,54.00 EUR,in_stock,Streetbrand OÜ,EE,true,false,true
I030018_NOXX_S_CNF,Montana jacket,Spordiriided ballzy veebipoest. Vaata lähemalt ballzy.eu.,https://ballzy.eu/et/product/montana-jacket-i030018-noxx-s-cnf,https://backend.ballzy.eu/media/catalog/product/c/a/carhartt-montana-jacket-roheline-vvt0.jpg,Carhartt WIP,189.00 EUR,in_stock,Streetbrand OÜ,EE,true,false,true
DX5075_010_S_CNF,U nk nsw everyday essential ns,"täiendatud kõikse päeva&hellip; nike sportswear essential ankle socks on disainitud spordi objektiivi kaudu, kerged, ei näita stiili ja pehme tundega, mis on valmis igapäevaseks kandmiseks. see toode on valmistatud vähemalt 75% ulatuses ümbertöödeldud polüesterkiududest&hellip; toote omadused: no-show siluett tagab madala profiili&hellip; kaarepael kontuurib ümber jala, et tagada kindel istuvus&hellip; toote omaduste alapealkirjad: tootedetailid: 98% polüester/2% elastaani. masin Vaata lähemalt ballzy.eu.",https://ballzy.eu/et/product/u-nk-nsw-everyday-essential-ns-dx5075-010-s-cnf,https://backend.ballzy.eu/media/catalog/product/n/i/nike-u-nk-nsw-everyday-essential-ns-must-ej20.jpg,Nike,19.00 EUR,in_stock,Streetbrand OÜ,EE,true,false,true
SX7678_100_M_CNF,U nk everyday ltwt ns 3pr 132,Nike everyday lightweighti sokkidega sööstad võimsalt läbi oma treeningu. pehme kangas ja higiimav tehnoloogia hoiavad su jalad mugava ning kuivana. Vaata lähemalt ballzy.eu.,https://ballzy.eu/et/product/u-nk-everyday-ltwt-ns-3pr-132-sx7678-100-m-cnf,https://backend.ballzy.eu/media/catalog/product/n/i/nike-u-nk-everyday-ltwt-ns-3pr-valge-mvmj.jpg,Nike,19.00 EUR,in_stock,Streetbrand OÜ,EE,true,false,true
I026391_00MXX_XS_CNF,S/s chase t-shirt,Spordiriided ballzy veebipoest. Vaata lähemalt ballzy.eu.,https://ballzy.eu/et/product/s-s-chase-t-shirt-i026391-00mxx-xs-cnf,https://backend.ballzy.eu/media/catalog/product/c/a/carhartt-s-s-chase-t-shirt-hall-fxvw.jpg,Carhartt WIP,39.00 EUR,in_stock,Streetbrand OÜ,EE,true,false,true
CQ9512_010_MISC_CNF,U nsw h86 cap jdi wash cap,Spordiriided ballzy veebipoest. Vaata lähemalt ballzy.eu.,https://ballzy.eu/et/product/u-nsw-h86-cap-jdi-wash-cap-cq9512-010-misc-cnf,https://backend.ballzy.eu/media/catalog/product/n/i/nike-u-nsw-h86-cap-jdi-wash-cap-must-zwl6.jpg,Nike,29.00 EUR,in_stock,Streetbrand OÜ,EE,true,false,true
DM0211_100_8_CNF,Air force 1 ´07 fresh,"legendaarne stiil muutub värskeks&hellip; vananemist ei saa peatada, kuid air force 1 ""fresh"" jõuab sellele üsna lähedale. pehme, tekstuurne nahk aitab varjata kortsumist ja seda on lihtne puhastada. debossitud kaubamärgiga, mis asendab kootud sildid, paarib lisapaelad, nii et saate rahulikult seda marmelaadifunkrit süüa. ja perforeeritud sokkpolster hoiab selle õhulisuse ja hingavuse. nüüd ei ole tõesti mingit põhjust, miks mitte rokkida valgeid valgeid&hellip; tooteomadused: pe Vaata lähemalt ballzy.eu.",https://ballzy.eu/et/product/air-force-1-07-fresh-dm0211-100-8-cnf,https://backend.ballzy.eu/media/catalog/product/n/i/nike-air-force-1-07-fresh-valge-sopp.jpg,Nike,134.00 EUR,in_stock,Streetbrand OÜ,EE,true,false,true
I030992_00EXX_S_CNF,Script belt,Spordiriided ballzy veebipoest. Vaata lähemalt ballzy.eu.,https://ballzy.eu/et/product/script-belt-i030992-00exx-s-cnf,https://backend.ballzy.eu/media/catalog/product/c/a/carhartt-script-belt-must-ge77.jpg,Carhartt WIP,69.00 EUR,in_stock,Streetbrand OÜ,EE,true,false,true
MR530SG_8_CNF,New balance 530,The 530 men’s sneaker is a throwback of one of our classic running shoes. this casual kick combines everyday style with modern tech. abzorb cushioning underfoot adds superior comfort. Vaata lähemalt ballzy.eu.,https://ballzy.eu/et/product/new-balance-530-mr530sg-8-cnf,https://backend.ballzy.eu/media/catalog/product/n/e/new-balance-new-balance-530-valge-vzqo.jpg,New Balance,124.00 EUR,in_stock,Streetbrand OÜ,EE,true,false,true
DH2925_111_10.5C_CNF,Force 1 le ps,"salute to a legendale&hellip; sellest ongi legendid tehtud. nike force 1 le toob tagasi 82. aasta kõvapuu ikooni igapäevaseks stiiliks, mis on kas täielikult valge või täielikult must. lase vastupidavusel, pehmendusel ja tunnetusel tutvustada väikestele jalgadele klassikalist&hellip; toote omadused: ehtne ja sünteetiline nahk on vastupidav ja kergesti puhastatav&hellip; pehme vaht annab klassikalise pehmenduse&hellip; kummist tald toob vastupidava haardumise&hellip; toote omadust Vaata lähemalt ballzy.eu.",https://ballzy.eu/et/product/force-1-le-ps-dh2925-111-10-5c-cnf,https://backend.ballzy.eu/media/catalog/product/n/i/nike-force-1-le-ps-valge-hpie.jpg,Nike,79.00 EUR,in_stock,Streetbrand OÜ,EE,true,false,true
DK0A4XK9CH01_30_30_CNF,872 work pant rec,Spordiriided ballzy veebipoest. Vaata lähemalt ballzy.eu.,https://ballzy.eu/et/product/872-work-pant-rec-dk0a4xk9ch01-30-30-cnf,https://backend.ballzy.eu/media/catalog/product/d/i/dickies-872-work-pant-rec-hall-m4ha.jpg,Dickies,79.00 EUR,in_stock,Streetbrand OÜ,EE,true,false,true
DK0A4XYLC151_28_CNF,Thomasville denim w,Spordiriided ballzy veebipoest. Vaata lähemalt ballzy.eu.,https://ballzy.eu/et/product/thomasville-denim-w-dk0a4xylc151-28-cnf,https://backend.ballzy.eu/media/catalog/product/d/i/dickies-thomasville-denim-w-sinine-gukq.jpg,Dickies,89.00 EUR,in_stock,Streetbrand OÜ,EE,true,false,true
DK0A4XYXA281_XS_CNF,Summerdale sweatshirt w,Spordiriided ballzy veebipoest. Vaata lähemalt ballzy.eu.,https://ballzy.eu/et/product/summerdale-sweatshirt-w-dk0a4xyxa281-xs-cnf,https://backend.ballzy.eu/media/catalog/product/d/i/dickies-summerdale-sweatshirt-w-hall-1s6c.jpg,Dickies,69.00 EUR,in_stock,Streetbrand OÜ,EE,true,false,true
DK0A4Y1BBLK1_XS_CNF,Summerdale tee ss w,Spordiriided ballzy veebipoest. Vaata lähemalt ballzy.eu.,https://ballzy.eu/et/product/summerdale-tee-ss-w-dk0a4y1bblk1-xs-cnf,https://backend.ballzy.eu/media/catalog/product/d/i/dickies-summerdale-tee-ss-w-must-us1v.jpg,Dickies,39.00 EUR,in_stock,Streetbrand OÜ,EE,true,false,true
DH5463_903_S_CNF,U nk everyday plus cush footie,"low-profile comfort plus support&hellip; nike everyday plus cushioned socks toovad treeningusse mugavust tänu lisapehmendusele kanna ja esijala all ning mugavale, toetavale kaarepaelale. higi äravoolavus ja hingavus üleval aitavad hoida jalad kuivana ja jahedana, et aidata teil läbi teha täiendav sari&hellip; toote omadused: dri-fit-tehnoloogia aitab jalgadel kuivana ja mugavalt püsida&hellip; vöörihma ümbritsev rihm tundub mugav ja toetav&hellip; hingav kudumismuster ülaosas lis Vaata lähemalt ballzy.eu.",https://ballzy.eu/et/product/u-nk-everyday-plus-cush-footie-dh5463-903-s-cnf,https://backend.ballzy.eu/media/catalog/product/n/i/nike-u-nk-everyday-plus-cush-footie-valge-djvb.jpg,Nike,19.00 EUR,in_stock,Streetbrand OÜ,EE,true,false,true
DN2555_010_MISC_CNF,Nk elmntl prm bkpk,"Stiilne, kaasaegne ja vastupidavast polüestrist valmistatud nike elementali seljakott on lausa hädavajalik. selle suurde lukuga sahtlisse mahuvad lisaks raamatutele ja sülearvutile ka mugavalt sinu jalatsid või trenniriided. kaks välistaskut aitavad sul väikeseid esemeid korralikult ning ligipääsetavalt kaasas kanda.kahetaskuline lukuga peatasku pakub avarat ja turvalist hoiuruumi.mitmed lihtsasti ligipääsetavad taskud, sealhulgas veepudelihoidikud, tagavad mugava korral Vaata lähemalt ballzy.eu.",https://ballzy.eu/et/product/nk-elmntl-prm-bkpk-dn2555-010-misc-cnf,https://backend.ballzy.eu/media/catalog/product/n/i/nike-nk-elmntl-prm-bkpk-must-pedx.jpg,Nike,59.00 EUR,in_stock,Streetbrand OÜ,EE,true,false,true
SX5277_101_S_CNF,U nk everyday plus ltwt footie,"mugavalt paitud ventilatsiooniga&hellip; nike everyday plus kerged sokid pakuvad madala profiiliga mugavust mikro-nyloon- ja spandexlõngade seguga. higi eemaldav disain on pealt hingav, et hoida jalad jahedad ja kuivad&hellip; toote omadused: dri-fit tehnoloogia aitab hoida jalad kuivana ja mugavalt&hellip; kaarepael tundub toetav ja mugav&hellip; hingav konstruktsioon pealt&hellip; sisemine libisemisvastane silikoonitrükk kannal aitab vähendada libisemist&hellip; toote omaduste Vaata lähemalt ballzy.eu.",https://ballzy.eu/et/product/u-nk-everyday-plus-ltwt-footie-sx5277-101-s-cnf,https://backend.ballzy.eu/media/catalog/product/n/i/nike-u-nk-everyday-plus-ltwt-footie-valge-uy0h.jpg,Nike,19.00 EUR,in_stock,Streetbrand OÜ,EE,true,false,true
DX5025_010_S_CNF,U nk nsw everyday essential cr,"Nike sportswear everyday essentiali sokid on valmistatud pehmest ja venivast kangast, mis liibub su jalale, tagades mugavuse kogu päevaks. see toode on valmistatud vähemalt 75% taaskasutatud polüesterkiududest. Vaata lähemalt ballzy.eu.",https://ballzy.eu/et/product/u-nk-nsw-everyday-essential-cr-dx5025-010-s-cnf,https://backend.ballzy.eu/media/catalog/product/n/i/nike-u-nk-nsw-everyday-essential-cr-must-jesj.jpg,Nike,23.00 EUR,in_stock,Streetbrand OÜ,EE,true,false,true
13328667_L_CNF,Smiley originals po hoody,Spordiriided ballzy veebipoest. Vaata lähemalt ballzy.eu.,https://ballzy.eu/et/product/smiley-originals-po-hoody-13328667-l-cnf,https://backend.ballzy.eu/media/catalog/product/n/e/newera-smiley-originals-po-hoody-must-pswg.jpg,New Era,89.00 EUR,in_stock,Streetbrand OÜ,EE,true,false,true
I021756_89XX_M-L_CNF,Watch gloves,Spordiriided ballzy veebipoest. Vaata lähemalt ballzy.eu.,https://ballzy.eu/et/product/watch-gloves-i021756-89xx-m-l-cnf,https://backend.ballzy.eu/media/catalog/product/c/a/carhartt-watch-gloves-hall-0gps.jpg,Carhartt WIP,29.00 EUR,in_stock,Streetbrand OÜ,EE,true,false,true
MR530EMA_4_CNF,New balance 530,The 530 men’s sneaker is a throwback of one of our classic running shoes. this casual kick combines everyday style with modern tech. abzorb cushioning underfoot adds superior comfort. Vaata lähemalt ballzy.eu.,https://ballzy.eu/et/product/new-balance-530-mr530ema-4-cnf,https://backend.ballzy.eu/media/catalog/product/n/e/new-balance-new-balance-530-valge-4eov.jpg,New Balance,124.00 EUR,in_stock,Streetbrand OÜ,EE,true,false,true
IA3919_34_CNF,Puffer jacket,"sa võid olla füüsiliselt kaugel mäenõlvadest, kuid suusatamise meeleolu on selles adidas´i puffy jakis täiesti olemas. nii mahu kui ka soojuse eest hoolitseb polsterdatud konstruktsioon, mis loob muljet, samal ajal blokeerides külma. kui sul on vaja seda veelgi rohkem blokeerida, siis reguleeri lihtsalt piha ja tõmba jope täielikult kinni. abiks on kõrgendatud krae. valmistatud osaliselt taaskasutatud materjalist, mis on saadud tootmisjäätmetest, nt lõikamisjäätmetest, ja tarbija Vaata lähemalt ballzy.eu.",https://ballzy.eu/et/product/puffer-jacket-ia3919-34-cnf,https://backend.ballzy.eu/media/catalog/product/a/d/adidas-puffer-jacket-must-jemp.jpg,adidas Originals,169.00 EUR,in_stock,Streetbrand OÜ,EE,true,false,true
M2002RST_07_CNF,New balance 2002r,Spordiriided ballzy veebipoest. Vaata lähemalt ballzy.eu.,https://ballzy.eu/et/product/new-balance-2002r-m2002rst-07-cnf,https://backend.ballzy.eu/media/catalog/product/n/e/new-balance-new-balance-2002r-hall-rnls.jpg,New Balance,159.00 EUR,in_stock,Streetbrand OÜ,EE,true,false,true
JM102005_CNF,New repel spray refill,Spordiriided ballzy veebipoest. Vaata lähemalt ballzy.eu.,https://ballzy.eu/et/product/new-repel-spray-refill-jm102005-cnf,https://backend.ballzy.eu/media/catalog/product/j/a/jason-markk-new-repel-spray-refill-multicolor-iedc.jpg,Jason Markk,16.00 EUR,in_stock,Streetbrand OÜ,EE,true,false,true
JM1364_CNF,Premium microfiber towel,Spordiriided ballzy veebipoest. Vaata lähemalt ballzy.eu.,https://ballzy.eu/et/product/premium-microfiber-towel-jm1364-cnf,https://backend.ballzy.eu/media/catalog/product/j/a/jason-markk-premium-microfiber-towel-multicolor-bmoj.jpg,Jason Markk,13.00 EUR,in_stock,Streetbrand OÜ,EE,true,false,true
JM1647_CNF,Standard brush,Spordiriided ballzy veebipoest. Vaata lähemalt ballzy.eu.,https://ballzy.eu/et/product/standard-brush-jm1647-cnf,https://backend.ballzy.eu/media/catalog/product/j/a/jason-markk-standard-brush-multicolor-ltbo.jpg,Jason Markk,10.00 EUR,in_stock,Streetbrand OÜ,EE,true,false,true
JM2138_CNF,Jm travel kit,Spordiriided ballzy veebipoest. Vaata lähemalt ballzy.eu.,https://ballzy.eu/et/product/jm-travel-kit-jm2138-cnf,https://backend.ballzy.eu/media/catalog/product/j/a/jason-markk-jm-travel-kit-multicolor-jvbv.jpg,Jason Markk,39.00 EUR,in_stock,Streetbrand OÜ,EE,true,false,true
JM310410_CNF,Essential kit,Spordiriided ballzy veebipoest. Vaata lähemalt ballzy.eu.,https://ballzy.eu/et/product/essential-kit-jm310410-cnf,https://backend.ballzy.eu/media/catalog/product/j/a/jason-markk-hat-care-kit-multicolor-6m7v.jpg,Jason Markk,30.00 EUR,in_stock,Streetbrand OÜ,EE,true,false,true
JM4383_CNF,Premium brush,Spordiriided ballzy veebipoest. Vaata lähemalt ballzy.eu.,https://ballzy.eu/et/product/premium-brush-jm4383-cnf,https://backend.ballzy.eu/media/catalog/product/j/a/jason-markk-premium-brush-multicolor-i22l.jpg,Jason Markk,13.00 EUR,in_stock,Streetbrand OÜ,EE,true,false,true
LAS16463_BK_L_CNF,Unisex response performance crew 3 pairs,Spordiriided ballzy veebipoest. Vaata lähemalt ballzy.eu.,https://ballzy.eu/et/product/unisex-response-performance-crew-3-pairs-las16463-bk-l-cnf,https://backend.ballzy.eu/media/catalog/product/n/e/new-balance-unisex-response-performance-crew-3-pairs-must-tbcw.jpg,New Balance,14.00 EUR,in_stock,Streetbrand OÜ,EE,true,false,true
LAS16463_WT_L_CNF,Unisex response performance crew 3 pairs,Spordiriided ballzy veebipoest. Vaata lähemalt ballzy.eu.,https://ballzy.eu/et/product/unisex-response-performance-crew-3-pairs-las16463-wt-l-cnf,https://backend.ballzy.eu/media/catalog/product/n/e/new-balance-unisex-response-performance-crew-3-pairs-valge-immi.jpg,New Balance,14.00 EUR,in_stock,Streetbrand OÜ,EE,true,false,true
U9060GRY_8_CNF,New balance 9060,"New balance’s new 9060 silhouette fuses classic style with a contemporary, experimental approach to everyday versatility. the 9060 reinterprets familiar elements sourced from classic 99x models with a warped sensibility inspired by the proudly futuristic, visible tech aesthetic of the y2k era. sway bars, taken from the 990, are expanded and utilized throughout the entire upper for a sense of visible motion, while wavy lines and scaled up proportions on a sculpted pod midsole place an exaggerated Vaata lähemalt ballzy.eu.",https://ballzy.eu/et/product/new-balance-9060-u9060gry-8-cnf,https://backend.ballzy.eu/media/catalog/product/n/e/new-balance-new-balance-9060-hall-a8ju.jpg,New Balance,199.00 EUR,in_stock,Streetbrand OÜ,EE,true,false,true
DD1873_102_6_CNF,W nike dunk low next nature,"see on loodud kõva puidu jaoks, kuid viidud tänavale, '80ndate ikoon naaseb, et lasta sul teha head, nähes hea välja. nüüd valmistatud vähemalt 20% ulatuses taaskasutatud materjalidest, värskendasime klassikat, mis säilitab algse terviklikkuse, kuid mille mõju on minimaalne. sünteetilisest nahast valmistatud dunk low suunab tänavale vintage-pallurite stiili ja lihtsa eluviisi&hellip; toote omadused: sunburst-sümbol esindab 1 väikest sammu meie teekonnal move to zero&hellip; karge Vaata lähemalt ballzy.eu.",https://ballzy.eu/et/product/w-nike-dunk-low-next-nature-dd1873-102-6-cnf,https://backend.ballzy.eu/media/catalog/product/n/i/nike-w-nike-dunk-low-next-nature-must-ncr3.jpg,Nike,149.00 EUR,in_stock,Streetbrand OÜ,EE,true,false,true
BS7685_6.5_CNF,Club c 85,Spordiriided ballzy veebipoest. Vaata lähemalt ballzy.eu.,https://ballzy.eu/et/product/club-c-85-bs7685-6-5-cnf,https://backend.ballzy.eu/media/catalog/product/r/e/reebok-club-c-85-valge-a7bj.jpg,Reebok,74.00 EUR,in_stock,Streetbrand OÜ,EE,true,false,true
53834865_XS_CNF,Infuse tee,Spordiriided ballzy veebipoest. Vaata lähemalt ballzy.eu.,https://ballzy.eu/et/product/infuse-tee-53834865-xs-cnf,https://backend.ballzy.eu/media/catalog/product/p/u/puma-infuse-tee-lilla-gdtj.jpg,Puma,44.00 EUR,in_stock,Streetbrand OÜ,EE,true,false,true
53834889_XS_CNF,Infuse tee,Spordiriided ballzy veebipoest. Vaata lähemalt ballzy.eu.,https://ballzy.eu/et/product/infuse-tee-53834889-xs-cnf,https://backend.ballzy.eu/media/catalog/product/p/u/puma-infuse-tee-bee-5fhd.jpg,Puma,44.00 EUR,in_stock,Streetbrand OÜ,EE,true,false,true
HQ8708_8_CNF,Campus 00s,"kuigi adidas campus´i kingad debüteerisid kõvaplatsil, võeti need kiiresti kasutusele ka mujal. selle paari puhul liigutame ikoonilist siluetti teises suunas ning lisame sellele kaasaegseid materjale, värve ja proportsioone. need on tehtud esmaklassilise nahast pealsega, mis on vooderdatud pehme froteekangaga, kusjuures kõik see on paigutatud naturaalvalge vahepealse peale - selge ühendus campus´i pärandiga. Vaata lähemalt ballzy.eu.",https://ballzy.eu/et/product/campus-00s-hq8708-8-cnf,https://backend.ballzy.eu/media/catalog/product/a/d/adidas-campus-00s-must-fmln.jpg,adidas Originals,119.00 EUR,in_stock,Streetbrand OÜ,EE,true,false,true
DD1391_100_9_CNF,Nike dunk low retro,"true to your crew&hellip; nike dunk low retro, mis on loodud kõvaplatsile, kuid viidud tänavatele, naaseb teravate kattematerjalide ja originaalsete meeskonnavärvidega. see korvpalli ikoon kanaliseerib '80ndate vibratsiooni kõrgekvaliteedilise nahaga pealses, mis näeb hea välja ja murdub veelgi paremini. kaasaegne jalatsitehnoloogia aitab tuua mugavuse 21. sajandisse&hellip; toote omadused: premium nahk pealses on täiusliku läikega ja murdub ilusti sisse&hellip; kaasaegne vahtpol Vaata lähemalt ballzy.eu.",https://ballzy.eu/et/product/nike-dunk-low-retro-dd1391-100-9-cnf,https://backend.ballzy.eu/media/catalog/product/n/i/nike-nike-dunk-low-retro-must-vw3g.jpg,Nike,129.00 EUR,in_stock,Streetbrand OÜ,EE,true,false,true
30851329_040_CNF,Combs w,Spordiriided ballzy veebipoest. Vaata lähemalt ballzy.eu.,https://ballzy.eu/et/product/combs-w-30851329-040-cnf,https://backend.ballzy.eu/media/catalog/product/d/r/dr-martens-combs-w-bee-jgwj.jpg,Dr. Martens,159.00 EUR,in_stock,Streetbrand OÜ,EE,true,false,true
I026391_00HXX_S_CNF,S/s chase t-shirt,Spordiriided ballzy veebipoest. Vaata lähemalt ballzy.eu.,https://ballzy.eu/et/product/s-s-chase-t-shirt-i026391-00hxx-s-cnf,https://backend.ballzy.eu/media/catalog/product/c/a/carhartt-s-s-chase-t-shirt-sinine-oh6t.jpg,Carhartt WIP,39.00 EUR,in_stock,Streetbrand OÜ,EE,true,false,true
26002001_080_CNF,Embury,Spordiriided ballzy veebipoest. Vaata lähemalt ballzy.eu.,https://ballzy.eu/et/product/embury-26002001-080-cnf,https://backend.ballzy.eu/media/catalog/product/d/r/dr-martens-embury-must-qbkf.jpg,Dr. Martens,169.00 EUR,in_stock,Streetbrand OÜ,EE,true,false,true
60332142_2XL_CNF,Infill team logo jersey lakers,"Ole kogu päeva mugav selles mustas new era infill team logo särgis: klassikaline ümar kaelus nööbitava esiosaga, lühikesed varrukad ning silmapaistvad la lakersi meeskonna detailid. ideaalne igapäevaseks fännivarustuseks. Vaata lähemalt ballzy.eu.",https://ballzy.eu/et/product/infill-team-logo-jersey-lakers-60332142-2xl-cnf,https://backend.ballzy.eu/media/catalog/product/n/e/newera-infill-team-logo-jersey-lakers-must-fesd.jpg,New Era,69.00 EUR,in_stock,Streetbrand OÜ,EE,true,false,true
DV7616_010_S_CNF,M j ess stmt coaches jkt,Spordiriided ballzy veebipoest. Vaata lähemalt ballzy.eu.,https://ballzy.eu/et/product/m-j-ess-stmt-coaches-jkt-dv7616-010-s-cnf,https://backend.ballzy.eu/media/catalog/product/j/o/jordan-m-j-ess-stmt-coaches-jkt-must-yghj.jpg,Jordan,139.00 EUR,in_stock,Streetbrand OÜ,EE,true,false,true
30823292_070_CNF,Tarik,Spordiriided ballzy veebipoest. Vaata lähemalt ballzy.eu.,https://ballzy.eu/et/product/tarik-30823292-070-cnf,https://backend.ballzy.eu/media/catalog/product/d/r/dr-martens-tarik-bee-tiy3.jpg,Dr. Martens,169.00 EUR,in_stock,Streetbrand OÜ,EE,true,false,true
30852538_070_CNF,Ayce,Spordiriided ballzy veebipoest. Vaata lähemalt ballzy.eu.,https://ballzy.eu/et/product/ayce-30852538-070-cnf,https://backend.ballzy.eu/media/catalog/product/d/r/dr-martens-ayce-roheline-wvt0.jpg,Dr. Martens,119.00 EUR,in_stock,Streetbrand OÜ,EE,true,false,true
DN8396_100_S_CNF,Bkn m nk df shwtm ls fz ce,Spordiriided ballzy veebipoest. Vaata lähemalt ballzy.eu.,https://ballzy.eu/et/product/bkn-m-nk-df-shwtm-ls-fz-ce-dn8396-100-s-cnf,https://backend.ballzy.eu/media/catalog/product/n/i/nike-bkn-m-nk-df-shwtm-ls-fz-ce-valge-czgt.jpg,Nike,159.00 EUR,in_stock,Streetbrand OÜ,EE,true,false,true
N1002455127OS_1SIZE_CNF,Nike gathered hair ties 2.0 2,Spordiriided ballzy veebipoest. Vaata lähemalt ballzy.eu.,https://ballzy.eu/et/product/nike-gathered-hair-ties-2-0-2-n1002455127os-1size-cnf,https://backend.ballzy.eu/media/catalog/product/n/i/nike-nike-gathered-hair-ties-2-0-2-must-yymz.jpg,Nike,14.00 EUR,in_stock,Streetbrand OÜ,EE,true,false,true
60298663_OSFM_CNF,Ne heritage script 9twenty,Spordiriided ballzy veebipoest. Vaata lähemalt ballzy.eu.,https://ballzy.eu/et/product/ne-heritage-script-9twenty-60298663-osfm-cnf,https://backend.ballzy.eu/media/catalog/product/n/e/newera-ne-heritage-script-9twenty-must-atgy.jpg,New Era,34.00 EUR,in_stock,Streetbrand OÜ,EE,true,false,true
I013507_89XX_0_CNF,Clan scarf,Spordiriided ballzy veebipoest. Vaata lähemalt ballzy.eu.,https://ballzy.eu/et/product/clan-scarf-i013507-89xx-0-cnf,https://backend.ballzy.eu/media/catalog/product/c/a/carhartt-clan-scarf-must-h4bu.jpg,Carhartt WIP,59.00 EUR,in_stock,Streetbrand OÜ,EE,true,false,true
DK0A4YFWF311_27_CNF,Leesburg pant w,Spordiriided ballzy veebipoest. Vaata lähemalt ballzy.eu.,https://ballzy.eu/et/product/leesburg-pant-w-dk0a4yfwf311-27-cnf,https://backend.ballzy.eu/media/catalog/product/d/i/dickies-leesburg-pant-w-valge-sukl.jpg,Dickies,79.00 EUR,in_stock,Streetbrand OÜ,EE,true,false,true
I031363_1DIXX_XS_CNF,W´ l/s chromo shirt,"Carhartt wip naiste must l/s chromo särk keskmise raskusega puuvillase twilli pealispinnaga, millel on kogu ulatuses digitaalne chromo trükk, mis on inspireeritud tie dye’st. tavaline lõige, eest nööpidega kinnis ning kaks rinnataskut. Vaata lähemalt ballzy.eu.",https://ballzy.eu/et/product/w-l-s-chromo-shirt-i031363-1dixx-xs-cnf,https://backend.ballzy.eu/media/catalog/product/c/a/carhartt-w-l-s-chromo-shirt-must-v7ki.jpg,Carhartt WIP,89.00 EUR,in_stock,Streetbrand OÜ,EE,true,false,true
30821358_070_CNF,Dante,Spordiriided ballzy veebipoest. Vaata lähemalt ballzy.eu.,https://ballzy.eu/et/product/dante-30821358-070-cnf,https://backend.ballzy.eu/media/catalog/product/d/r/dr-martens-dante-roheline-7xpp.jpg,Dr. Martens,139.00 EUR,in_stock,Streetbrand OÜ,EE,true,false,true
30826292_040_CNF,Combs,Spordiriided ballzy veebipoest. Vaata lähemalt ballzy.eu.,https://ballzy.eu/et/product/combs-30826292-040-cnf,https://backend.ballzy.eu/media/catalog/product/d/r/dr-martens-combs-bee-7sqw.jpg,Dr. Martens,159.00 EUR,in_stock,Streetbrand OÜ,EE,true,false,true
I031918_0202_XS_CNF,W´ brandon pant,Spordiriided ballzy veebipoest. Vaata lähemalt ballzy.eu.,https://ballzy.eu/et/product/w-brandon-pant-i031918-0202-xs-cnf,https://backend.ballzy.eu/media/catalog/product/c/a/carhartt-w-brandon-pant-valge-t7or.jpg,Carhartt WIP,89.00 EUR,in_stock,Streetbrand OÜ,EE,true,false,true
IC3031_OSFM_CNF,Pe dad cap,"see adidas´i müts on pakitav disainiga ja minimalistliku stiiliga, mis annab lihtsa emotsiooni. esmaklassiline puuvill ja niiskust eemaldav higipael tagavad mugavuse. Vaata lähemalt ballzy.eu.",https://ballzy.eu/et/product/pe-dad-cap-ic3031-osfm-cnf,https://backend.ballzy.eu/media/catalog/product/a/d/adidas-pe-dad-cap-must-araf.jpg,adidas Originals,29.00 EUR,in_stock,Streetbrand OÜ,EE,true,false,true
10745455_OSFA_CNF,940 leag basic yankees,Spordiriided ballzy veebipoest. Vaata lähemalt ballzy.eu.,https://ballzy.eu/et/product/940-leag-basic-yankees-10745455-osfa-cnf,https://backend.ballzy.eu/media/catalog/product/n/e/newera-940-leag-basic-yankees-valge-pnkm.jpg,New Era,29.00 EUR,in_stock,Streetbrand OÜ,EE,true,false,true
12380590_OSFM_CNF,League essential 940 yankees,Spordiriided ballzy veebipoest. Vaata lähemalt ballzy.eu.,https://ballzy.eu/et/product/league-essential-940-yankees-12380590-osfm-cnf,https://backend.ballzy.eu/media/catalog/product/n/e/newera-league-essential-940-yankees-must-jogu.jpg,New Era,29.00 EUR,in_stock,Streetbrand OÜ,EE,true,false,true
I031461_1ECXX_S_CNF,S/s reyes shirt,"Mitmevärviline lühikeste varrukatega reyes-särk carhartt wip-ilt, valmistatud 100% jätkusuutlikust viskoosist. lühikeste varrukatega meeste särk reyes stripe’i värvikombinatsiooniga toonides wax/black. Vaata lähemalt ballzy.eu.",https://ballzy.eu/et/product/s-s-reyes-shirt-i031461-1ecxx-s-cnf,https://backend.ballzy.eu/media/catalog/product/c/a/carhartt-s-s-reyes-shirt-sinine-vdzl.jpg,Carhartt WIP,99.00 EUR,in_stock,Streetbrand OÜ,EE,true,false,true
DX0598_010_S_CNF,M j westbrook jkt,Spordiriided ballzy veebipoest. Vaata lähemalt ballzy.eu.,https://ballzy.eu/et/product/m-j-westbrook-jkt-dx0598-010-s-cnf,https://backend.ballzy.eu/media/catalog/product/j/o/jordan-m-j-westbrook-jkt-must-w9mf.jpg,Jordan,199.00 EUR,in_stock,Streetbrand OÜ,EE,true,false,true
DD1503_118_6.5_CNF,W nike dunk low,"true to your crew&hellip; kõvakatteks loodud, kuid tänavatele viidud '80ndate b-palli ikoon naaseb ideaalselt läikivate kattekihide ja klassikaliste meeskonnavärvidega. ikoonilise korvpallidisainiga nike dunk low suunab '80ndate vintage´i tagasi tänavatele, samas kui selle polsterdatud, madala lõikega krae võimaldab sul oma mängu kõikjale kaasa võtta - mugavalt&hellip; toote omadused: pealse karge nahk on kergelt läikiv, vananeb pehmeks täiuslikkuseks ja sellel on '80ndate b-ball Vaata lähemalt ballzy.eu.",https://ballzy.eu/et/product/w-nike-dunk-low-dd1503-118-6-5-cnf,https://backend.ballzy.eu/media/catalog/product/n/i/nike-w-nike-dunk-low-roosa-jzgd.jpg,Nike,139.00 EUR,in_stock,Streetbrand OÜ,EE,true,false,true
DK0A4TKVBLK1_OSFA_CNF,Hardwick,Spordiriided ballzy veebipoest. Vaata lähemalt ballzy.eu.,https://ballzy.eu/et/product/hardwick-dk0a4tkvblk1-osfa-cnf,https://backend.ballzy.eu/media/catalog/product/d/i/dickies-hardwick-must-6oar.jpg,Dickies,34.00 EUR,in_stock,Streetbrand OÜ,EE,true,false,true
I029789_0VZGD_26_CNF,W´ collins pant,Spordiriided ballzy veebipoest. Vaata lähemalt ballzy.eu.,https://ballzy.eu/et/product/w-collins-pant-i029789-0vzgd-26-cnf,https://backend.ballzy.eu/media/catalog/product/c/a/carhartt-w-collins-pant-bee-k1bl.jpg,Carhartt WIP,99.00 EUR,in_stock,Streetbrand OÜ,EE,true,false,true
I030483_1D3FH_26_CNF,W´ pierce short,Spordiriided ballzy veebipoest. Vaata lähemalt ballzy.eu.,https://ballzy.eu/et/product/w-pierce-short-i030483-1d3fh-26-cnf,https://backend.ballzy.eu/media/catalog/product/c/a/carhartt-w-pierce-short-lilla-xzfe.jpg,Carhartt WIP,99.00 EUR,in_stock,Streetbrand OÜ,EE,true,false,true
I030501_8902_XS_CNF,W´ master skirt,Spordiriided ballzy veebipoest. Vaata lähemalt ballzy.eu.,https://ballzy.eu/et/product/w-master-skirt-i030501-8902-xs-cnf,https://backend.ballzy.eu/media/catalog/product/c/a/carhartt-w-master-skirt-must-4uea.jpg,Carhartt WIP,69.00 EUR,in_stock,Streetbrand OÜ,EE,true,false,true
I031572_0506_XS_CNF,W´ saledo jacket,Spordiriided ballzy veebipoest. Vaata lähemalt ballzy.eu.,https://ballzy.eu/et/product/w-saledo-jacket-i031572-0506-xs-cnf,https://backend.ballzy.eu/media/catalog/product/c/a/carhartt-w-saledo-jacket-bee-iec6.jpg,Carhartt WIP,144.00 EUR,in_stock,Streetbrand OÜ,EE,true,false,true
SX7673_100_S_CNF,U nk everyday cush ns 3pr 132,"mugavus ja tugevus&hellip; nike everyday cushioned sokid annavad jõudu treeningule. paks froteepõhi annab sulle lisamugavust jalaharjutuste ja tõstete tegemiseks, samas kui ribiline kaareriba ümbritseb sinu keskjalga, et tagada toetav tunne&hellip; toote omadused: dri-fit tehnoloogia aitab hoida jalad kuivana ja mugavalt&hellip; paks froteepõhi pakub mugavust ja löögiabi&hellip; ribitud kaarevöönd pakub toetavat tunnet&hellip; nähtamatu siluett annab madala profiili&hellip; toote Vaata lähemalt ballzy.eu.",https://ballzy.eu/et/product/u-nk-everyday-cush-ns-3pr-132-sx7673-100-s-cnf,https://backend.ballzy.eu/media/catalog/product/n/i/nike-u-nk-everyday-cush-ns-3pr-132-valge-6u98.jpg,Nike,19.00 EUR,in_stock,Streetbrand OÜ,EE,true,false,true
10076_05750_CNF,Daypack,Spordiriided ballzy veebipoest. Vaata lähemalt ballzy.eu.,https://ballzy.eu/et/product/daypack-10076-05750-cnf,https://backend.ballzy.eu/media/catalog/product/h/e/herschel-daypack-valge-86zh.jpg,Herschel,54.00 EUR,in_stock,Streetbrand OÜ,EE,true,false,true
10968_00919_CNF,Heritage,Spordiriided ballzy veebipoest. Vaata lähemalt ballzy.eu.,https://ballzy.eu/et/product/heritage-10968-00919-cnf,https://backend.ballzy.eu/media/catalog/product/h/e/herschel-heritage-hall-vmh1.jpg,Herschel,79.00 EUR,in_stock,Streetbrand OÜ,EE,true,false,true
11054_05726_CNF,Seventeen,Spordiriided ballzy veebipoest. Vaata lähemalt ballzy.eu.,https://ballzy.eu/et/product/seventeen-11054-05726-cnf,https://backend.ballzy.eu/media/catalog/product/h/e/herschel-seventeen-must-xnqd.jpg,Herschel,49.00 EUR,in_stock,Streetbrand OÜ,EE,true,false,true
VN0007AF3KS1_651_CNF,Anaheim sidewall sock,Spordiriided ballzy veebipoest. Vaata lähemalt ballzy.eu.,https://ballzy.eu/et/product/anaheim-sidewall-sock-vn0007af3ks1-651-cnf,https://backend.ballzy.eu/media/catalog/product/v/a/vans-anaheim-sidewall-sock-valge-aqh1.jpg,Vans,29.00 EUR,in_stock,Streetbrand OÜ,EE,true,false,true
10076_05726_CNF,Daypack,Spordiriided ballzy veebipoest. Vaata lähemalt ballzy.eu.,https://ballzy.eu/et/product/daypack-10076-05726-cnf,https://backend.ballzy.eu/media/catalog/product/h/e/herschel-daypack-sinine-8gi0.jpg,Herschel,54.00 EUR,in_stock,Streetbrand OÜ,EE,true,false,true
I031554_0WF02_27_CNF,W´ pierce pant straight,Spordiriided ballzy veebipoest. Vaata lähemalt ballzy.eu.,https://ballzy.eu/et/product/w-pierce-pant-straight-i031554-0wf02-27-cnf,https://backend.ballzy.eu/media/catalog/product/c/a/carhartt-w-pierce-pant-straight-hall-kn5s.jpg,Carhartt WIP,89.00 EUR,in_stock,Streetbrand OÜ,EE,true,false,true
11238_05862_CNF,Heritage,Spordiriided ballzy veebipoest. Vaata lähemalt ballzy.eu.,https://ballzy.eu/et/product/heritage-11238-05862-cnf,https://backend.ballzy.eu/media/catalog/product/h/e/herschel-heritage-sinine-lokh.jpg,Herschel,89.00 EUR,in_stock,Streetbrand OÜ,EE,true,false,true
I031936_0106_XS_CNF,W´ alma jacket,Spordiriided ballzy veebipoest. Vaata lähemalt ballzy.eu.,https://ballzy.eu/et/product/w-alma-jacket-i031936-0106-xs-cnf,https://backend.ballzy.eu/media/catalog/product/c/a/carhartt-w-alma-jacket-sinine-mcaq.jpg,Carhartt WIP,149.00 EUR,in_stock,Streetbrand OÜ,EE,true,false,true
DX9667_277_2XL_CNF,M j ess flc hbr short,Spordiriided ballzy veebipoest. Vaata lähemalt ballzy.eu.,https://ballzy.eu/et/product/m-j-ess-flc-hbr-short-dx9667-277-2xl-cnf,https://backend.ballzy.eu/media/catalog/product/j/o/jordan-m-j-ess-flc-hbr-short-pruun-c751.jpg,Jordan,59.00 EUR,in_stock,Streetbrand OÜ,EE,true,false,true
129443_36_CNF,Arizona eva,Spordiriided ballzy veebipoest. Vaata lähemalt ballzy.eu.,https://ballzy.eu/et/product/arizona-eva-129443-36-cnf,https://backend.ballzy.eu/media/catalog/product/b/i/birkenstock-arizona-eva-valge-mfmy.jpg,Birkenstock,54.00 EUR,in_stock,Streetbrand OÜ,EE,true,false,true
752483_36_CNF,Arizona sfb leoi,Spordiriided ballzy veebipoest. Vaata lähemalt ballzy.eu.,https://ballzy.eu/et/product/arizona-sfb-leoi-752483-36-cnf,https://backend.ballzy.eu/media/catalog/product/b/i/birkenstock-arizona-sfb-leoi-must-7ggc.jpg,Birkenstock,139.00 EUR,in_stock,Streetbrand OÜ,EE,true,false,true
390000202_0001_OS_CNF,Kiss the sky trucker hat,Spordiriided ballzy veebipoest. Vaata lähemalt ballzy.eu.,https://ballzy.eu/et/product/kiss-the-sky-trucker-hat-390000202-0001-os-cnf,https://backend.ballzy.eu/media/catalog/product/m/a/market-kiss-the-sky-trucker-hat-must-ogyt.jpg,Market,59.00 EUR,in_stock,Streetbrand OÜ,EE,true,false,true
395000610_1245_S_CNF,Rug dealer throwback arc shorts,Spordiriided ballzy veebipoest. Vaata lähemalt ballzy.eu.,https://ballzy.eu/et/product/rug-dealer-throwback-arc-shorts-395000610-1245-s-cnf,https://backend.ballzy.eu/media/catalog/product/m/a/market-rug-dealer-throwback-arc-shorts-sinine-smb7.jpg,Market,94.00 EUR,in_stock,Streetbrand OÜ,EE,true,false,true
396000921_0001_S_CNF,Contemporary art market crewneck sweatshirt,Spordiriided ballzy veebipoest. Vaata lähemalt ballzy.eu.,https://ballzy.eu/et/product/contemporary-art-market-crewneck-sweatshirt-396000921-0001-s-cnf,https://backend.ballzy.eu/media/catalog/product/m/a/market-contemporary-art-market-crewneck-sweatshirt-must-on4b.jpg,Market,119.00 EUR,in_stock,Streetbrand OÜ,EE,true,false,true
397000488_1245_S_CNF,Rug dealer throwback arc hoodie,Spordiriided ballzy veebipoest. Vaata lähemalt ballzy.eu.,https://ballzy.eu/et/product/rug-dealer-throwback-arc-hoodie-397000488-1245-s-cnf,https://backend.ballzy.eu/media/catalog/product/m/a/market-rug-dealer-throwback-arc-hoodie-sinine-hs7e.jpg,Market,149.00 EUR,in_stock,Streetbrand OÜ,EE,true,false,true
U9060BLK_5_CNF,New balance 9060,"New balance’s new 9060 silhouette fuses classic style with a contemporary, experimental approach to everyday versatility. the 9060 reinterprets familiar elements sourced from classic 99x models with a warped sensibility inspired by the proudly futuristic, visible tech aesthetic of the y2k era. sway bars, taken from the 990, are expanded and utilized throughout the entire upper for a sense of visible motion, while wavy lines and scaled up proportions on a sculpted pod midsole place an exaggerated Vaata lähemalt ballzy.eu.",https://ballzy.eu/et/product/new-balance-9060-u9060blk-5-cnf,https://backend.ballzy.eu/media/catalog/product/n/e/new-balance-new-balance-9060-must-jfih.jpg,New Balance,199.00 EUR,in_stock,Streetbrand OÜ,EE,true,false,true
I032433_00EXX_M_CNF,Ryan belt,Spordiriided ballzy veebipoest. Vaata lähemalt ballzy.eu.,https://ballzy.eu/et/product/ryan-belt-i032433-00exx-m-cnf,https://backend.ballzy.eu/media/catalog/product/c/a/carhartt-ryan-belt-must-e5v5.jpg,Carhartt WIP,59.00 EUR,in_stock,Streetbrand OÜ,EE,true,false,true
27021001_30_CNF,Tarik,Spordiriided ballzy veebipoest. Vaata lähemalt ballzy.eu.,https://ballzy.eu/et/product/tarik-27021001-30-cnf,https://backend.ballzy.eu/media/catalog/product/d/r/dr-martens-tarik-must-4jhw.jpg,Dr. Martens,189.00 EUR,in_stock,Streetbrand OÜ,EE,true,false,true
31163115_30_CNF,Boury,Spordiriided ballzy veebipoest. Vaata lähemalt ballzy.eu.,https://ballzy.eu/et/product/boury-31163115-30-cnf,https://backend.ballzy.eu/media/catalog/product/d/r/dr-martens-boury-bee-uzjt.jpg,Dr. Martens,179.00 EUR,in_stock,Streetbrand OÜ,EE,true,false,true
397000549_1065_S_CNF,Market mha hoodie,Spordiriided ballzy veebipoest. Vaata lähemalt ballzy.eu.,https://ballzy.eu/et/product/market-mha-hoodie-397000549-1065-s-cnf,https://backend.ballzy.eu/media/catalog/product/m/a/market-market-mha-hoodie-pruun-e3tm.jpg,Market,134.00 EUR,in_stock,Streetbrand OÜ,EE,true,false,true
399001485_1201_S_CNF,Bob marley soccer t-shirt,Spordiriided ballzy veebipoest. Vaata lähemalt ballzy.eu.,https://ballzy.eu/et/product/bob-marley-soccer-t-shirt-399001485-1201-s-cnf,https://backend.ballzy.eu/media/catalog/product/m/a/market-bob-marley-soccer-t-shirt-valge-docp.jpg,Market,74.00 EUR,in_stock,Streetbrand OÜ,EE,true,false,true
VN0006F3BR41_S_CNF,Leisure crew vans,Spordiriided ballzy veebipoest. Vaata lähemalt ballzy.eu.,https://ballzy.eu/et/product/leisure-crew-vans-vn0006f3br41-s-cnf,https://backend.ballzy.eu/media/catalog/product/v/a/vans-leisure-crew-vans-sinine-cwjn.jpg,Vans,89.00 EUR,in_stock,Streetbrand OÜ,EE,true,false,true
10005_05643_CNF,Settlement,Spordiriided ballzy veebipoest. Vaata lähemalt ballzy.eu.,https://ballzy.eu/et/product/settlement-10005-05643-cnf,https://backend.ballzy.eu/media/catalog/product/h/e/herschel-settlement-hall-jrfi.jpg,Herschel,79.00 EUR,in_stock,Streetbrand OÜ,EE,true,false,true
11146_00001_CNF,Charlie leather rfid,Spordiriided ballzy veebipoest. Vaata lähemalt ballzy.eu.,https://ballzy.eu/et/product/charlie-leather-rfid-11146-00001-cnf,https://backend.ballzy.eu/media/catalog/product/h/e/herschel-charlie-leather-rfid-must-vxko.jpg,Herschel,49.00 EUR,in_stock,Streetbrand OÜ,EE,true,false,true
27778001_30_CNF,Thurston chukka,Spordiriided ballzy veebipoest. Vaata lähemalt ballzy.eu.,https://ballzy.eu/et/product/thurston-chukka-27778001-30-cnf,https://backend.ballzy.eu/media/catalog/product/d/r/dr-martens-thurston-chukka-must-f6cl.jpg,Dr. Martens,169.00 EUR,in_stock,Streetbrand OÜ,EE,true,false,true
DK0A4XEKC151_26_CNF,Ellendale denim,Spordiriided ballzy veebipoest. Vaata lähemalt ballzy.eu.,https://ballzy.eu/et/product/ellendale-denim-dk0a4xekc151-26-cnf,https://backend.ballzy.eu/media/catalog/product/d/i/dickies-ellendale-denim-sinine-xbgc.jpg,Dickies,84.00 EUR,in_stock,Streetbrand OÜ,EE,true,false,true
DK0A4XFLRBK1_32_30_CNF,Houston denim,Spordiriided ballzy veebipoest. Vaata lähemalt ballzy.eu.,https://ballzy.eu/et/product/houston-denim-dk0a4xflrbk1-32-30-cnf,https://backend.ballzy.eu/media/catalog/product/d/i/dickies-houston-denim-must-buie.jpg,Dickies,84.00 EUR,in_stock,Streetbrand OÜ,EE,true,false,true
DK0A4XKBF901_26_CNF,Elizaville rec,Spordiriided ballzy veebipoest. Vaata lähemalt ballzy.eu.,https://ballzy.eu/et/product/elizaville-rec-dk0a4xkbf901-26-cnf,https://backend.ballzy.eu/media/catalog/product/d/i/dickies-elizaville-rec-bee-gkka.jpg,Dickies,74.00 EUR,in_stock,Streetbrand OÜ,EE,true,false,true
DK0A4XKCKHK1_XS_CNF,Lined eisnhowr crop w,Spordiriided ballzy veebipoest. Vaata lähemalt ballzy.eu.,https://ballzy.eu/et/product/lined-eisnhowr-crop-w-dk0a4xkckhk1-xs-cnf,https://backend.ballzy.eu/media/catalog/product/d/i/dickies-lined-eisnhowr-crop-w-pruun-5mv2.jpg,Dickies,99.00 EUR,in_stock,Streetbrand OÜ,EE,true,false,true
DK0A4YJCBLK1_XS_CNF,Jackson cargo w,Spordiriided ballzy veebipoest. Vaata lähemalt ballzy.eu.,https://ballzy.eu/et/product/jackson-cargo-w-dk0a4yjcblk1-xs-cnf,https://backend.ballzy.eu/media/catalog/product/d/i/dickies-jackson-cargo-w-must-sqhu.jpg,Dickies,89.00 EUR,in_stock,Streetbrand OÜ,EE,true,false,true
DH9073_011_2XL_CNF,M j df sprt woven pant,Spordiriided ballzy veebipoest. Vaata lähemalt ballzy.eu.,https://ballzy.eu/et/product/m-j-df-sprt-woven-pant-dh9073-011-2xl-cnf,https://backend.ballzy.eu/media/catalog/product/j/o/jordan-m-j-df-sprt-woven-pant-must-biyy.jpg,Jordan,69.00 EUR,in_stock,Streetbrand OÜ,EE,true,false,true
DX5575_001_10_CNF,Jordan post slide,"Kiired, mugavad, stiilsed. need plätud on tehtud tugevast, painduvast vahust, mis tagab kindla istuvuse igal sammul. lai jalatugi hoiab jala paigal ning asümmeetriline disain loob ainulaadse välimuse.vahtmaterjalist platvorm pakub kergekaalulist ja vastupidavat pehmendust.painduv, reljeefse mustriga tald tagab hea haakuvuse igapäevaseks kasutamiseks. Vaata lähemalt ballzy.eu.",https://ballzy.eu/et/product/jordan-post-slide-dx5575-001-10-cnf,https://backend.ballzy.eu/media/catalog/product/j/o/jordan-jordan-post-slide-must-s1b8.jpg,Jordan,39.00 EUR,in_stock,Streetbrand OÜ,EE,true,false,true
I025061_G102_26_CNF,W´ master pant,Spordiriided ballzy veebipoest. Vaata lähemalt ballzy.eu.,https://ballzy.eu/et/product/w-master-pant-i025061-g102-26-cnf,https://backend.ballzy.eu/media/catalog/product/c/a/carhartt-w-master-pant-bee-k42i.jpg,Carhartt WIP,79.00 EUR,in_stock,Streetbrand OÜ,EE,true,false,true
I032644_0M4XX_XS_CNF,W´ hooded casey sweatshirt,Spordiriided ballzy veebipoest. Vaata lähemalt ballzy.eu.,https://ballzy.eu/et/product/w-hooded-casey-sweatshirt-i032644-0m4xx-xs-cnf,https://backend.ballzy.eu/media/catalog/product/c/a/carhartt-w-hooded-casey-sweatshirt-must-nku0.jpg,Carhartt WIP,79.00 EUR,in_stock,Streetbrand OÜ,EE,true,false,true
12285467_OSFM_CNF,Essential af trucker yankees,Spordiriided ballzy veebipoest. Vaata lähemalt ballzy.eu.,https://ballzy.eu/et/product/essential-af-trucker-yankees-12285467-osfm-cnf,https://backend.ballzy.eu/media/catalog/product/n/e/newera-essential-af-trucker-yankees-valge-gnf1.jpg,New Era,34.00 EUR,in_stock,Streetbrand OÜ,EE,true,false,true
360001278_1228_OS_CNF,Alone at peace socks,Spordiriided ballzy veebipoest. Vaata lähemalt ballzy.eu.,https://ballzy.eu/et/product/alone-at-peace-socks-360001278-1228-os-cnf,https://backend.ballzy.eu/media/catalog/product/m/a/market-alone-at-peace-socks-bee-0m5e.jpg,Market,24.00 EUR,in_stock,Streetbrand OÜ,EE,true,false,true
390000313_0001_OS_CNF,Offset arc 6 panel hat,Spordiriided ballzy veebipoest. Vaata lähemalt ballzy.eu.,https://ballzy.eu/et/product/offset-arc-6-panel-hat-390000313-0001-os-cnf,https://backend.ballzy.eu/media/catalog/product/m/a/market-offset-arc-6-panel-hat-must-rb0k.jpg,Market,59.00 EUR,in_stock,Streetbrand OÜ,EE,true,false,true
390000314_0001_OS_CNF,Creative services tech hat,Spordiriided ballzy veebipoest. Vaata lähemalt ballzy.eu.,https://ballzy.eu/et/product/creative-services-tech-hat-390000314-0001-os-cnf,https://backend.ballzy.eu/media/catalog/product/m/a/market-creative-services-tech-hat-must-2hue.jpg,Market,59.00 EUR,in_stock,Streetbrand OÜ,EE,true,false,true
390000316_0001_OS_CNF,What is life tech hat,Spordiriided ballzy veebipoest. Vaata lähemalt ballzy.eu.,https://ballzy.eu/et/product/what-is-life-tech-hat-390000316-0001-os-cnf,https://backend.ballzy.eu/media/catalog/product/m/a/market-what-is-life-tech-hat-must-ylbv.jpg,Market,59.00 EUR,in_stock,Streetbrand OÜ,EE,true,false,true
60364301_OSFM_CNF,Wmns pu 9forty yankees,Spordiriided ballzy veebipoest. Vaata lähemalt ballzy.eu.,https://ballzy.eu/et/product/wmns-pu-9forty-yankees-60364301-osfm-cnf,https://backend.ballzy.eu/media/catalog/product/n/e/newera-wmns-pu-9forty-yankees-must-1twp.jpg,New Era,34.00 EUR,in_stock,Streetbrand OÜ,EE,true,false,true
DD1503_101_6.5_CNF,W nike dunk low,"true to your crew&hellip; kõvakatteks loodud, kuid tänavatele viidud '80ndate b-palli ikoon naaseb ideaalselt läikivate kattekihide ja klassikaliste meeskonnavärvidega. ikoonilise korvpallidisainiga nike dunk low suunab '80ndate vintage´i tagasi tänavatele, samas kui selle polsterdatud, madala lõikega krae võimaldab sul oma mängu kõikjale kaasa võtta - mugavalt&hellip; toote omadused: pealse karge nahk on kergelt läikiv, vananeb pehmeks täiuslikkuseks ja sellel on '80ndate b-ball Vaata lähemalt ballzy.eu.",https://ballzy.eu/et/product/w-nike-dunk-low-dd1503-101-6-5-cnf,https://backend.ballzy.eu/media/catalog/product/n/i/nike-w-nike-dunk-low-must-bmkz.jpg,Nike,139.00 EUR,in_stock,Streetbrand OÜ,EE,true,false,true
DH2925_001_1.5Y_CNF,Force 1 le ps,"salute to a legendale… sellest ongi legendid tehtud. nike force 1 le toob tagasi 82. aasta kõvapuu ikooni igapäevaseks stiiliks, mis on kas täielikult valge või täielikult must. lase vastupidavusel, pehmendusel ja tunnetusel tutvustada väikestele jalgadele klassikalist… toote omadused: ehtne ja sünteetiline nahk on vastupidav ja kergesti puhastatav… pehme vaht annab klassikalise pehmenduse… kummist tald toob vastupidava haardumise… toote omaduste alapealkirjad: Vaata lähemalt ballzy.eu.",https://ballzy.eu/et/product/force-1-le-ps-dh2925-001-1-5y-cnf,https://backend.ballzy.eu/media/catalog/product/n/i/nike-force-1-le-ps-must-fouj.jpg,Nike,79.00 EUR,in_stock,Streetbrand OÜ,EE,true,false,true
DK0A4YF3G231_31_CNF,Ellis pant,Spordiriided ballzy veebipoest. Vaata lähemalt ballzy.eu.,https://ballzy.eu/et/product/ellis-pant-dk0a4yf3g231-31-cnf,https://backend.ballzy.eu/media/catalog/product/d/i/dickies-ellis-pant-must-sutw.jpg,Dickies,79.00 EUR,in_stock,Streetbrand OÜ,EE,true,false,true
MR530CK_4.5_CNF,New balance 530,Spordiriided ballzy veebipoest. Vaata lähemalt ballzy.eu.,https://ballzy.eu/et/product/new-balance-530-mr530ck-4-5-cnf,https://backend.ballzy.eu/media/catalog/product/n/e/new-balance-new-balance-530-hall-gwaj.jpg,New Balance,129.00 EUR,in_stock,Streetbrand OÜ,EE,true,false,true
60364230_OSFM_CNF,Multi texture 9forty dodgers,Spordiriided ballzy veebipoest. Vaata lähemalt ballzy.eu.,https://ballzy.eu/et/product/multi-texture-9forty-dodgers-60364230-osfm-cnf,https://backend.ballzy.eu/media/catalog/product/n/e/newera-multi-texture-9forty-dodgers-bee-mtla.jpg,New Era,34.00 EUR,in_stock,Streetbrand OÜ,EE,true,false,true
IF6562_4.5_CNF,Handball spezial w,"adidas spezial jalanõud võeti kasutusele 1979. aastal käsipallisportlaste jaoks, kuid ei läinud kaua aega, enne kui nende vaieldamatu stiil sillutas teed ka väljapoole siseplatsi. see paar tähistab seda rikkalikku minevikku koos iseloomulike disainielementidega, alates mokkamaterjalist pealsest kuni t-kujulise varbakastini. eredad kaasaegsed värvikombinatsioonid lisavad silmapaistvat välimust. pange need jalga ja väljendage oma stiili vintage´ile omaselt. Vaata lähemalt ballzy.eu.",https://ballzy.eu/et/product/handball-spezial-w-if6562-4-5-cnf,https://backend.ballzy.eu/media/catalog/product/a/d/adidas-handball-spezial-w-hall-gytx.jpg,adidas Originals,119.00 EUR,in_stock,Streetbrand OÜ,EE,true,false,true
60424659_OSFM_CNF,Wmns houndstooth 9forty yankees,Spordiriided ballzy veebipoest. Vaata lähemalt ballzy.eu.,https://ballzy.eu/et/product/wmns-houndstooth-9forty-yankees-60424659-osfm-cnf,https://backend.ballzy.eu/media/catalog/product/n/e/newera-wmns-houndstooth-9forty-yankees-must-eloe.jpg,New Era,34.00 EUR,in_stock,Streetbrand OÜ,EE,true,false,true
CW2289_001_8_CNF,Air force 1 mid ´07,"legendaarne af1 stiil&hellip; air force 1 mid '07 on kõik, mida sa kõige paremini tunned: teravad katted, julged aktsendid ja täiuslik kogus välku, mis laseb sul särada. pehmendusega, keskmise lõikega krae koos klassikalise konksuga lisab b-palli mugavust, samal ajal kui perforeeringud varvastel hoiavad sind jahedana&hellip; toote omadused: pehmendusega, keskmise lõikega krae koos klassikalise konksuga lisab mugavust: üle 35 aasta on see olnud mugavus ja vastupidavus otse karbist Vaata lähemalt ballzy.eu.",https://ballzy.eu/et/product/air-force-1-mid-07-cw2289-001-8-cnf,https://backend.ballzy.eu/media/catalog/product/n/i/nike-air-force-1-mid-07-must-sxkf.jpg,Nike,149.00 EUR,in_stock,Streetbrand OÜ,EE,true,false,true
DD8959_001_6.5_CNF,Wmns air force 1 ´07,"legendaarne stiil refined&hellip; sära elab edasi nike air force 1 ´07-s, b-palli ikoonis, mis paneb värske pöörde sellele, mida tunned kõige paremini: karge nahk, julged värvid ja täiuslik kogus välgust, et sind särada&hellip; toote omadused: nike air pehmendus lisab kerget ja kogu päeva kestvat mugavust&hellip; madalalt lõigatud siluett lisab puhta ja voolujoonelise välimuse&hellip; pehmendusega krae on pehme ja mugav&hellip; toote omadused alapealkirjad: pehmendusega krae on p Vaata lähemalt ballzy.eu.",https://ballzy.eu/et/product/wmns-air-force-1-07-dd8959-001-6-5-cnf,https://backend.ballzy.eu/media/catalog/product/n/i/nike-wmns-air-force-1-07-must-pzvr.jpg,Nike,134.00 EUR,in_stock,Streetbrand OÜ,EE,true,false,true
DM4044_100_10_CNF,Nike cortez,"oli 1972. nüüd 2023. mõnikord on rohkem parem. ümberkujundades austusväärse välimuse, oleme uuendanud disaini laiema varbaosa ja tugevamate külgpaneelidega, et saaksite neid mugavalt kanda iga päev. ümbertöödeldud materjalid aitavad vältida väändumist ja lisavad vastupidavust, säilitades samas klassikalise '72 kuju, millesse armunud olete. pitsid, sest traditsioonid muutuvad aina paremaks&hellip; toote omadused: uuesti töödeldud nahast ja tekstiilist materjalid säilitavad sinu ar Vaata lähemalt ballzy.eu.",https://ballzy.eu/et/product/nike-cortez-dm4044-100-10-cnf,https://backend.ballzy.eu/media/catalog/product/n/i/nike-nike-cortez-valge-cflb.jpg,Nike,109.00 EUR,in_stock,Streetbrand OÜ,EE,true,false,true
A30004_35_37_CNF,Merino socks,"Tunne lamba pehmet kallistust ümber oma jalgade! millest me sokime? aja oma igapäevased toimetused korda, roni mõne mäe otsa või istu niisama kodus. mitmekülgsed, mugavad ja kerget hooldust vajavad meriinovillased sokid on nüüd sinu teenistuses! Vaata lähemalt ballzy.eu.",https://ballzy.eu/et/product/merino-socks-a30004-35-37-cnf,https://backend.ballzy.eu/media/catalog/product/w/o/woolish-merino-socks-must-xbex.jpg,Woolish,34.00 EUR,in_stock,Streetbrand OÜ,EE,true,false,true
DK0A4YF1G281_33_CNF,Alma pant,Spordiriided ballzy veebipoest. Vaata lähemalt ballzy.eu.,https://ballzy.eu/et/product/alma-pant-dk0a4yf1g281-33-cnf,https://backend.ballzy.eu/media/catalog/product/d/i/dickies-alma-pant-must-d9vz.jpg,Dickies,89.00 EUR,in_stock,Streetbrand OÜ,EE,true,false,true
DX5080_050_L_CNF,U nk nsw everyday essential an,"casual comfort&hellip; nike everyday essential ankle socks on kerge stiil, mis on pehme sportliku tunnetusega ja valmis igapäevaseks kandmiseks. see toode on valmistatud vähemalt 75% ulatuses ümbertöödeldud polüesterkiududest&hellip; toote omadused: 1/4-pikkune siluett pakub pahkluude katmist&hellip; paks froteepõhi pakub mugavust ja löögisummutust&hellip; dri-fit tehnoloogia aitab jalgadel kuivana ja mugavalt püsida&hellip; kaare ümber olev rihm on mugav ja toetav&hellip; hingav Vaata lähemalt ballzy.eu.",https://ballzy.eu/et/product/u-nk-nsw-everyday-essential-an-dx5080-050-l-cnf,https://backend.ballzy.eu/media/catalog/product/n/i/nike-u-nk-nsw-everyday-essential-an-hall-k9lw.jpg,Nike,19.00 EUR,in_stock,Streetbrand OÜ,EE,true,false,true
HZ0711_M_CNF,Hack aac tee,"sa oled sees. see adidas´i t-särk toob tagasi arhiividest pärit disaini ja tähistab klassikalises vormis vintage-stiilis graafikat. see on valmistatud puhtast puuvillasest singlejersey´st, mis tagab eriti mugava tunde, mis jääb pehmeks päevast päeva ja pesu järel. ribitud kaelaosa hoiab istuvuse kontrolli all ja kootud silt serva lähedal on ideaalne viimistlus. Vaata lähemalt ballzy.eu.",https://ballzy.eu/et/product/hack-aac-tee-hz0711-m-cnf,https://backend.ballzy.eu/media/catalog/product/a/d/adidas-hack-aac-tee-must-h2ns.jpg,adidas Originals,44.00 EUR,in_stock,Streetbrand OÜ,EE,true,false,true
I025268_0147_27_CNF,W´ pierce pant,Spordiriided ballzy veebipoest. Vaata lähemalt ballzy.eu.,https://ballzy.eu/et/product/w-pierce-pant-i025268-0147-27-cnf,https://backend.ballzy.eu/media/catalog/product/c/a/carhartt-w-pierce-pant-sinine-6xmi.jpg,Carhartt WIP,99.00 EUR,in_stock,Streetbrand OÜ,EE,true,false,true
I029208_0106_30_CNF,Newel pant,Spordiriided ballzy veebipoest. Vaata lähemalt ballzy.eu.,https://ballzy.eu/et/product/newel-pant-i029208-0106-30-cnf,https://backend.ballzy.eu/media/catalog/product/c/a/carhartt-newel-pant-sinine-uobb.jpg,Carhartt WIP,99.00 EUR,in_stock,Streetbrand OÜ,EE,true,false,true
I031920_0106_27_CNF,W´ noxon pant,Spordiriided ballzy veebipoest. Vaata lähemalt ballzy.eu.,https://ballzy.eu/et/product/w-noxon-pant-i031920-0106-27-cnf,https://backend.ballzy.eu/media/catalog/product/c/a/carhartt-w-noxon-pant-sinine-atgy.jpg,Carhartt WIP,89.00 EUR,in_stock,Streetbrand OÜ,EE,true,false,true
I031920_8906_27_CNF,W´ noxon pant,Spordiriided ballzy veebipoest. Vaata lähemalt ballzy.eu.,https://ballzy.eu/et/product/w-noxon-pant-i031920-8906-27-cnf,https://backend.ballzy.eu/media/catalog/product/c/a/carhartt-w-noxon-pant-must-is6w.jpg,Carhartt WIP,89.00 EUR,in_stock,Streetbrand OÜ,EE,true,false,true
I032274_1NDXX_S_CNF,L/s charter shirt,"Carhartt wip roheline pika varrukaga l/s charter shirt 100% puuvillast, suurus s. lõdvem lõige, nööpsulgur ja kaks esitaskut, millest ühel on klapp ja nööp. vasakul küljel on tikitud carhartt wip logolabel. pestav käsitsi või masinas. Vaata lähemalt ballzy.eu.",https://ballzy.eu/et/product/l-s-charter-shirt-i032274-1ndxx-s-cnf,https://backend.ballzy.eu/media/catalog/product/c/a/carhartt-l-s-charter-shirt-roheline-s3sg.jpg,Carhartt WIP,129.00 EUR,in_stock,Streetbrand OÜ,EE,true,false,true
I032867_0D2XX_XS_CNF,W´ hooded onyx script sweat,Spordiriided ballzy veebipoest. Vaata lähemalt ballzy.eu.,https://ballzy.eu/et/product/w-hooded-onyx-script-sweat-i032867-0d2xx-xs-cnf,https://backend.ballzy.eu/media/catalog/product/c/a/carhartt-w-hooded-onyx-script-sweat-must-ohmt.jpg,Carhartt WIP,119.00 EUR,in_stock,Streetbrand OÜ,EE,true,false,true
I032883_1YAXX_0_CNF,Newhaven backpack,Spordiriided ballzy veebipoest. Vaata lähemalt ballzy.eu.,https://ballzy.eu/et/product/newhaven-backpack-i032883-1yaxx-0-cnf,https://backend.ballzy.eu/media/catalog/product/c/a/carhartt-newhaven-backpack-pruun-nyqa.jpg,Carhartt WIP,99.00 EUR,in_stock,Streetbrand OÜ,EE,true,false,true
I032894_1YAXX_0_CNF,Newhaven cap,Spordiriided ballzy veebipoest. Vaata lähemalt ballzy.eu.,https://ballzy.eu/et/product/newhaven-cap-i032894-1yaxx-0-cnf,https://backend.ballzy.eu/media/catalog/product/c/a/carhartt-newhaven-cap-pruun-zizd.jpg,Carhartt WIP,39.00 EUR,in_stock,Streetbrand OÜ,EE,true,false,true
VN0009QC6BT1_080_CNF,Knu skool,Spordiriided ballzy veebipoest. Vaata lähemalt ballzy.eu.,https://ballzy.eu/et/product/knu-skool-vn0009qc6bt1-080-cnf,https://backend.ballzy.eu/media/catalog/product/v/a/vans-knu-skool-must-sfs0.jpg,Vans,99.00 EUR,in_stock,Streetbrand OÜ,EE,true,false,true
VN0009QCBKA1_055_CNF,Knu skool,Spordiriided ballzy veebipoest. Vaata lähemalt ballzy.eu.,https://ballzy.eu/et/product/knu-skool-vn0009qcbka1-055-cnf,https://backend.ballzy.eu/media/catalog/product/v/a/vans-knu-skool-must-gxsi.jpg,Vans,99.00 EUR,in_stock,Streetbrand OÜ,EE,true,false,true
GY0042_4.5_CNF,Campus 00s w,"proportsioonid on muutumas ja isiklik stiil valitseb. uue perspektiiviga meie campus 80s´ile näitavad need adidas´i trennid julget lihtsust oma parimas vormis puhta mokkamoe pealse ja klassikaliste kontrastsete 3 triibuga. uuendatud proportsioonid, mis on inspireeritud 2000ndate rulaajastust, toovad sinu igapäevastesse stiilidesse autentse, enesemääratletud meeleolu. Vaata lähemalt ballzy.eu.",https://ballzy.eu/et/product/campus-00s-w-gy0042-4-5-cnf,https://backend.ballzy.eu/media/catalog/product/a/d/adidas-campus-00s-w-hall-hrge.jpg,adidas Originals,119.00 EUR,in_stock,Streetbrand OÜ,EE,true,false,true
I031521_1CQ01_S_CNF,Arbor vest,Spordiriided ballzy veebipoest. Vaata lähemalt ballzy.eu.,https://ballzy.eu/et/product/arbor-vest-i031521-1cq01-s-cnf,https://backend.ballzy.eu/media/catalog/product/c/a/carhartt-arbor-vest-pruun-avpp.jpg,Carhartt WIP,129.00 EUR,in_stock,Streetbrand OÜ,EE,true,false,true
S11577_WW006_6.5_CNF,Low cut shoe z80 desert ash low,Spordiriided ballzy veebipoest. Vaata lähemalt ballzy.eu.,https://ballzy.eu/et/product/low-cut-shoe-z80-desert-ash-low-s11577-ww006-6-5-cnf,https://backend.ballzy.eu/media/catalog/product/c/h/champion-low-cut-shoe-z80-desert-ash-low-roosa-uaxf.jpg,Champion,94.00 EUR,in_stock,Streetbrand OÜ,EE,true,false,true
HQ8707_4.5_CNF,Campus 00s,"kuigi adidas campus´i kingad debüteerisid kõvaplatsil, võeti need kiiresti kasutusele ka mujal. selle paari puhul liigutame ikoonilist siluetti teises suunas ning lisame sellele kaasaegseid materjale, värve ja proportsioone. need on tehtud esmaklassilise nahast pealsega, mis on vooderdatud pehme froteekangaga, kusjuures kõik see on paigutatud naturaalvalge vahepealse peale - selge ühendus campus´i pärandiga. Vaata lähemalt ballzy.eu.",https://ballzy.eu/et/product/campus-00s-hq8707-4-5-cnf,https://backend.ballzy.eu/media/catalog/product/a/d/adidas-campus-00s-hall-mlu4.jpg,adidas Originals,119.00 EUR,in_stock,Streetbrand OÜ,EE,true,false,true
I033096_25UXX_0_CNF,Canvas graphic zip wallet,Spordiriided ballzy veebipoest. Vaata lähemalt ballzy.eu.,https://ballzy.eu/et/product/canvas-graphic-zip-wallet-i033096-25uxx-0-cnf,https://backend.ballzy.eu/media/catalog/product/c/a/carhartt-canvas-graphic-zip-wallet-pruun-uqsm.jpg,Carhartt WIP,29.00 EUR,in_stock,Streetbrand OÜ,EE,true,false,true
I033096_25VXX_0_CNF,Canvas graphic zip wallet,Spordiriided ballzy veebipoest. Vaata lähemalt ballzy.eu.,https://ballzy.eu/et/product/canvas-graphic-zip-wallet-i033096-25vxx-0-cnf,https://backend.ballzy.eu/media/catalog/product/c/a/carhartt-canvas-graphic-zip-wallet-must-snkm.jpg,Carhartt WIP,29.00 EUR,in_stock,Streetbrand OÜ,EE,true,false,true
I033661_00FXX_S_CNF,Hooded chase sweat,Spordiriided ballzy veebipoest. Vaata lähemalt ballzy.eu.,https://ballzy.eu/et/product/hooded-chase-sweat-i033661-00fxx-s-cnf,https://backend.ballzy.eu/media/catalog/product/c/a/carhartt-hooded-chase-sweat-must-cvg9.jpg,Carhartt WIP,84.00 EUR,in_stock,Streetbrand OÜ,EE,true,false,true
39640302_4_CNF,Creeper phatty puma,Spordiriided ballzy veebipoest. Vaata lähemalt ballzy.eu.,https://ballzy.eu/et/product/creeper-phatty-puma-39640302-4-cnf,https://backend.ballzy.eu/media/catalog/product/p/u/puma-creeper-phatty-puma-sinine-j5lm.jpg,Puma,139.00 EUR,in_stock,Streetbrand OÜ,EE,true,false,true
I032966_4702_27_CNF,W´ pierce pant straight,Spordiriided ballzy veebipoest. Vaata lähemalt ballzy.eu.,https://ballzy.eu/et/product/w-pierce-pant-straight-i032966-4702-27-cnf,https://backend.ballzy.eu/media/catalog/product/c/a/carhartt-w-pierce-pant-straight-pruun-6c9a.jpg,Carhartt WIP,109.00 EUR,in_stock,Streetbrand OÜ,EE,true,false,true
OJBF5516_PSUYYPPPPURP_2XL_CNF,Nba heavyweight satin jacket suns,Spordiriided ballzy veebipoest. Vaata lähemalt ballzy.eu.,https://ballzy.eu/et/product/nba-heavyweight-satin-jacket-suns-ojbf5516-psuyyppppurp-2xl-cnf,https://backend.ballzy.eu/media/catalog/product/m/i/mitchell-and-ness-nba-heavyweight-satin-jacket-suns-lilla-4jq0.jpg,Mitchell &amp; Ness,149.00 EUR,in_stock,Streetbrand OÜ,EE,true,false,true
OJBF6043_MNNYYPPPCREA_2XL_CNF,Branded m &amp;n gt coaches jacket,Spordiriided ballzy veebipoest. Vaata lähemalt ballzy.eu.,https://ballzy.eu/et/product/branded-m-n-gt-coaches-jacket-ojbf6043-mnnyypppcrea-2xl-cnf,https://backend.ballzy.eu/media/catalog/product/m/i/mitchell-and-ness-branded-m-n-gt-coaches-jacket-bee-ymtm.jpg,Mitchell &amp; Ness,134.00 EUR,in_stock,Streetbrand OÜ,EE,true,false,true
LAS33763_WT_L_CNF,Nb patch logo crew 3 pairs,Spordiriided ballzy veebipoest. Vaata lähemalt ballzy.eu.,https://ballzy.eu/et/product/nb-patch-logo-crew-3-pairs-las33763-wt-l-cnf,https://backend.ballzy.eu/media/catalog/product/n/e/new-balance-nb-patch-logo-crew-3-pairs-valge-nztl.jpg,New Balance,19.00 EUR,in_stock,Streetbrand OÜ,EE,true,false,true
U9060NRJ_4.5_CNF,New balance u9060,"uus 9060 tõlgendab klassikalistest 99x-seeria mudelitest pärit tuttavaid elemente ümber väänatud tundlikkusega, mis on inspireeritud y2k-ajastu uhkelt futuristlikust, nähtavast tehnoloogilisest esteetikast. sway baarid, mis on võetud mudelilt 990, on laiendatud ja kasutatud kogu pealsel, et tekitada nähtava liikumise tunnet, samas kui lainelised jooned ja skulptuuritud pod-välipõhjal olevad suuremad proportsioonid rõhutavad liialdatult abzorb ja sbs tuttavaid pehmendusplatvorme.</ Vaata lähemalt ballzy.eu.",https://ballzy.eu/et/product/new-balance-u9060-u9060nrj-4-5-cnf,https://backend.ballzy.eu/media/catalog/product/n/e/new-balance-new-balance-u9060-valge-fojl.jpg,New Balance,199.00 EUR,in_stock,Streetbrand OÜ,EE,true,false,true
FD5185_010_L_XL_CNF,J club cap us cb jumpman,"sinu uus igapäevane isamüts on maandunud. sellel kuuepaneelilisel disainil on struktureerimata, madala profiiliga kroon, kumer äär ja reguleeritav sulgur. see kõik on ühendatud tagasihoidliku jumpmani graafikaga ees&hellip; tooteomadused: tikitud graafika lisab teie välimusele tekstuuri&hellip; higistuspael tagab jaheda, mugava tunde&hellip; reguleeritav snapbacki sulgemine tagab isikliku sobivuse&hellip; tooteomadused alapealkirjad: tikitud graafika lisab teie välimusele tekstuu Vaata lähemalt ballzy.eu.",https://ballzy.eu/et/product/j-club-cap-us-cb-jumpman-fd5185-010-l-xl-cnf,https://backend.ballzy.eu/media/catalog/product/j/o/jordan-j-club-cap-us-cb-jumpman-must-25dp.jpg,Jordan,29.00 EUR,in_stock,Streetbrand OÜ,EE,true,false,true
IR5733_S_CNF,Silv crew 2pp,"tõsta originaalidest inspireeritud stiili nende adidas´i meeskonnasokkidega. need on pehmendusega, mis toetavad teie jalgu terve päeva. kombineeri ja sobita paari või kanna neid kooskõlastatult, et saavutada ühtne stiil. valides taaskasutatavad, saame taaskasutada juba loodud materjale, mis aitab vähendada jäätmeid. taastuvate materjalide valik aitab meil kaotada sõltuvust piiratud ressurssidest. meie tooted, mis on valmistatud ringlussevõetud ja taastuvate materjalide segust, Vaata lähemalt ballzy.eu.",https://ballzy.eu/et/product/silv-crew-2pp-ir5733-s-cnf,https://backend.ballzy.eu/media/catalog/product/a/d/adidas-silv-crew-2pp-must-jyjy.jpg,adidas Originals,23.00 EUR,in_stock,Streetbrand OÜ,EE,true,false,true
39646401_4_CNF,Palermo lth puma,Spordiriided ballzy veebipoest. Vaata lähemalt ballzy.eu.,https://ballzy.eu/et/product/palermo-lth-puma-39646401-4-cnf,https://backend.ballzy.eu/media/catalog/product/p/u/puma-palermo-lth-puma-valge-unlf.jpg,Puma,94.00 EUR,in_stock,Streetbrand OÜ,EE,true,false,true
MT41534_BK_2XL_CNF,Nb athletics french terry hoodie,Spordiriided ballzy veebipoest. Vaata lähemalt ballzy.eu.,https://ballzy.eu/et/product/nb-athletics-french-terry-hoodie-mt41534-bk-2xl-cnf,https://backend.ballzy.eu/media/catalog/product/n/e/new-balance-nb-athletics-french-terry-hoodie-must-5tjg.jpg,New Balance,94.00 EUR,in_stock,Streetbrand OÜ,EE,true,false,true
FD5185_011_L_XL_CNF,J club cap us cb jumpman,"sinu uus igapäevane isamüts on maandunud. sellel kuuepaneelilisel disainil on struktureerimata, madala profiiliga kroon, kumer äär ja reguleeritav sulgur. see kõik on ühendatud tagasihoidliku jumpmani graafikaga ees&hellip; tooteomadused: tikitud graafika lisab teie välimusele tekstuuri&hellip; higistuspael tagab jaheda, mugava tunde&hellip; reguleeritav snapbacki sulgemine tagab isikliku sobivuse&hellip; tooteomadused alapealkirjad: tikitud graafika lisab teie välimusele tekstuu Vaata lähemalt ballzy.eu.",https://ballzy.eu/et/product/j-club-cap-us-cb-jumpman-fd5185-011-l-xl-cnf,https://backend.ballzy.eu/media/catalog/product/j/o/jordan-j-club-cap-us-cb-jumpman-must-fh0x.jpg,Jordan,29.00 EUR,in_stock,Streetbrand OÜ,EE,true,false,true
FN3122_437_L_CNF,M nl striped hvywt rugby ft,Spordiriided ballzy veebipoest. Vaata lähemalt ballzy.eu.,https://ballzy.eu/et/product/m-nl-striped-hvywt-rugby-ft-fn3122-437-l-cnf,https://backend.ballzy.eu/media/catalog/product/n/i/nike-m-nl-striped-hvywt-rugby-ft-sinine-zom0.jpg,Nike,134.00 EUR,in_stock,Streetbrand OÜ,EE,true,false,true
SJKT6599_CBUYYPPPSCAR_L_CNF,Nba lightweight satin bomber vintage logo bulls,Spordiriided ballzy veebipoest. Vaata lähemalt ballzy.eu.,https://ballzy.eu/et/product/nba-lightweight-satin-bomber-vintage-logo-bulls-sjkt6599-cbuyypppscar-l-cnf,https://backend.ballzy.eu/media/catalog/product/m/i/mitchell-and-ness-nba-lightweight-satin-bomber-vintage-logo-bulls-punane-hw74.jpg,Mitchell &amp; Ness,179.00 EUR,in_stock,Streetbrand OÜ,EE,true,false,true
SJKT6599_NYKYYPPPROYA_L_CNF,Nba lightweight satin bomber vintage logo knicks,Spordiriided ballzy veebipoest. Vaata lähemalt ballzy.eu.,https://ballzy.eu/et/product/nba-lightweight-satin-bomber-vintage-logo-knicks-sjkt6599-nykyyppproya-l-cnf,https://backend.ballzy.eu/media/catalog/product/m/i/mitchell-and-ness-nba-lightweight-satin-bomber-vintage-logo-knicks-sinine-xur3.jpg,Mitchell &amp; Ness,179.00 EUR,in_stock,Streetbrand OÜ,EE,true,false,true
VN0009PVB9M1_055_CNF,Authentic,Spordiriided ballzy veebipoest. Vaata lähemalt ballzy.eu.,https://ballzy.eu/et/product/authentic-vn0009pvb9m1-055-cnf,https://backend.ballzy.eu/media/catalog/product/v/a/vans-authentic-must-5spj.jpg,Vans,74.00 EUR,in_stock,Streetbrand OÜ,EE,true,false,true
VN0009QCNWD1_050_CNF,Knu skool,Spordiriided ballzy veebipoest. Vaata lähemalt ballzy.eu.,https://ballzy.eu/et/product/knu-skool-vn0009qcnwd1-050-cnf,https://backend.ballzy.eu/media/catalog/product/v/a/vans-knu-skool-sinine-2fzt.jpg,Vans,99.00 EUR,in_stock,Streetbrand OÜ,EE,true,false,true
397000580_0494_S_CNF,Community garden hoodie,Spordiriided ballzy veebipoest. Vaata lähemalt ballzy.eu.,https://ballzy.eu/et/product/community-garden-hoodie-397000580-0494-s-cnf,https://backend.ballzy.eu/media/catalog/product/m/a/market-community-garden-hoodie-roheline-ucue.jpg,Market,129.00 EUR,in_stock,Streetbrand OÜ,EE,true,false,true
397000588_1232_S_CNF,Fragile hoodie,Spordiriided ballzy veebipoest. Vaata lähemalt ballzy.eu.,https://ballzy.eu/et/product/fragile-hoodie-397000588-1232-s-cnf,https://backend.ballzy.eu/media/catalog/product/m/a/market-fragile-hoodie-roosa-0cro.jpg,Market,129.00 EUR,in_stock,Streetbrand OÜ,EE,true,false,true
397000595_0494_S_CNF,Vintage wash arc hoodie,Spordiriided ballzy veebipoest. Vaata lähemalt ballzy.eu.,https://ballzy.eu/et/product/vintage-wash-arc-hoodie-397000595-0494-s-cnf,https://backend.ballzy.eu/media/catalog/product/m/a/market-vintage-wash-arc-hoodie-roheline-ekc9.jpg,Market,129.00 EUR,in_stock,Streetbrand OÜ,EE,true,false,true
397000595_1245_S_CNF,Vintage wash arc hoodie,Spordiriided ballzy veebipoest. Vaata lähemalt ballzy.eu.,https://ballzy.eu/et/product/vintage-wash-arc-hoodie-397000595-1245-s-cnf,https://backend.ballzy.eu/media/catalog/product/m/a/market-vintage-wash-arc-hoodie-bee-hmcq.jpg,Market,129.00 EUR,in_stock,Streetbrand OÜ,EE,true,false,true
FV5951_111_3.5Y_CNF,Air force 1 le gs,"af1-s on palju, mida armastada: selle vastupidav õmblus ja hea haarduvus aitavad lastel leida jalga nii esimestel kui ka vihmastel päevadel. see on kinga, mis oli 20 aastat tagasi sama lahe kui täna ja on seda ka siis, kui see on kaetud plekkide, kriimustuste ja kriimustustega. tegelikult võib see olla isegi parem&hellip; toote omadused: ehtne ja sünteetiline nahk muudab need jalatsid vastupidavaks - täpselt nagu vanakooli air force 1, mis esmakordselt ilmus aastal '82&hellip; va Vaata lähemalt ballzy.eu.",https://ballzy.eu/et/product/air-force-1-le-gs-fv5951-111-3-5y-cnf,https://backend.ballzy.eu/media/catalog/product/n/i/nike-air-force-1-le-gs-valge-9jem.jpg,Nike,109.00 EUR,in_stock,Streetbrand OÜ,EE,true,false,true
11405614_OSFA_CNF,The league bulls,Spordiriided ballzy veebipoest. Vaata lähemalt ballzy.eu.,https://ballzy.eu/et/product/the-league-bulls-11405614-osfa-cnf,https://backend.ballzy.eu/media/catalog/product/n/e/newera-the-league-bulls-must-tlu2.jpg,New Era,32.00 EUR,in_stock,Streetbrand OÜ,EE,true,false,true
12052000_OSFM_CNF,League essential 940 dodgers,Spordiriided ballzy veebipoest. Vaata lähemalt ballzy.eu.,https://ballzy.eu/et/product/league-essential-940-dodgers-12052000-osfm-cnf,https://backend.ballzy.eu/media/catalog/product/n/e/newera-league-essential-940-dodgers-must-5rmv.jpg,New Era,29.00 EUR,in_stock,Streetbrand OÜ,EE,true,false,true
390000352_0001_OS_CNF,C.a.m. cap,Spordiriided ballzy veebipoest. Vaata lähemalt ballzy.eu.,https://ballzy.eu/et/product/c-a-m-cap-390000352-0001-os-cnf,https://backend.ballzy.eu/media/catalog/product/m/a/market-c-a-m-cap-must-hm5q.jpg,Market,59.00 EUR,in_stock,Streetbrand OÜ,EE,true,false,true
60292635_OSFM_CNF,Wmns league ess 9forty yankees,Spordiriided ballzy veebipoest. Vaata lähemalt ballzy.eu.,https://ballzy.eu/et/product/wmns-league-ess-9forty-yankees-60292635-osfm-cnf,https://backend.ballzy.eu/media/catalog/product/n/e/newera-wmns-league-ess-9forty-yankees-bee-wbfs.jpg,New Era,29.00 EUR,in_stock,Streetbrand OÜ,EE,true,false,true
60434914_OSFM_CNF,Wmns ne 9twenty,Spordiriided ballzy veebipoest. Vaata lähemalt ballzy.eu.,https://ballzy.eu/et/product/wmns-ne-9twenty-60434914-osfm-cnf,https://backend.ballzy.eu/media/catalog/product/n/e/newera-wmns-ne-9twenty-pruun-mf9y.jpg,New Era,34.00 EUR,in_stock,Streetbrand OÜ,EE,true,false,true
60434924_OSFM_CNF,Wmns ne 9twenty,Spordiriided ballzy veebipoest. Vaata lähemalt ballzy.eu.,https://ballzy.eu/et/product/wmns-ne-9twenty-60434924-osfm-cnf,https://backend.ballzy.eu/media/catalog/product/n/e/newera-wmns-ne-9twenty-valge-9fyq.jpg,New Era,34.00 EUR,in_stock,Streetbrand OÜ,EE,true,false,true
60434977_OSFM_CNF,Wmns bubble stitch 9forty yankees,Spordiriided ballzy veebipoest. Vaata lähemalt ballzy.eu.,https://ballzy.eu/et/product/wmns-bubble-stitch-9forty-yankees-60434977-osfm-cnf,https://backend.ballzy.eu/media/catalog/product/n/e/newera-wmns-bubble-stitch-9forty-yankees-bee-70le.jpg,New Era,34.00 EUR,in_stock,Streetbrand OÜ,EE,true,false,true
60435006_OSFM_CNF,Wmns velour trucker dodgers,Spordiriided ballzy veebipoest. Vaata lähemalt ballzy.eu.,https://ballzy.eu/et/product/wmns-velour-trucker-dodgers-60435006-osfm-cnf,https://backend.ballzy.eu/media/catalog/product/n/e/newera-wmns-velour-trucker-dodgers-sinine-l2fq.jpg,New Era,39.00 EUR,in_stock,Streetbrand OÜ,EE,true,false,true
60435075_ML_CNF,New world 9fifty,Spordiriided ballzy veebipoest. Vaata lähemalt ballzy.eu.,https://ballzy.eu/et/product/new-world-9fifty-60435075-ml-cnf,https://backend.ballzy.eu/media/catalog/product/n/e/newera-new-world-9fifty-bee-9vob.jpg,New Era,39.00 EUR,in_stock,Streetbrand OÜ,EE,true,false,true
60435081_OSFM_CNF,Minor league 9forty,Spordiriided ballzy veebipoest. Vaata lähemalt ballzy.eu.,https://ballzy.eu/et/product/minor-league-9forty-60435081-osfm-cnf,https://backend.ballzy.eu/media/catalog/product/n/e/newera-minor-league-9forty-must-ww33.jpg,New Era,34.00 EUR,in_stock,Streetbrand OÜ,EE,true,false,true
60435082_OSFM_CNF,Minor league 9forty,Spordiriided ballzy veebipoest. Vaata lähemalt ballzy.eu.,https://ballzy.eu/et/product/minor-league-9forty-60435082-osfm-cnf,https://backend.ballzy.eu/media/catalog/product/n/e/newera-minor-league-9forty-punane-useu.jpg,New Era,34.00 EUR,in_stock,Streetbrand OÜ,EE,true,false,true
60435130_OSFM_CNF,Side patch 9forty raiders,Spordiriided ballzy veebipoest. Vaata lähemalt ballzy.eu.,https://ballzy.eu/et/product/side-patch-9forty-raiders-60435130-osfm-cnf,https://backend.ballzy.eu/media/catalog/product/n/e/newera-side-patch-9forty-raiders-hall-6mpv.jpg,New Era,39.00 EUR,in_stock,Streetbrand OÜ,EE,true,false,true
60471459_OSFM_CNF,Nos league ess 9forty yankees,Spordiriided ballzy veebipoest. Vaata lähemalt ballzy.eu.,https://ballzy.eu/et/product/nos-league-ess-9forty-yankees-60471459-osfm-cnf,https://backend.ballzy.eu/media/catalog/product/n/e/newera-nos-league-ess-9forty-yankees-bee-zgp0.jpg,New Era,29.00 EUR,in_stock,Streetbrand OÜ,EE,true,false,true
60471465_OSFM_CNF,Nos league ess 9twenty yankees,Spordiriided ballzy veebipoest. Vaata lähemalt ballzy.eu.,https://ballzy.eu/et/product/nos-league-ess-9twenty-yankees-60471465-osfm-cnf,https://backend.ballzy.eu/media/catalog/product/n/e/newera-nos-league-ess-9twenty-yankees-must-yneg.jpg,New Era,29.00 EUR,in_stock,Streetbrand OÜ,EE,true,false,true
60471475_OSFM_CNF,Nos league ess 9twenty yankees,Spordiriided ballzy veebipoest. Vaata lähemalt ballzy.eu.,https://ballzy.eu/et/product/nos-league-ess-9twenty-yankees-60471475-osfm-cnf,https://backend.ballzy.eu/media/catalog/product/n/e/newera-nos-league-ess-9twenty-yankees-pruun-sfpp.jpg,New Era,29.00 EUR,in_stock,Streetbrand OÜ,EE,true,false,true
60471482_OSFM_CNF,Nba essential 9forty lakers,Spordiriided ballzy veebipoest. Vaata lähemalt ballzy.eu.,https://ballzy.eu/et/product/nba-essential-9forty-lakers-60471482-osfm-cnf,https://backend.ballzy.eu/media/catalog/product/n/e/newera-nba-essential-9forty-lakers-must-y4rz.jpg,New Era,29.00 EUR,in_stock,Streetbrand OÜ,EE,true,false,true
60471485_OSFM_CNF,Nba essential 9forty bulls,Spordiriided ballzy veebipoest. Vaata lähemalt ballzy.eu.,https://ballzy.eu/et/product/nba-essential-9forty-bulls-60471485-osfm-cnf,https://backend.ballzy.eu/media/catalog/product/n/e/newera-nba-essential-9forty-bulls-must-loou.jpg,New Era,29.00 EUR,in_stock,Streetbrand OÜ,EE,true,false,true
80489299_OSFA_CNF,League essential wmn yankees,Spordiriided ballzy veebipoest. Vaata lähemalt ballzy.eu.,https://ballzy.eu/et/product/league-essential-wmn-yankees-80489299-osfa-cnf,https://backend.ballzy.eu/media/catalog/product/n/e/newera-league-essential-wmn-yankees-roosa-do7y.jpg,New Era,29.00 EUR,in_stock,Streetbrand OÜ,EE,true,false,true
80524868_OSFA_CNF,Wmn essential 940 yankees,Spordiriided ballzy veebipoest. Vaata lähemalt ballzy.eu.,https://ballzy.eu/et/product/wmn-essential-940-yankees-80524868-osfa-cnf,https://backend.ballzy.eu/media/catalog/product/n/e/newera-wmn-essential-940-yankees-valge-rydb.jpg,New Era,29.00 EUR,in_stock,Streetbrand OÜ,EE,true,false,true
DD1391_101_11_CNF,Nike dunk low retro,"true to your crew&hellip; nike dunk low retro, mis on loodud kõvaplatsile, kuid viidud tänavatele, naaseb teravate kattematerjalide ja originaalsete meeskonnavärvidega. see korvpalli ikoon kanaliseerib '80ndate vibratsiooni kõrgekvaliteedilise nahaga pealses, mis näeb hea välja ja murdub veelgi paremini. kaasaegne jalatsitehnoloogia aitab tuua mugavuse 21. sajandisse&hellip; toote omadused: premium nahk pealses on täiusliku läikega ja murdub ilusti sisse&hellip; kaasaegne vahtpol Vaata lähemalt ballzy.eu.",https://ballzy.eu/et/product/nike-dunk-low-retro-dd1391-101-11-cnf,https://backend.ballzy.eu/media/catalog/product/n/i/nike-nike-dunk-low-retro-roheline-blkt.jpg,Nike,129.00 EUR,in_stock,Streetbrand OÜ,EE,true,false,true
DK0A4XEKRBK1_26_CNF,Ellendale denim,Spordiriided ballzy veebipoest. Vaata lähemalt ballzy.eu.,https://ballzy.eu/et/product/ellendale-denim-dk0a4xekrbk1-26-cnf,https://backend.ballzy.eu/media/catalog/product/d/i/dickies-ellendale-denim-must-pv8f.jpg,Dickies,84.00 EUR,in_stock,Streetbrand OÜ,EE,true,false,true
DK0A4XKBBLK1_26_CNF,Elizaville rec,Spordiriided ballzy veebipoest. Vaata lähemalt ballzy.eu.,https://ballzy.eu/et/product/elizaville-rec-dk0a4xkbblk1-26-cnf,https://backend.ballzy.eu/media/catalog/product/d/i/dickies-elizaville-rec-must-j2kq.jpg,Dickies,74.00 EUR,in_stock,Streetbrand OÜ,EE,true,false,true
I033091_21ZXX_0_CNF,Linus cap,Spordiriided ballzy veebipoest. Vaata lähemalt ballzy.eu.,https://ballzy.eu/et/product/linus-cap-i033091-21zxx-0-cnf,https://backend.ballzy.eu/media/catalog/product/c/a/carhartt-linus-cap-sinine-0nph.jpg,Carhartt WIP,54.00 EUR,in_stock,Streetbrand OÜ,EE,true,false,true
DK0A4XYWA281_L_CNF,Summerdale hoodie,Spordiriided ballzy veebipoest. Vaata lähemalt ballzy.eu.,https://ballzy.eu/et/product/summerdale-hoodie-dk0a4xywa281-l-cnf,https://backend.ballzy.eu/media/catalog/product/d/i/dickies-summerdale-hoodie-valge-rudh.jpg,Dickies,74.00 EUR,in_stock,Streetbrand OÜ,EE,true,false,true
DK0A4Y8LWHX1_L_CNF,Oakport boxy ss tee,Spordiriided ballzy veebipoest. Vaata lähemalt ballzy.eu.,https://ballzy.eu/et/product/oakport-boxy-ss-tee-dk0a4y8lwhx1-l-cnf,https://backend.ballzy.eu/media/catalog/product/d/i/dickies-oakport-boxy-ss-tee-valge-h3rk.jpg,Dickies,34.00 EUR,in_stock,Streetbrand OÜ,EE,true,false,true
DK0A4YQNH861_L_CNF,Newington jacket,Spordiriided ballzy veebipoest. Vaata lähemalt ballzy.eu.,https://ballzy.eu/et/product/newington-jacket-dk0a4yqnh861-l-cnf,https://backend.ballzy.eu/media/catalog/product/d/i/dickies-newington-jacket-must-qhpd.jpg,Dickies,129.00 EUR,in_stock,Streetbrand OÜ,EE,true,false,true
DK0A4YRQC581_L_CNF,Altoona tee ss w,Spordiriided ballzy veebipoest. Vaata lähemalt ballzy.eu.,https://ballzy.eu/et/product/altoona-tee-ss-w-dk0a4yrqc581-l-cnf,https://backend.ballzy.eu/media/catalog/product/d/i/dickies-altoona-tee-ss-w-valge-2y5n.jpg,Dickies,39.00 EUR,in_stock,Streetbrand OÜ,EE,true,false,true
DK0A4YSBH861_30_CNF,Newington pant,Spordiriided ballzy veebipoest. Vaata lähemalt ballzy.eu.,https://ballzy.eu/et/product/newington-pant-dk0a4ysbh861-30-cnf,https://backend.ballzy.eu/media/catalog/product/d/i/dickies-newington-pant-hall-90p4.jpg,Dickies,89.00 EUR,in_stock,Streetbrand OÜ,EE,true,false,true
FN6364_010_L_CNF,M j ess stmt wash chi pant,Spordiriided ballzy veebipoest. Vaata lähemalt ballzy.eu.,https://ballzy.eu/et/product/m-j-ess-stmt-wash-chi-pant-fn6364-010-l-cnf,https://backend.ballzy.eu/media/catalog/product/n/i/nike-m-j-ess-stmt-wash-chi-pant-must-zpph.jpg,Jordan,149.00 EUR,in_stock,Streetbrand OÜ,EE,true,false,true
397000592_0494_S_CNF,Designer panel hoodie,Spordiriided ballzy veebipoest. Vaata lähemalt ballzy.eu.,https://ballzy.eu/et/product/designer-panel-hoodie-397000592-0494-s-cnf,https://backend.ballzy.eu/media/catalog/product/m/a/market-designer-panel-hoodie-roheline-de0f.jpg,Market,129.00 EUR,in_stock,Streetbrand OÜ,EE,true,false,true
DK0A4YKYWHX1_30_32_CNF,M relaxed fit cotton painter´s pant,Spordiriided ballzy veebipoest. Vaata lähemalt ballzy.eu.,https://ballzy.eu/et/product/m-relaxed-fit-cotton-painter-s-pant-dk0a4ykywhx1-30-32-cnf,https://backend.ballzy.eu/media/catalog/product/d/i/dickies-m-relaxed-fit-cotton-painter-s-pant-valge-2fpx.jpg,Dickies,79.00 EUR,in_stock,Streetbrand OÜ,EE,true,false,true
39590901_8_CNF,Velophasis,Spordiriided ballzy veebipoest. Vaata lähemalt ballzy.eu.,https://ballzy.eu/et/product/velophasis-39590901-8-cnf,https://backend.ballzy.eu/media/catalog/product/p/u/puma-velophasis-pruun-ufcl.jpg,Puma,134.00 EUR,in_stock,Streetbrand OÜ,EE,true,false,true
39646306_4_CNF,Palermo,Spordiriided ballzy veebipoest. Vaata lähemalt ballzy.eu.,https://ballzy.eu/et/product/palermo-39646306-4-cnf,https://backend.ballzy.eu/media/catalog/product/p/u/puma-palermo-roosa-bbkv.jpg,Puma,94.00 EUR,in_stock,Streetbrand OÜ,EE,true,false,true
39647501_4_CNF,Velophasis 372.5,Spordiriided ballzy veebipoest. Vaata lähemalt ballzy.eu.,https://ballzy.eu/et/product/velophasis-372-5-39647501-4-cnf,https://backend.ballzy.eu/media/catalog/product/p/u/puma-velophasis-372-5-hall-c1t2.jpg,Puma,144.00 EUR,in_stock,Streetbrand OÜ,EE,true,false,true
39647903_4_CNF,Velophasis,Spordiriided ballzy veebipoest. Vaata lähemalt ballzy.eu.,https://ballzy.eu/et/product/velophasis-39647903-4-cnf,https://backend.ballzy.eu/media/catalog/product/p/u/puma-velophasis-multicolor-cywj.jpg,Puma,134.00 EUR,in_stock,Streetbrand OÜ,EE,true,false,true
62439383_S_CNF,T7 for the fanbase track pants,Spordiriided ballzy veebipoest. Vaata lähemalt ballzy.eu.,https://ballzy.eu/et/product/t7-for-the-fanbase-track-pants-62439383-s-cnf,https://backend.ballzy.eu/media/catalog/product/p/u/puma-t7-for-the-fanbase-track-pants-bee-ji1t.jpg,Puma,84.00 EUR,in_stock,Streetbrand OÜ,EE,true,false,true
62472401_S_CNF,Puma x staple graphic tee,Spordiriided ballzy veebipoest. Vaata lähemalt ballzy.eu.,https://ballzy.eu/et/product/puma-x-staple-graphic-tee-62472401-s-cnf,https://backend.ballzy.eu/media/catalog/product/p/u/puma-puma-x-staple-graphic-tee-must-6hh9.jpg,Puma,44.00 EUR,in_stock,Streetbrand OÜ,EE,true,false,true
62472465_S_CNF,Puma x staple graphic tee,Spordiriided ballzy veebipoest. Vaata lähemalt ballzy.eu.,https://ballzy.eu/et/product/puma-x-staple-graphic-tee-62472465-s-cnf,https://backend.ballzy.eu/media/catalog/product/p/u/puma-puma-x-staple-graphic-tee-valge-jpyb.jpg,Puma,44.00 EUR,in_stock,Streetbrand OÜ,EE,true,false,true
62472501_S_CNF,Puma x staple graphic hoodie,Spordiriided ballzy veebipoest. Vaata lähemalt ballzy.eu.,https://ballzy.eu/et/product/puma-x-staple-graphic-hoodie-62472501-s-cnf,https://backend.ballzy.eu/media/catalog/product/p/u/puma-puma-x-staple-graphic-hoodie-must-f6iv.jpg,Puma,84.00 EUR,in_stock,Streetbrand OÜ,EE,true,false,true
62509765_S_CNF,Puma x staple aop tee,Spordiriided ballzy veebipoest. Vaata lähemalt ballzy.eu.,https://ballzy.eu/et/product/puma-x-staple-aop-tee-62509765-s-cnf,https://backend.ballzy.eu/media/catalog/product/p/u/puma-puma-x-staple-aop-tee-valge-vihh.jpg,Puma,44.00 EUR,in_stock,Streetbrand OÜ,EE,true,false,true
DK0A4YOZF901_OSFA_CNF,Lisbon mini backpack,Spordiriided ballzy veebipoest. Vaata lähemalt ballzy.eu.,https://ballzy.eu/et/product/lisbon-mini-backpack-dk0a4yozf901-osfa-cnf,https://backend.ballzy.eu/media/catalog/product/d/i/dickies-lisbon-mini-backpack-valge-ar3v.jpg,Dickies,49.00 EUR,in_stock,Streetbrand OÜ,EE,true,false,true
DK0A4YPGC581_OSFA_CNF,Shawsville trucker,Spordiriided ballzy veebipoest. Vaata lähemalt ballzy.eu.,https://ballzy.eu/et/product/shawsville-trucker-dk0a4ypgc581-osfa-cnf,https://backend.ballzy.eu/media/catalog/product/d/i/dickies-shawsville-trucker-valge-hmse.jpg,Dickies,39.00 EUR,in_stock,Streetbrand OÜ,EE,true,false,true
DK0A4Z23BLK1_L_CNF,Lined eisenhower crop w rec,Spordiriided ballzy veebipoest. Vaata lähemalt ballzy.eu.,https://ballzy.eu/et/product/lined-eisenhower-crop-w-rec-dk0a4z23blk1-l-cnf,https://backend.ballzy.eu/media/catalog/product/d/i/dickies-lined-eisenhower-crop-w-rec-must-zmml.jpg,Dickies,99.00 EUR,in_stock,Streetbrand OÜ,EE,true,false,true
DK0A4Z23KHK1_L_CNF,Lined eisenhower crop w rec,Spordiriided ballzy veebipoest. Vaata lähemalt ballzy.eu.,https://ballzy.eu/et/product/lined-eisenhower-crop-w-rec-dk0a4z23khk1-l-cnf,https://backend.ballzy.eu/media/catalog/product/d/i/dickies-lined-eisenhower-crop-w-rec-bee-udrk.jpg,Dickies,99.00 EUR,in_stock,Streetbrand OÜ,EE,true,false,true
I026588_1YEGD_26_CNF,W´ pierce pant straight,Spordiriided ballzy veebipoest. Vaata lähemalt ballzy.eu.,https://ballzy.eu/et/product/w-pierce-pant-straight-i026588-1yegd-26-cnf,https://backend.ballzy.eu/media/catalog/product/c/a/carhartt-w-pierce-pant-straight-hall-4uon.jpg,Carhartt WIP,89.00 EUR,in_stock,Streetbrand OÜ,EE,true,false,true
I029208_0112_30_CNF,Newel pant,Spordiriided ballzy veebipoest. Vaata lähemalt ballzy.eu.,https://ballzy.eu/et/product/newel-pant-i029208-0112-30-cnf,https://backend.ballzy.eu/media/catalog/product/c/a/carhartt-newel-pant-sinine-hp3p.jpg,Carhartt WIP,99.00 EUR,in_stock,Streetbrand OÜ,EE,true,false,true
I033227_931XX_S_CNF,A-shirt,Spordiriided ballzy veebipoest. Vaata lähemalt ballzy.eu.,https://ballzy.eu/et/product/a-shirt-i033227-931xx-s-cnf,https://backend.ballzy.eu/media/catalog/product/c/a/carhartt-a-shirt-valge-xuqr.jpg,Carhartt WIP,39.00 EUR,in_stock,Streetbrand OÜ,EE,true,false,true
I033661_00HXX_S_CNF,Hooded chase sweat,Spordiriided ballzy veebipoest. Vaata lähemalt ballzy.eu.,https://ballzy.eu/et/product/hooded-chase-sweat-i033661-00hxx-s-cnf,https://backend.ballzy.eu/media/catalog/product/c/a/carhartt-hooded-chase-sweat-sinine-c1or.jpg,Carhartt WIP,84.00 EUR,in_stock,Streetbrand OÜ,EE,true,false,true
I033661_00JXX_S_CNF,Hooded chase sweat,Spordiriided ballzy veebipoest. Vaata lähemalt ballzy.eu.,https://ballzy.eu/et/product/hooded-chase-sweat-i033661-00jxx-s-cnf,https://backend.ballzy.eu/media/catalog/product/c/a/carhartt-hooded-chase-sweat-hall-p76i.jpg,Carhartt WIP,84.00 EUR,in_stock,Streetbrand OÜ,EE,true,false,true
ID0478_4.5_CNF,Samba og w,"neile, kes pigem määravad trende, kui järgivad neid, on adidas samba og kingad kohustuslikus korras. need algselt siseruumijalgpalli jaoks loodud jalatsid on juba ammu ületanud oma sportliku alguse. esmaklassiline nahast pealne ja nubukist kattekihid moodustavad ikoonilise silueti, mis sobib ideaalselt stiilseks väljaminekuks. kuldsed aktsendid ja 3 triipu küljel annavad peene vihjeid adidas´i pärandile. tõeline klassika, mis on uuesti defineeritud tänapäeva maitsemeeste jaoks. < Vaata lähemalt ballzy.eu.",https://ballzy.eu/et/product/samba-og-w-id0478-4-5-cnf,https://backend.ballzy.eu/media/catalog/product/a/d/adidas-samba-og-w-bee-ixpb.jpg,adidas Originals,119.00 EUR,in_stock,Streetbrand OÜ,EE,true,false,true
IF6491_4.5_CNF,Handball spezial w,"libistage ikoonilisse stiili ja mugavusse. need adidas originals handball spezial jalanõud on inspireeritud 1979. aastal valminud klassikast, mis on nüüd tänavale ümber kujundatud. siledast mokkast ja nahast pealne annab esmaklassilise, rafineeritud välimuse, mis sobib iga vabaaja riietusega. autentsed detailid, nagu spezial´i keelelogo ja metallist allkiri küljel, jäävad adidas´i pärandile truuks. kummist välistald pakub pidavust kõigi igapäevaste seikluste jaoks. </h Vaata lähemalt ballzy.eu.",https://ballzy.eu/et/product/handball-spezial-w-if6491-4-5-cnf,https://backend.ballzy.eu/media/catalog/product/a/d/adidas-handball-spezial-w-hall-eijq.jpg,adidas Originals,119.00 EUR,in_stock,Streetbrand OÜ,EE,true,false,true
IS0338_OSFW_CNF,Script snapback,"see adidas´i snapback-müts hoiab su stiili alati au sees, olenemata sellest, kas sa lähed tänavatele või skateparki. läikiv trikotaažmaterjal ja julge, kõrgendatud tikand teevad endast märku, kui sõidad mööda. reguleeri snapbacki kinnitus, et see sobiks sulle sobivalt ja sul on igapäevaelu jaoks hädavajalik müts, mis on alati valmis. see toode on valmistatud vähemalt 50% ulatuses taaskasutatud materjalidest. juba loodud materjalide taaskasutamisega aitame vähendada jäätmeid ja m Vaata lähemalt ballzy.eu.",https://ballzy.eu/et/product/script-snapback-is0338-osfw-cnf,https://backend.ballzy.eu/media/catalog/product/a/d/adidas-script-snapback-must-xamq.jpg,adidas Originals,24.00 EUR,in_stock,Streetbrand OÜ,EE,true,false,true
IS0740_S_CNF,Adbrk sock 2pp,"need adidas´i sokid pakuvad jalale mugavust ja stiili. need on valmistatud pehmest puuvillasegust, mis tagab mugavuse kogu päevaks. allkirjastatud 3-triibulised triibud jooksevad külgedel täiuslikus sümmeetrias, mis tuletavad meelde sportlikku vaimu, mis ei tunne piire. Vaata lähemalt ballzy.eu.",https://ballzy.eu/et/product/adbrk-sock-2pp-is0740-s-cnf,https://backend.ballzy.eu/media/catalog/product/a/d/adidas-adbrk-sock-2pp-multicolor-vbvc.jpg,adidas Originals,23.00 EUR,in_stock,Streetbrand OÜ,EE,true,false,true
VN000GKD2N11_OSFA_CNF,My pace curved bill jockey oatmeal,Spordiriided ballzy veebipoest. Vaata lähemalt ballzy.eu.,https://ballzy.eu/et/product/my-pace-curved-bill-jockey-oatmeal-vn000gkd2n11-osfa-cnf,https://backend.ballzy.eu/media/catalog/product/v/a/vans-my-pace-curved-bill-jockey-oatmeal-valge-6jkf.jpg,Vans,39.00 EUR,in_stock,Streetbrand OÜ,EE,true,false,true
10030708_OSFA_CNF,Carrier 2pack,Spordiriided ballzy veebipoest. Vaata lähemalt ballzy.eu.,https://ballzy.eu/et/product/carrier-2pack-10030708-osfa-cnf,https://backend.ballzy.eu/media/catalog/product/n/e/newera-carrier-2pack-must-mgil.jpg,New Era,29.00 EUR,in_stock,Streetbrand OÜ,EE,true,false,true
12145412_OSFM_CNF,Mlb waist bag light yankees,Spordiriided ballzy veebipoest. Vaata lähemalt ballzy.eu.,https://ballzy.eu/et/product/mlb-waist-bag-light-yankees-12145412-osfm-cnf,https://backend.ballzy.eu/media/catalog/product/n/e/newera-mlb-waist-bag-light-yankees-must-5jjh.jpg,New Era,29.00 EUR,in_stock,Streetbrand OÜ,EE,true,false,true
12292584_OSFM_CNF,Nba essential outline 940 lakers,Spordiriided ballzy veebipoest. Vaata lähemalt ballzy.eu.,https://ballzy.eu/et/product/nba-essential-outline-940-lakers-12292584-osfm-cnf,https://backend.ballzy.eu/media/catalog/product/n/e/newera-nba-essential-outline-940-lakers-must-xgrc.jpg,New Era,29.00 EUR,in_stock,Streetbrand OÜ,EE,true,false,true
12292586_OSFM_CNF,Nba essential outline 940 bulls,Spordiriided ballzy veebipoest. Vaata lähemalt ballzy.eu.,https://ballzy.eu/et/product/nba-essential-outline-940-bulls-12292586-osfm-cnf,https://backend.ballzy.eu/media/catalog/product/n/e/newera-nba-essential-outline-940-bulls-must-zz4d.jpg,New Era,29.00 EUR,in_stock,Streetbrand OÜ,EE,true,false,true
12523907_OSFM_CNF,Diamond era 9forty yankees,Spordiriided ballzy veebipoest. Vaata lähemalt ballzy.eu.,https://ballzy.eu/et/product/diamond-era-9forty-yankees-12523907-osfm-cnf,https://backend.ballzy.eu/media/catalog/product/n/e/newera-diamond-era-9forty-yankees-must-voun.jpg,New Era,34.00 EUR,in_stock,Streetbrand OÜ,EE,true,false,true
12523912_OSFM_CNF,Bob team logo 940 af trckr dodgers,Spordiriided ballzy veebipoest. Vaata lähemalt ballzy.eu.,https://ballzy.eu/et/product/bob-team-logo-940-af-trckr-dodgers-12523912-osfm-cnf,https://backend.ballzy.eu/media/catalog/product/n/e/newera-bob-team-logo-940-af-trckr-dodgers-must-qc1l.jpg,New Era,34.00 EUR,in_stock,Streetbrand OÜ,EE,true,false,true
13113558_3538_CNF,Flag crew sock,Spordiriided ballzy veebipoest. Vaata lähemalt ballzy.eu.,https://ballzy.eu/et/product/flag-crew-sock-13113558-3538-cnf,https://backend.ballzy.eu/media/catalog/product/n/e/newera-flag-crew-sock-valge-pwzw.jpg,New Era,14.00 EUR,in_stock,Streetbrand OÜ,EE,true,false,true
13113626_3538_CNF,Stripe crew sock,Spordiriided ballzy veebipoest. Vaata lähemalt ballzy.eu.,https://ballzy.eu/et/product/stripe-crew-sock-13113626-3538-cnf,https://backend.ballzy.eu/media/catalog/product/n/e/newera-stripe-crew-sock-valge-smgo.jpg,New Era,16.00 EUR,in_stock,Streetbrand OÜ,EE,true,false,true
13113627_3538_CNF,Stripe crew sock,Spordiriided ballzy veebipoest. Vaata lähemalt ballzy.eu.,https://ballzy.eu/et/product/stripe-crew-sock-13113627-3538-cnf,https://backend.ballzy.eu/media/catalog/product/n/e/newera-stripe-crew-sock-must-9c58.jpg,New Era,16.00 EUR,in_stock,Streetbrand OÜ,EE,true,false,true
13113632_3538_CNF,Mlb premium sock,Spordiriided ballzy veebipoest. Vaata lähemalt ballzy.eu.,https://ballzy.eu/et/product/mlb-premium-sock-13113632-3538-cnf,https://backend.ballzy.eu/media/catalog/product/n/e/newera-mlb-premium-sock-valge-6voc.jpg,New Era,14.00 EUR,in_stock,Streetbrand OÜ,EE,true,false,true
13113643_3538_CNF,Flag crew sock,Spordiriided ballzy veebipoest. Vaata lähemalt ballzy.eu.,https://ballzy.eu/et/product/flag-crew-sock-13113643-3538-cnf,https://backend.ballzy.eu/media/catalog/product/n/e/newera-flag-crew-sock-must-jexd.jpg,New Era,14.00 EUR,in_stock,Streetbrand OÜ,EE,true,false,true
13821894_3942_CNF,Mlb crew socks,Spordiriided ballzy veebipoest. Vaata lähemalt ballzy.eu.,https://ballzy.eu/et/product/mlb-crew-socks-13821894-3942-cnf,https://backend.ballzy.eu/media/catalog/product/n/e/newera-mlb-crew-socks-valge-stig.jpg,New Era,14.00 EUR,in_stock,Streetbrand OÜ,EE,true,false,true
60245399_ML_CNF,Nos nba bob 9fifty bulls,Spordiriided ballzy veebipoest. Vaata lähemalt ballzy.eu.,https://ballzy.eu/et/product/nos-nba-bob-9fifty-bulls-60245399-ml-cnf,https://backend.ballzy.eu/media/catalog/product/n/e/newera-nos-nba-bob-9fifty-bulls-must-enac.jpg,New Era,39.00 EUR,in_stock,Streetbrand OÜ,EE,true,false,true
60284268_OSFM_CNF,Visor curve newera,Spordiriided ballzy veebipoest. Vaata lähemalt ballzy.eu.,https://ballzy.eu/et/product/visor-curve-newera-60284268-osfm-cnf,https://backend.ballzy.eu/media/catalog/product/n/e/newera-visor-curve-newera-must-tran.jpg,New Era,12.00 EUR,in_stock,Streetbrand OÜ,EE,true,false,true
62434383_XS_CNF,T7 for the fanbase track jacket,"Astuge ikoonilisse stiili puma t7 for the fanbase track-jakiga archive greeni. see on inspireeritud t7 dressi debüüdist 1968. aastal ning pakub vabamat lõiget ja t7-le omaseid külgpaneele, puhtaid lõikejooni ning äratuntavat puma dna-d. jakil on kõrge püstkrae, pikad varrukad ja täispikk tõmblukk kahepoolse tõmburiga. lõpetuseks on soonikust krae, mansetid ja alläär klassikalise track-look’i jaoks. valmistatud vähemalt 30% ulatuses taaskasutatud materjalidest, et pakkuda julget hoiakut ja igapäe Vaata lähemalt ballzy.eu.",https://ballzy.eu/et/product/t7-for-the-fanbase-track-jacket-62434383-xs-cnf,https://backend.ballzy.eu/media/catalog/product/p/u/puma-t7-for-the-fanbase-track-jacket-bee-pbbg.jpg,Puma,79.00 EUR,in_stock,Streetbrand OÜ,EE,true,false,true
FD5185_011_M_L_CNF,J club cap us cb jumpman,"sinu uus igapäevane isamüts on maandunud. sellel kuuepaneelilisel disainil on struktureerimata, madala profiiliga kroon, kumer äär ja reguleeritav sulgur. see kõik on ühendatud tagasihoidliku jumpmani graafikaga ees&hellip; tooteomadused: tikitud graafika lisab teie välimusele tekstuuri&hellip; higistuspael tagab jaheda, mugava tunde&hellip; reguleeritav snapbacki sulgemine tagab isikliku sobivuse&hellip; tooteomadused alapealkirjad: tikitud graafika lisab teie välimusele tekstuu Vaata lähemalt ballzy.eu.",https://ballzy.eu/et/product/j-club-cap-us-cb-jumpman-fd5185-011-m-l-cnf,https://backend.ballzy.eu/media/catalog/product/j/o/jordan-j-club-cap-us-cb-jumpman-must-d1my.jpg,Jordan,34.00 EUR,in_stock,Streetbrand OÜ,EE,true,false,true
FQ1597_600_4Y_CNF,Jordan jumpman slide (gs),"lihtsad, kerged, klassikalised slaidid koos dna rõngastega. jumpmani logo rihmal teeb selgeks, et need on kõike muud kui keskmised&hellip; toote omadused: pehme rihm on jalale kerge&hellip; tallal on tekstuurne jalapõhi, mis pakub toetavat pehmendust&hellip; härmakas muster välistallal tagab haardumise&hellip; toote omaduste alapealkirjad: Vaata lähemalt ballzy.eu.",https://ballzy.eu/et/product/jordan-jumpman-slide-gs-fq1597-600-4y-cnf,https://backend.ballzy.eu/media/catalog/product/j/o/jordan-jordan-jumpman-slide-gs-punane-bnaw.jpg,Jordan,44.00 EUR,in_stock,Streetbrand OÜ,EE,true,false,true
FV5951_001_4.5Y_CNF,Air force 1 le gs,"af1-s on palju, mida armastada: selle vastupidav õmblus ja hea haarduvus aitavad lastel leida jalga nii esimestel kui ka vihmastel päevadel. see on kinga, mis oli 20 aastat tagasi sama lahe kui täna ja on seda ka siis, kui see on kaetud plekkide, kriimustuste ja kriimustustega. tegelikult võib see olla isegi parem&hellip; toote omadused: ehtne ja sünteetiline nahk muudab need jalatsid vastupidavaks - täpselt nagu vanakooli air force 1, mis esmakordselt ilmus aastal '82&hellip; va Vaata lähemalt ballzy.eu.",https://ballzy.eu/et/product/air-force-1-le-gs-fv5951-001-4-5y-cnf,https://backend.ballzy.eu/media/catalog/product/n/i/nike-air-force-1-le-gs-must-myfq.jpg,Nike,109.00 EUR,in_stock,Streetbrand OÜ,EE,true,false,true
VN000G75YGD1_L_CNF,Primary solid elastic boardshort,Spordiriided ballzy veebipoest. Vaata lähemalt ballzy.eu.,https://ballzy.eu/et/product/primary-solid-elastic-boardshort-vn000g75ygd1-l-cnf,https://backend.ballzy.eu/media/catalog/product/v/a/vans-primary-solid-elastic-boardshort-kollane-wfv1.jpg,Vans,59.00 EUR,in_stock,Streetbrand OÜ,EE,true,false,true
FV5304_010_L_XL_CNF,U j fly cap jumpman,"see müts on suur konkurent igapäevaseks kandmiseks. struktureerimata ja õhuline, haarake see ja minge&hellip; toote omadused: võrguküljed tagavad hingavuse&hellip; võrgurihma sulgemine libiseb kergesti ja reguleerib õiget istuvust&hellip; toote omaduste alapealkirjad: tootedetailid: 100% puuvill; võrk: 100% polüester; paneelide vooder: 100% puuvill. käsipesu. imporditud. Vaata lähemalt ballzy.eu.",https://ballzy.eu/et/product/u-j-fly-cap-jumpman-fv5304-010-l-xl-cnf,https://backend.ballzy.eu/media/catalog/product/j/o/jordan-u-j-fly-cap-jumpman-must-mcax.jpg,Jordan,34.00 EUR,in_stock,Streetbrand OÜ,EE,true,false,true
I033154_1YC4J_XS_CNF,W´ og santa fe bomber,Spordiriided ballzy veebipoest. Vaata lähemalt ballzy.eu.,https://ballzy.eu/et/product/w-og-santa-fe-bomber-i033154-1yc4j-xs-cnf,https://backend.ballzy.eu/media/catalog/product/c/a/carhartt-w-og-santa-fe-bomber-hall-dbeq.jpg,Carhartt WIP,199.00 EUR,in_stock,Streetbrand OÜ,EE,true,false,true
DK0A4XB2H181_L_CNF,Pelican rapids,Spordiriided ballzy veebipoest. Vaata lähemalt ballzy.eu.,https://ballzy.eu/et/product/pelican-rapids-dk0a4xb2h181-l-cnf,https://backend.ballzy.eu/media/catalog/product/d/i/dickies-pelican-rapids-sinine-qaqn.jpg,Dickies,59.00 EUR,in_stock,Streetbrand OÜ,EE,true,false,true
DK0A4Y7GH641_L_CNF,Warrenton shirt ls,Spordiriided ballzy veebipoest. Vaata lähemalt ballzy.eu.,https://ballzy.eu/et/product/warrenton-shirt-ls-dk0a4y7gh641-l-cnf,https://backend.ballzy.eu/media/catalog/product/d/i/dickies-warrenton-shirt-ls-sinine-e0vx.jpg,Dickies,84.00 EUR,in_stock,Streetbrand OÜ,EE,true,false,true
DK0A4Y84C581_L_CNF,Vale short w,Spordiriided ballzy veebipoest. Vaata lähemalt ballzy.eu.,https://ballzy.eu/et/product/vale-short-w-dk0a4y84c581-l-cnf,https://backend.ballzy.eu/media/catalog/product/d/i/dickies-vale-short-w-valge-alhz.jpg,Dickies,59.00 EUR,in_stock,Streetbrand OÜ,EE,true,false,true
DK0A4YACSS01_L_CNF,Jackson cargo short,Spordiriided ballzy veebipoest. Vaata lähemalt ballzy.eu.,https://ballzy.eu/et/product/jackson-cargo-short-dk0a4yacss01-l-cnf,https://backend.ballzy.eu/media/catalog/product/d/i/dickies-jackson-cargo-short-bee-ht1a.jpg,Dickies,84.00 EUR,in_stock,Streetbrand OÜ,EE,true,false,true
DK0A4YPABLK1_OSFA_CNF,Seasonal cap,Spordiriided ballzy veebipoest. Vaata lähemalt ballzy.eu.,https://ballzy.eu/et/product/seasonal-cap-dk0a4ypablk1-osfa-cnf,https://backend.ballzy.eu/media/catalog/product/d/i/dickies-seasonal-cap-must-ad6r.jpg,Dickies,39.00 EUR,in_stock,Streetbrand OÜ,EE,true,false,true
DK0A4YPGBLK1_OSFA_CNF,Shawsville trucker,Spordiriided ballzy veebipoest. Vaata lähemalt ballzy.eu.,https://ballzy.eu/et/product/shawsville-trucker-dk0a4ypgblk1-osfa-cnf,https://backend.ballzy.eu/media/catalog/product/d/i/dickies-shawsville-trucker-must-kkki.jpg,Dickies,39.00 EUR,in_stock,Streetbrand OÜ,EE,true,false,true
DK0A4YSXBLK1_L_CNF,Work shirt cropped ss w,Spordiriided ballzy veebipoest. Vaata lähemalt ballzy.eu.,https://ballzy.eu/et/product/work-shirt-cropped-ss-w-dk0a4ysxblk1-l-cnf,https://backend.ballzy.eu/media/catalog/product/d/i/dickies-work-shirt-cropped-ss-w-must-sxn7.jpg,Dickies,59.00 EUR,in_stock,Streetbrand OÜ,EE,true,false,true
DK0A4YSXKHK1_M_CNF,Work shirt cropped ss w,Spordiriided ballzy veebipoest. Vaata lähemalt ballzy.eu.,https://ballzy.eu/et/product/work-shirt-cropped-ss-w-dk0a4ysxkhk1-m-cnf,https://backend.ballzy.eu/media/catalog/product/d/i/dickies-work-shirt-cropped-ss-w-bee-zbec.jpg,Dickies,59.00 EUR,in_stock,Streetbrand OÜ,EE,true,false,true
DK0A4YV7BLK1_L_CNF,Jackson skirt w,Spordiriided ballzy veebipoest. Vaata lähemalt ballzy.eu.,https://ballzy.eu/et/product/jackson-skirt-w-dk0a4yv7blk1-l-cnf,https://backend.ballzy.eu/media/catalog/product/d/i/dickies-jackson-skirt-w-must-fkaq.jpg,Dickies,89.00 EUR,in_stock,Streetbrand OÜ,EE,true,false,true
18315_21_CNF,Winnie,Spordiriided ballzy veebipoest. Vaata lähemalt ballzy.eu.,https://ballzy.eu/et/product/winnie-18315-21-cnf,https://backend.ballzy.eu/media/catalog/product/a/-/a-kj-rbede-winnie-valge-5r82.jpg,A_kjÆrbede,29.00 EUR,in_stock,Streetbrand OÜ,EE,true,false,true
KL1708_8_CNF,Marvin,Spordiriided ballzy veebipoest. Vaata lähemalt ballzy.eu.,https://ballzy.eu/et/product/marvin-kl1708-8-cnf,https://backend.ballzy.eu/media/catalog/product/a/-/a-kj-rbede-marvin-pruun-gugm.jpg,A_kjÆrbede,29.00 EUR,in_stock,Streetbrand OÜ,EE,true,false,true
KL17208_1_CNF,Marvin,Spordiriided ballzy veebipoest. Vaata lähemalt ballzy.eu.,https://ballzy.eu/et/product/marvin-kl17208-1-cnf,https://backend.ballzy.eu/media/catalog/product/a/-/a-kj-rbede-marvin-must-h0g5.jpg,A_kjÆrbede,29.00 EUR,in_stock,Streetbrand OÜ,EE,true,false,true
KL2408_006_CNF,Anma,Spordiriided ballzy veebipoest. Vaata lähemalt ballzy.eu.,https://ballzy.eu/et/product/anma-kl2408-006-cnf,https://backend.ballzy.eu/media/catalog/product/a/-/a-kj-rbede-anma-must-0f9c.jpg,A_kjÆrbede,29.00 EUR,in_stock,Streetbrand OÜ,EE,true,false,true
KL2410_006_CNF,Alex,Spordiriided ballzy veebipoest. Vaata lähemalt ballzy.eu.,https://ballzy.eu/et/product/alex-kl2410-006-cnf,https://backend.ballzy.eu/media/catalog/product/a/-/a-kj-rbede-alex-pruun-1xkr.jpg,A_kjÆrbede,29.00 EUR,in_stock,Streetbrand OÜ,EE,true,false,true
39681302_4_CNF,Creeper phatty,Spordiriided ballzy veebipoest. Vaata lähemalt ballzy.eu.,https://ballzy.eu/et/product/creeper-phatty-39681302-4-cnf,https://backend.ballzy.eu/media/catalog/product/p/u/puma-creeper-phatty-roheline-6k2d.jpg,Puma,159.00 EUR,in_stock,Streetbrand OÜ,EE,true,false,true
I032741_1YEGD_XS_CNF,W´ hooded nelson sweat,Spordiriided ballzy veebipoest. Vaata lähemalt ballzy.eu.,https://ballzy.eu/et/product/w-hooded-nelson-sweat-i032741-1yegd-xs-cnf,https://backend.ballzy.eu/media/catalog/product/c/a/carhartt-w-hooded-nelson-sweat-hall-ybyf.jpg,Carhartt WIP,119.00 EUR,in_stock,Streetbrand OÜ,EE,true,false,true
I033215_00BXX_0_CNF,Class of 89 cap,Spordiriided ballzy veebipoest. Vaata lähemalt ballzy.eu.,https://ballzy.eu/et/product/class-of-89-cap-i033215-00bxx-0-cnf,https://backend.ballzy.eu/media/catalog/product/c/a/carhartt-class-of-89-cap-must-vobn.jpg,Carhartt WIP,54.00 EUR,in_stock,Streetbrand OÜ,EE,true,false,true
DK0A4YS6DNX1_L_CNF,Fishersville shirt,Spordiriided ballzy veebipoest. Vaata lähemalt ballzy.eu.,https://ballzy.eu/et/product/fishersville-shirt-dk0a4ys6dnx1-l-cnf,https://backend.ballzy.eu/media/catalog/product/d/i/dickies-fishersville-shirt-sinine-j7hj.jpg,Dickies,69.00 EUR,in_stock,Streetbrand OÜ,EE,true,false,true
DK0A4YSLSS01_L_CNF,Fincastle short,Spordiriided ballzy veebipoest. Vaata lähemalt ballzy.eu.,https://ballzy.eu/et/product/fincastle-short-dk0a4yslss01-l-cnf,https://backend.ballzy.eu/media/catalog/product/d/i/dickies-fincastle-short-bee-woug.jpg,Dickies,69.00 EUR,in_stock,Streetbrand OÜ,EE,true,false,true
I029789_29KGD_26_CNF,W´ collins pant,Spordiriided ballzy veebipoest. Vaata lähemalt ballzy.eu.,https://ballzy.eu/et/product/w-collins-pant-i029789-29kgd-26-cnf,https://backend.ballzy.eu/media/catalog/product/c/a/carhartt-w-collins-pant-hall-iih9.jpg,Carhartt WIP,119.00 EUR,in_stock,Streetbrand OÜ,EE,true,false,true
I029789_29LGD_26_CNF,W´ collins pant,Spordiriided ballzy veebipoest. Vaata lähemalt ballzy.eu.,https://ballzy.eu/et/product/w-collins-pant-i029789-29lgd-26-cnf,https://backend.ballzy.eu/media/catalog/product/c/a/carhartt-w-collins-pant-must-mxyz.jpg,Carhartt WIP,119.00 EUR,in_stock,Streetbrand OÜ,EE,true,false,true
I033568_89GD_S_CNF,W´ norris jacket,Spordiriided ballzy veebipoest. Vaata lähemalt ballzy.eu.,https://ballzy.eu/et/product/w-norris-jacket-i033568-89gd-s-cnf,https://backend.ballzy.eu/media/catalog/product/c/a/carhartt-w-norris-jacket-must-l5lk.jpg,Carhartt WIP,229.00 EUR,in_stock,Streetbrand OÜ,EE,true,false,true
I033648_2AXXX_S_CNF,W´ hooded carhartt sweatshirt,Spordiriided ballzy veebipoest. Vaata lähemalt ballzy.eu.,https://ballzy.eu/et/product/w-hooded-carhartt-sweatshirt-i033648-2axxx-s-cnf,https://backend.ballzy.eu/media/catalog/product/c/a/carhartt-w-hooded-carhartt-sweatshirt-must-lsnf.jpg,Carhartt WIP,99.00 EUR,in_stock,Streetbrand OÜ,EE,true,false,true
I033661_00MXX_S_CNF,Hooded chase sweat,Spordiriided ballzy veebipoest. Vaata lähemalt ballzy.eu.,https://ballzy.eu/et/product/hooded-chase-sweat-i033661-00mxx-s-cnf,https://backend.ballzy.eu/media/catalog/product/c/a/carhartt-hooded-chase-sweat-hall-9aqk.jpg,Carhartt WIP,89.00 EUR,in_stock,Streetbrand OÜ,EE,true,false,true
I033688_89XX_S_CNF,W´ hooded lips sweat,Spordiriided ballzy veebipoest. Vaata lähemalt ballzy.eu.,https://ballzy.eu/et/product/w-hooded-lips-sweat-i033688-89xx-s-cnf,https://backend.ballzy.eu/media/catalog/product/c/a/carhartt-w-hooded-lips-sweat-must-sdce.jpg,Carhartt WIP,129.00 EUR,in_stock,Streetbrand OÜ,EE,true,false,true
I033716_89XX_S_CNF,W´ norlina sweater,Spordiriided ballzy veebipoest. Vaata lähemalt ballzy.eu.,https://ballzy.eu/et/product/w-norlina-sweater-i033716-89xx-s-cnf,https://backend.ballzy.eu/media/catalog/product/c/a/carhartt-w-norlina-sweater-must-uvf0.jpg,Carhartt WIP,119.00 EUR,in_stock,Streetbrand OÜ,EE,true,false,true
60298668_OSFM_CNF,Ne heritage script 9twenty,Spordiriided ballzy veebipoest. Vaata lähemalt ballzy.eu.,https://ballzy.eu/et/product/ne-heritage-script-9twenty-60298668-osfm-cnf,https://backend.ballzy.eu/media/catalog/product/n/e/newera-ne-heritage-script-9twenty-bee-q8bl.jpg,New Era,34.00 EUR,in_stock,Streetbrand OÜ,EE,true,false,true
60503378_OSFM_CNF,League ess 9forty yankees,Spordiriided ballzy veebipoest. Vaata lähemalt ballzy.eu.,https://ballzy.eu/et/product/league-ess-9forty-yankees-60503378-osfm-cnf,https://backend.ballzy.eu/media/catalog/product/n/e/newera-league-ess-9forty-yankees-pruun-clho.jpg,New Era,29.00 EUR,in_stock,Streetbrand OÜ,EE,true,false,true
60503379_OSFM_CNF,League ess 9forty yankees,Spordiriided ballzy veebipoest. Vaata lähemalt ballzy.eu.,https://ballzy.eu/et/product/league-ess-9forty-yankees-60503379-osfm-cnf,https://backend.ballzy.eu/media/catalog/product/n/e/newera-league-ess-9forty-yankees-roheline-n2o7.jpg,New Era,29.00 EUR,in_stock,Streetbrand OÜ,EE,true,false,true
PV2002ST_1_CNF,New balance 2002 kids hook &amp; loop,Spordiriided ballzy veebipoest. Vaata lähemalt ballzy.eu.,https://ballzy.eu/et/product/new-balance-2002-kids-hook-loop-pv2002st-1-cnf,https://backend.ballzy.eu/media/catalog/product/n/e/new-balance-new-balance-2002-kids-hook-loop-hall-koom.jpg,New Balance,99.00 EUR,in_stock,Streetbrand OÜ,EE,true,false,true
I026235_22JXX_S_CNF,Chase swim trunks,Spordiriided ballzy veebipoest. Vaata lähemalt ballzy.eu.,https://ballzy.eu/et/product/chase-swim-trunks-i026235-22jxx-s-cnf,https://backend.ballzy.eu/media/catalog/product/c/a/carhartt-chase-swim-trunks-oran-rtxm.jpg,Carhartt WIP,59.00 EUR,in_stock,Streetbrand OÜ,EE,true,false,true
I031536_24NXX_S_CNF,Slater swim trunks,Spordiriided ballzy veebipoest. Vaata lähemalt ballzy.eu.,https://ballzy.eu/et/product/slater-swim-trunks-i031536-24nxx-s-cnf,https://backend.ballzy.eu/media/catalog/product/c/a/carhartt-slater-swim-trunks-sinine-jqbq.jpg,Carhartt WIP,74.00 EUR,in_stock,Streetbrand OÜ,EE,true,false,true
I033621_2B106_M_CNF,Hooded stamp sweat,Spordiriided ballzy veebipoest. Vaata lähemalt ballzy.eu.,https://ballzy.eu/et/product/hooded-stamp-sweat-i033621-2b106-m-cnf,https://backend.ballzy.eu/media/catalog/product/c/a/carhartt-hooded-stamp-sweat-roheline-svnj.jpg,Carhartt WIP,109.00 EUR,in_stock,Streetbrand OÜ,EE,true,false,true
I033699_1YHXX_M_CNF,Ducks jacket,Spordiriided ballzy veebipoest. Vaata lähemalt ballzy.eu.,https://ballzy.eu/et/product/ducks-jacket-i033699-1yhxx-m-cnf,https://backend.ballzy.eu/media/catalog/product/c/a/carhartt-ducks-jacket-punane-aaqr.jpg,Carhartt WIP,229.00 EUR,in_stock,Streetbrand OÜ,EE,true,false,true
I033699_89XX_M_CNF,Ducks jacket,Spordiriided ballzy veebipoest. Vaata lähemalt ballzy.eu.,https://ballzy.eu/et/product/ducks-jacket-i033699-89xx-m-cnf,https://backend.ballzy.eu/media/catalog/product/c/a/carhartt-ducks-jacket-must-ivx8.jpg,Carhartt WIP,229.00 EUR,in_stock,Streetbrand OÜ,EE,true,false,true
I033715_89XX_XS_CNF,W´ s/s norlina polo,Spordiriided ballzy veebipoest. Vaata lähemalt ballzy.eu.,https://ballzy.eu/et/product/w-s-s-norlina-polo-i033715-89xx-xs-cnf,https://backend.ballzy.eu/media/catalog/product/c/a/carhartt-w-s-s-norlina-polo-must-giwj.jpg,Carhartt WIP,89.00 EUR,in_stock,Streetbrand OÜ,EE,true,false,true
KL1910_4_CNF,Bate,Spordiriided ballzy veebipoest. Vaata lähemalt ballzy.eu.,https://ballzy.eu/et/product/bate-kl1910-4-cnf,https://backend.ballzy.eu/media/catalog/product/a/-/a-kj-rbede-bate-hall-ynog.jpg,A_kjÆrbede,29.00 EUR,in_stock,Streetbrand OÜ,EE,true,false,true
KL2410_002_CNF,Alex,Spordiriided ballzy veebipoest. Vaata lähemalt ballzy.eu.,https://ballzy.eu/et/product/alex-kl2410-002-cnf,https://backend.ballzy.eu/media/catalog/product/a/-/a-kj-rbede-alex-must-9wt3.jpg,A_kjÆrbede,29.00 EUR,in_stock,Streetbrand OÜ,EE,true,false,true
OJZP7520_CBUYYPPPBLCK_S_CNF,Stateside pastel bomber jacket,Spordiriided ballzy veebipoest. Vaata lähemalt ballzy.eu.,https://ballzy.eu/et/product/stateside-pastel-bomber-jacket-ojzp7520-cbuyypppblck-s-cnf,https://backend.ballzy.eu/media/catalog/product/m/i/mitchell-and-ness-stateside-pastel-bomber-jacket-must-q4nx.jpg,Mitchell &amp; Ness,139.00 EUR,in_stock,Streetbrand OÜ,EE,true,false,true
60416759_L_CNF,Nos nba regular hoody bulls,Spordiriided ballzy veebipoest. Vaata lähemalt ballzy.eu.,https://ballzy.eu/et/product/nos-nba-regular-hoody-bulls-60416759-l-cnf,https://backend.ballzy.eu/media/catalog/product/n/e/newera-nos-nba-regular-hoody-bulls-must-m3pg.jpg,New Era,74.00 EUR,in_stock,Streetbrand OÜ,EE,true,false,true
60503407_OSFM_CNF,Team outline 9forty losdod whiswb osfm,Spordiriided ballzy veebipoest. Vaata lähemalt ballzy.eu.,https://ballzy.eu/et/product/team-outline-9forty-losdod-whiswb-osfm-60503407-osfm-cnf,https://backend.ballzy.eu/media/catalog/product/n/e/newera-team-outline-9forty-losdod-whiswb-osfm-valge-ceij.jpg,New Era,29.00 EUR,in_stock,Streetbrand OÜ,EE,true,false,true
60503550_OSFM_CNF,Character trucker rick and morty,Spordiriided ballzy veebipoest. Vaata lähemalt ballzy.eu.,https://ballzy.eu/et/product/character-trucker-rick-and-morty-60503550-osfm-cnf,https://backend.ballzy.eu/media/catalog/product/n/e/newera-character-trucker-rick-and-morty-roheline-ribw.jpg,New Era,34.00 EUR,in_stock,Streetbrand OÜ,EE,true,false,true
60503559_OSFM_CNF,Ne canvas 9twenty,Spordiriided ballzy veebipoest. Vaata lähemalt ballzy.eu.,https://ballzy.eu/et/product/ne-canvas-9twenty-60503559-osfm-cnf,https://backend.ballzy.eu/media/catalog/product/n/e/newera-ne-canvas-9twenty-bee-val6.jpg,New Era,34.00 EUR,in_stock,Streetbrand OÜ,EE,true,false,true
60503560_OSFM_CNF,Ne canvas 9twenty,Spordiriided ballzy veebipoest. Vaata lähemalt ballzy.eu.,https://ballzy.eu/et/product/ne-canvas-9twenty-60503560-osfm-cnf,https://backend.ballzy.eu/media/catalog/product/n/e/newera-ne-canvas-9twenty-sinine-n99e.jpg,New Era,34.00 EUR,in_stock,Streetbrand OÜ,EE,true,false,true
60503574_OSFM_CNF,Nba eframe suns,Spordiriided ballzy veebipoest. Vaata lähemalt ballzy.eu.,https://ballzy.eu/et/product/nba-eframe-suns-60503574-osfm-cnf,https://backend.ballzy.eu/media/catalog/product/n/e/newera-nba-eframe-suns-must-hok2.jpg,New Era,34.00 EUR,in_stock,Streetbrand OÜ,EE,true,false,true
60503588_OSFM_CNF,Nba 9forty bulls,Spordiriided ballzy veebipoest. Vaata lähemalt ballzy.eu.,https://ballzy.eu/et/product/nba-9forty-bulls-60503588-osfm-cnf,https://backend.ballzy.eu/media/catalog/product/n/e/newera-nba-9forty-bulls-valge-1h9c.jpg,New Era,34.00 EUR,in_stock,Streetbrand OÜ,EE,true,false,true
60503599_ML_CNF,New era script 39thirty,Spordiriided ballzy veebipoest. Vaata lähemalt ballzy.eu.,https://ballzy.eu/et/product/new-era-script-39thirty-60503599-ml-cnf,https://backend.ballzy.eu/media/catalog/product/n/e/newera-new-era-script-39thirty-bee-tqqy.jpg,New Era,34.00 EUR,in_stock,Streetbrand OÜ,EE,true,false,true
60503602_ML_CNF,New era script 39thirty,Spordiriided ballzy veebipoest. Vaata lähemalt ballzy.eu.,https://ballzy.eu/et/product/new-era-script-39thirty-60503602-ml-cnf,https://backend.ballzy.eu/media/catalog/product/n/e/newera-new-era-script-39thirty-must-xz4l.jpg,New Era,34.00 EUR,in_stock,Streetbrand OÜ,EE,true,false,true
60503607_OSFM_CNF,New era 9forty,Spordiriided ballzy veebipoest. Vaata lähemalt ballzy.eu.,https://ballzy.eu/et/product/new-era-9forty-60503607-osfm-cnf,https://backend.ballzy.eu/media/catalog/product/n/e/newera-new-era-9forty-must-zceu.jpg,New Era,29.00 EUR,in_stock,Streetbrand OÜ,EE,true,false,true
60503608_OSFM_CNF,New era 9forty,Spordiriided ballzy veebipoest. Vaata lähemalt ballzy.eu.,https://ballzy.eu/et/product/new-era-9forty-60503608-osfm-cnf,https://backend.ballzy.eu/media/catalog/product/n/e/newera-new-era-9forty-valge-yp6t.jpg,New Era,29.00 EUR,in_stock,Streetbrand OÜ,EE,true,false,true
60503610_OSFM_CNF,Wmns velour 9forty dodgers,Spordiriided ballzy veebipoest. Vaata lähemalt ballzy.eu.,https://ballzy.eu/et/product/wmns-velour-9forty-dodgers-60503610-osfm-cnf,https://backend.ballzy.eu/media/catalog/product/n/e/newera-wmns-velour-9forty-dodgers-roosa-e9of.jpg,New Era,34.00 EUR,in_stock,Streetbrand OÜ,EE,true,false,true
60503615_OSFM_CNF,League ess 9twenty dodgers,Spordiriided ballzy veebipoest. Vaata lähemalt ballzy.eu.,https://ballzy.eu/et/product/league-ess-9twenty-dodgers-60503615-osfm-cnf,https://backend.ballzy.eu/media/catalog/product/n/e/newera-league-ess-9twenty-dodgers-sinine-cr4b.jpg,New Era,29.00 EUR,in_stock,Streetbrand OÜ,EE,true,false,true
60503623_OSFM_CNF,Wmns metallic logo 9forty dodgers,Spordiriided ballzy veebipoest. Vaata lähemalt ballzy.eu.,https://ballzy.eu/et/product/wmns-metallic-logo-9forty-dodgers-60503623-osfm-cnf,https://backend.ballzy.eu/media/catalog/product/n/e/newera-wmns-metallic-logo-9forty-dodgers-sinine-mup4.jpg,New Era,34.00 EUR,in_stock,Streetbrand OÜ,EE,true,false,true
60503630_OSFM_CNF,Ne heritage script 9twenty,Spordiriided ballzy veebipoest. Vaata lähemalt ballzy.eu.,https://ballzy.eu/et/product/ne-heritage-script-9twenty-60503630-osfm-cnf,https://backend.ballzy.eu/media/catalog/product/n/e/newera-ne-heritage-script-9twenty-sinine-bgwu.jpg,New Era,34.00 EUR,in_stock,Streetbrand OÜ,EE,true,false,true
60503771_OSFM_CNF,Monogram side bag yankees,Spordiriided ballzy veebipoest. Vaata lähemalt ballzy.eu.,https://ballzy.eu/et/product/monogram-side-bag-yankees-60503771-osfm-cnf,https://backend.ballzy.eu/media/catalog/product/n/e/newera-monogram-side-bag-yankees-must-xcla.jpg,New Era,29.00 EUR,in_stock,Streetbrand OÜ,EE,true,false,true
60503776_OSFM_CNF,Ne graphic tote bag,Spordiriided ballzy veebipoest. Vaata lähemalt ballzy.eu.,https://ballzy.eu/et/product/ne-graphic-tote-bag-60503776-osfm-cnf,https://backend.ballzy.eu/media/catalog/product/n/e/newera-ne-graphic-tote-bag-bee-fh8h.jpg,New Era,24.00 EUR,in_stock,Streetbrand OÜ,EE,true,false,true
60503777_OSFM_CNF,Ne graphic tote bag,Spordiriided ballzy veebipoest. Vaata lähemalt ballzy.eu.,https://ballzy.eu/et/product/ne-graphic-tote-bag-60503777-osfm-cnf,https://backend.ballzy.eu/media/catalog/product/n/e/newera-ne-graphic-tote-bag-bee-pyug.jpg,New Era,24.00 EUR,in_stock,Streetbrand OÜ,EE,true,false,true
60505459_L_CNF,Nos nba regular tee celtics,Spordiriided ballzy veebipoest. Vaata lähemalt ballzy.eu.,https://ballzy.eu/et/product/nos-nba-regular-tee-celtics-60505459-l-cnf,https://backend.ballzy.eu/media/catalog/product/n/e/newera-nos-nba-regular-tee-celtics-must-zlcy.jpg,New Era,29.00 EUR,in_stock,Streetbrand OÜ,EE,true,false,true
60505464_L_CNF,Nos nba regular tee mavericks,Spordiriided ballzy veebipoest. Vaata lähemalt ballzy.eu.,https://ballzy.eu/et/product/nos-nba-regular-tee-mavericks-60505464-l-cnf,https://backend.ballzy.eu/media/catalog/product/n/e/newera-nos-nba-regular-tee-mavericks-sinine-dblu.jpg,New Era,29.00 EUR,in_stock,Streetbrand OÜ,EE,true,false,true
62401587_S_CNF,Mmq striped tee,Spordiriided ballzy veebipoest. Vaata lähemalt ballzy.eu.,https://ballzy.eu/et/product/mmq-striped-tee-62401587-s-cnf,https://backend.ballzy.eu/media/catalog/product/p/u/puma-mmq-striped-tee-valge-ixgf.jpg,Puma,59.00 EUR,in_stock,Streetbrand OÜ,EE,true,false,true
62462960_XS_CNF,Puma x sophia chang graphic hoodie,Spordiriided ballzy veebipoest. Vaata lähemalt ballzy.eu.,https://ballzy.eu/et/product/puma-x-sophia-chang-graphic-hoodie-62462960-xs-cnf,https://backend.ballzy.eu/media/catalog/product/p/u/puma-puma-x-sophia-chang-graphic-hoodie-lilla-cpzc.jpg,Puma,119.00 EUR,in_stock,Streetbrand OÜ,EE,true,false,true
62463101_XS_CNF,Puma x sophia chang aop wide leg pants,Spordiriided ballzy veebipoest. Vaata lähemalt ballzy.eu.,https://ballzy.eu/et/product/puma-x-sophia-chang-aop-wide-leg-pants-62463101-xs-cnf,https://backend.ballzy.eu/media/catalog/product/p/u/puma-puma-x-sophia-chang-aop-wide-leg-pants-must-j1qs.jpg,Puma,129.00 EUR,in_stock,Streetbrand OÜ,EE,true,false,true
FN5816_010_2XL_CNF,M j df sprt mesh short,"ballin'. loungin'. makin' moves. mida iganes teil on vaja teha, saate seda nendes lühikestes pükstes, mis on valmistatud hingavast võrgust, mida on täiustatud higi eemaldava tehnoloogiaga&hellip; toote omadused: nike dri-fit tehnoloogia viib higi nahast eemale, et see aurustuks kiiremini, aidates sul kuivana ja mugavalt püsida&hellip; vöökohal olev pingutuspael võimaldab püksid tihedalt kinni tõmmata&hellip; küljetaskud võimaldavad sul hõlpsasti hoida oma väikseid esemeid&hellip; Vaata lähemalt ballzy.eu.",https://ballzy.eu/et/product/m-j-df-sprt-mesh-short-fn5816-010-2xl-cnf,https://backend.ballzy.eu/media/catalog/product/j/o/jordan-m-j-df-sprt-mesh-short-must-emax.jpg,Jordan,49.00 EUR,in_stock,Streetbrand OÜ,EE,true,false,true
VN0009QCDBS1_050_CNF,Knu skool,Spordiriided ballzy veebipoest. Vaata lähemalt ballzy.eu.,https://ballzy.eu/et/product/knu-skool-vn0009qcdbs1-050-cnf,https://backend.ballzy.eu/media/catalog/product/v/a/vans-knu-skool-bee-xmvc.jpg,Vans,94.00 EUR,in_stock,Streetbrand OÜ,EE,true,false,true
VN000G7FD0D1_L_CNF,Carnell ss woven,"Vans carnell ss woven valge lühikeste varrukatega särk meestele on valmistatud puuvillast ja linasest, et tagada hingav ja mugav kandmine. klassikaline lõige pakub igapäevasteks riieteks mugavat ning lihtsalt kantavat tunnet, samas kui kogu ulatuses olev muster toob juurde puhta ja stiilse välimuse. Vaata lähemalt ballzy.eu.",https://ballzy.eu/et/product/carnell-ss-woven-vn000g7fd0d1-l-cnf,https://backend.ballzy.eu/media/catalog/product/v/a/vans-carnell-ss-woven-valge-ak5i.jpg,Vans,74.00 EUR,in_stock,Streetbrand OÜ,EE,true,false,true
VN000GJVFS81_L_CNF,Sabine short,Spordiriided ballzy veebipoest. Vaata lähemalt ballzy.eu.,https://ballzy.eu/et/product/sabine-short-vn000gjvfs81-l-cnf,https://backend.ballzy.eu/media/catalog/product/v/a/vans-sabine-short-valge-uenq.jpg,Vans,59.00 EUR,in_stock,Streetbrand OÜ,EE,true,false,true
CW6407_140_MISC_CNF,Jordan l91 cap jm air,Spordiriided ballzy veebipoest. Vaata lähemalt ballzy.eu.,https://ballzy.eu/et/product/jordan-l91-cap-jm-air-cw6407-140-misc-cnf,https://backend.ballzy.eu/media/catalog/product/j/o/jordan-jordan-l91-cap-jm-air-multicolor-m3cx.jpg,Jordan,34.00 EUR,in_stock,Streetbrand OÜ,EE,true,false,true
SX7587_100_S_CNF,U nk elite crew - nba,"parimad piljutajad&hellip; nike elite nba crew sokid on mängijate valik mugavuse ja toe tagamiseks. need'on valmistatud esmaklassilisest kudumilõngast, millel on higistav tehnoloogia ja pehmendus seal, kus see on oluline. sokid on märgistatud nba logoga ja tähistatud vertikaalselt nike basketballi tipptasemel elite triibuga&hellip; tooteomadused: premium kudumkangas koos higistamistehnoloogiaga aitab sul kuivana ja mugavalt püsida&hellip; pehmendused jalgade all olevates võtmekoh Vaata lähemalt ballzy.eu.",https://ballzy.eu/et/product/u-nk-elite-crew-nba-sx7587-100-s-cnf,https://backend.ballzy.eu/media/catalog/product/n/i/nike-u-nk-elite-crew-nba-valge-hdqp.jpg,Nike,19.00 EUR,in_stock,Streetbrand OÜ,EE,true,false,true
IH2659_4_CNF,Campus 00s w,"astu välja stiilselt nendes adidas campus 00s kingades. need kingad on tugevalt mõjutatud 2000ndate rulaajastust, võttes klassikalise campus 80s ikoonilise välimuse ja uuendades seda julgete uute proportsioonidega. veluurnahast ja nahast pealisosa ning kummist välistald tagavad koheselt äratuntava pärandistiili. kaasaegsed nüansid on ülisuurte 3 triipude ja laiade trükitud pitside kujul. need jalatsid on täiuslik segu vanast ja uuest ning annavad igal sammul märku. </h Vaata lähemalt ballzy.eu.",https://ballzy.eu/et/product/campus-00s-w-ih2659-4-cnf,https://backend.ballzy.eu/media/catalog/product/a/d/adidas-campus-00s-w-must-szos.jpg,adidas Originals,119.00 EUR,in_stock,Streetbrand OÜ,EE,true,false,true
IJ0733_S_CNF,Crew sock 3str,"põhitõdedega ei saa kunagi valesti minna. ja nende adidas´i meeskonnasokkidega saad igapäevaelu jaoks sobivad nii kontorisse, skateparki kui ka kõikjale vahepealsesse kohta. nende mugav puuvillasegu pakub kerget pehmendust, samal ajal kui 3 triipu ja trefoil logo lisavad sinu garderoobile klassikalise välimuse. kõikidel päevadel, kui sa ei tea, mida kanda, alusta neist sokkidest ja ehita need üles. vähemalt 50% sellest tootest on segu taaskasutatud ja taastuvatest materjalidest. Vaata lähemalt ballzy.eu.",https://ballzy.eu/et/product/crew-sock-3str-ij0733-s-cnf,https://backend.ballzy.eu/media/catalog/product/a/d/adidas-crew-sock-3str-valge-kcjf.jpg,adidas Originals,19.00 EUR,in_stock,Streetbrand OÜ,EE,true,false,true
JH9095_4_CNF,Campus 00s w,"proportsioonid on muutumas ja isiklik stiil valitseb. uue perspektiiviga meie campus 80s´ile näitavad need adidas´i trennid julget lihtsust oma parimas vormis puhta mokkamoe pealse ja klassikaliste kontrastsete 3 triibuga. uuendatud proportsioonid, mis on inspireeritud 2000ndate rulaajastust, toovad sinu igapäevastesse stiilidesse autentse, enesemääratletud meeleolu. Vaata lähemalt ballzy.eu.",https://ballzy.eu/et/product/campus-00s-w-jh9095-4-cnf,https://backend.ballzy.eu/media/catalog/product/a/d/adidas-campus-00s-w-roheline-bfer.jpg,adidas Originals,119.00 EUR,in_stock,Streetbrand OÜ,EE,true,false,true
60416758_L_CNF,Nos nba regular hoody lakers,Spordiriided ballzy veebipoest. Vaata lähemalt ballzy.eu.,https://ballzy.eu/et/product/nos-nba-regular-hoody-lakers-60416758-l-cnf,https://backend.ballzy.eu/media/catalog/product/n/e/newera-nos-nba-regular-hoody-lakers-hall-d2py.jpg,New Era,74.00 EUR,in_stock,Streetbrand OÜ,EE,true,false,true
I033608_87XX_M_CNF,Balto jacket,Spordiriided ballzy veebipoest. Vaata lähemalt ballzy.eu.,https://ballzy.eu/et/product/balto-jacket-i033608-87xx-m-cnf,https://backend.ballzy.eu/media/catalog/product/c/a/carhartt-balto-jacket-must-na8o.jpg,Carhartt WIP,249.00 EUR,in_stock,Streetbrand OÜ,EE,true,false,true
I033616_87XX_M_CNF,Balto pant,Spordiriided ballzy veebipoest. Vaata lähemalt ballzy.eu.,https://ballzy.eu/et/product/balto-pant-i033616-87xx-m-cnf,https://backend.ballzy.eu/media/catalog/product/c/a/carhartt-balto-pant-must-8y0s.jpg,Carhartt WIP,149.00 EUR,in_stock,Streetbrand OÜ,EE,true,false,true
FQ1759_001_8_CNF,Jordan spizike low,"spizike võtab elemendid neljast ikoonilisest jordanist, ühendab need ja annab sulle ühe kindla tossu. ja see toimib kui austusavaldus spike lee´le ja kuulsale hollywoodi/kõrvikute reklaamikampaaniale. nii et saad hea välimusega jalanõude paari, millel on ajalugu. mida enamat saab veel küsida? toote omadused: nahast ja tekstiilist pealne annab sulle vastupidavuse&hellip; võrgupaneelid lisavad ventilatsiooni&hellip; nike air tehnoloogia neelab lööki ja tagab pehmenduse igal sammul& Vaata lähemalt ballzy.eu.",https://ballzy.eu/et/product/jordan-spizike-low-fq1759-001-8-cnf,https://backend.ballzy.eu/media/catalog/product/j/o/jordan-jordan-spizike-low-must-gau7.jpg,Jordan,189.00 EUR,in_stock,Streetbrand OÜ,EE,true,false,true
DK0A4Y1BWHX1_XS_CNF,Summerdale tee ss w,Spordiriided ballzy veebipoest. Vaata lähemalt ballzy.eu.,https://ballzy.eu/et/product/summerdale-tee-ss-w-dk0a4y1bwhx1-xs-cnf,https://backend.ballzy.eu/media/catalog/product/d/i/dickies-summerdale-tee-ss-w-valge-zhkc.jpg,Dickies,39.00 EUR,in_stock,Streetbrand OÜ,EE,true,false,true
60416754_L_CNF,Nos nba regular tee warriors,Spordiriided ballzy veebipoest. Vaata lähemalt ballzy.eu.,https://ballzy.eu/et/product/nos-nba-regular-tee-warriors-60416754-l-cnf,https://backend.ballzy.eu/media/catalog/product/n/e/newera-nos-nba-regular-tee-warriors-hall-prji.jpg,New Era,29.00 EUR,in_stock,Streetbrand OÜ,EE,true,false,true
60416756_L_CNF,Nos nba regular tee lakers,Spordiriided ballzy veebipoest. Vaata lähemalt ballzy.eu.,https://ballzy.eu/et/product/nos-nba-regular-tee-lakers-60416756-l-cnf,https://backend.ballzy.eu/media/catalog/product/n/e/newera-nos-nba-regular-tee-lakers-must-37zh.jpg,New Era,29.00 EUR,in_stock,Streetbrand OÜ,EE,true,false,true
I025061_1NK02_26_CNF,W´ master pant,Spordiriided ballzy veebipoest. Vaata lähemalt ballzy.eu.,https://ballzy.eu/et/product/w-master-pant-i025061-1nk02-26-cnf,https://backend.ballzy.eu/media/catalog/product/c/a/carhartt-w-master-pant-hall-ufgx.jpg,Carhartt WIP,79.00 EUR,in_stock,Streetbrand OÜ,EE,true,false,true
FQ1598_402_8_CNF,Jordan jumpman slide,"mis on alati teie jaoks olemas, kui te neid kõige rohkem vajate: slaidid. naudi paksu, kerge vahtpolsterduse pehmendust rannapäevade või mängujärgse hängimise ajal&hellip; toote omadused: pehme rihm on jalale kerge&hellip; tallal on tekstuurne jalapõhi, mis pakub toetavamat pehmendust&hellip; fischbone-muster välistallal tagab haardumise&hellip; toote omaduste alapealkirjad: Vaata lähemalt ballzy.eu.",https://ballzy.eu/et/product/jordan-jumpman-slide-fq1598-402-8-cnf,https://backend.ballzy.eu/media/catalog/product/j/o/jordan-jordan-jumpman-slide-sinine-iu76.jpg,Jordan,44.00 EUR,in_stock,Streetbrand OÜ,EE,true,false,true
60565266_OSFM_CNF,Wmns jacquard 9forty yankees,Spordiriided ballzy veebipoest. Vaata lähemalt ballzy.eu.,https://ballzy.eu/et/product/wmns-jacquard-9forty-yankees-60565266-osfm-cnf,https://backend.ballzy.eu/media/catalog/product/n/e/newera-wmns-jacquard-9forty-yankees-must-1b0a.jpg,New Era,34.00 EUR,in_stock,Streetbrand OÜ,EE,true,false,true
60565270_OSFM_CNF,Wmns jacquard 9forty yankees,Spordiriided ballzy veebipoest. Vaata lähemalt ballzy.eu.,https://ballzy.eu/et/product/wmns-jacquard-9forty-yankees-60565270-osfm-cnf,https://backend.ballzy.eu/media/catalog/product/n/e/newera-wmns-jacquard-9forty-yankees-roosa-tvob.jpg,New Era,34.00 EUR,in_stock,Streetbrand OÜ,EE,true,false,true
DK0A4XK3KHK1_30_32_CNF,Double knee rec,Spordiriided ballzy veebipoest. Vaata lähemalt ballzy.eu.,https://ballzy.eu/et/product/double-knee-rec-dk0a4xk3khk1-30-32-cnf,https://backend.ballzy.eu/media/catalog/product/d/i/dickies-double-knee-rec-bee-zjwf.jpg,Dickies,79.00 EUR,in_stock,Streetbrand OÜ,EE,true,false,true
DK0A4XK6MR11_32_32_CNF,874 work pant,Spordiriided ballzy veebipoest. Vaata lähemalt ballzy.eu.,https://ballzy.eu/et/product/874-work-pant-dk0a4xk6mr11-32-32-cnf,https://backend.ballzy.eu/media/catalog/product/d/i/dickies-874-work-pant-bee-zqwx.jpg,Dickies,79.00 EUR,in_stock,Streetbrand OÜ,EE,true,false,true
DK0A4Y26BLK1_L_CNF,Work shirt ls,Spordiriided ballzy veebipoest. Vaata lähemalt ballzy.eu.,https://ballzy.eu/et/product/work-shirt-ls-dk0a4y26blk1-l-cnf,https://backend.ballzy.eu/media/catalog/product/d/i/dickies-work-shirt-ls-must-ua3d.jpg,Dickies,69.00 EUR,in_stock,Streetbrand OÜ,EE,true,false,true
I031918_0112_S_CNF,W´ brandon pant,Spordiriided ballzy veebipoest. Vaata lähemalt ballzy.eu.,https://ballzy.eu/et/product/w-brandon-pant-i031918-0112-s-cnf,https://backend.ballzy.eu/media/catalog/product/c/a/carhartt-w-brandon-pant-must-ny1n.jpg,Carhartt WIP,99.00 EUR,in_stock,Streetbrand OÜ,EE,true,false,true
VN00046YBLK1_L_CNF,Flying v bff hoodie,Spordiriided ballzy veebipoest. Vaata lähemalt ballzy.eu.,https://ballzy.eu/et/product/flying-v-bff-hoodie-vn00046yblk1-l-cnf,https://backend.ballzy.eu/media/catalog/product/v/a/vans-flying-v-bff-hoodie-must-xsmu.jpg,Vans,74.00 EUR,in_stock,Streetbrand OÜ,EE,true,false,true
VN000H4XBA51_OSFA_CNF,Old skool check backpack,Spordiriided ballzy veebipoest. Vaata lähemalt ballzy.eu.,https://ballzy.eu/et/product/old-skool-check-backpack-vn000h4xba51-osfa-cnf,https://backend.ballzy.eu/media/catalog/product/v/a/vans-old-skool-check-backpack-must-7khz.jpg,Vans,54.00 EUR,in_stock,Streetbrand OÜ,EE,true,false,true
VN000H4XY281_OSFA_CNF,Old skool check backpack,Spordiriided ballzy veebipoest. Vaata lähemalt ballzy.eu.,https://ballzy.eu/et/product/old-skool-check-backpack-vn000h4xy281-osfa-cnf,https://backend.ballzy.eu/media/catalog/product/v/a/vans-old-skool-check-backpack-must-jkje.jpg,Vans,54.00 EUR,in_stock,Streetbrand OÜ,EE,true,false,true
VN000H4YBLK1_OSFA_CNF,Old skool classic backpack,Spordiriided ballzy veebipoest. Vaata lähemalt ballzy.eu.,https://ballzy.eu/et/product/old-skool-classic-backpack-vn000h4yblk1-osfa-cnf,https://backend.ballzy.eu/media/catalog/product/v/a/vans-old-skool-classic-backpack-must-n4o5.jpg,Vans,49.00 EUR,in_stock,Streetbrand OÜ,EE,true,false,true
VN000HFVFS81_L_CNF,Mallard ss,Spordiriided ballzy veebipoest. Vaata lähemalt ballzy.eu.,https://ballzy.eu/et/product/mallard-ss-vn000hfvfs81-l-cnf,https://backend.ballzy.eu/media/catalog/product/v/a/vans-mallard-ss-valge-zcwm.jpg,Vans,44.00 EUR,in_stock,Streetbrand OÜ,EE,true,false,true
2578902_ADULT_CNF,Puma x carrots dad cap,Spordiriided ballzy veebipoest. Vaata lähemalt ballzy.eu.,https://ballzy.eu/et/product/puma-x-carrots-dad-cap-2578902-adult-cnf,https://backend.ballzy.eu/media/catalog/product/p/u/puma-puma-x-carrots-dad-cap-pruun-yxug.jpg,Puma,49.00 EUR,in_stock,Streetbrand OÜ,EE,true,false,true
2578903_ADULT_CNF,Puma x carrots dad cap,Spordiriided ballzy veebipoest. Vaata lähemalt ballzy.eu.,https://ballzy.eu/et/product/puma-x-carrots-dad-cap-2578903-adult-cnf,https://backend.ballzy.eu/media/catalog/product/p/u/puma-puma-x-carrots-dad-cap-valge-j5ea.jpg,Puma,49.00 EUR,in_stock,Streetbrand OÜ,EE,true,false,true
39746804_8_CNF,Rebound abrupt,Spordiriided ballzy veebipoest. Vaata lähemalt ballzy.eu.,https://ballzy.eu/et/product/rebound-abrupt-39746804-8-cnf,https://backend.ballzy.eu/media/catalog/product/p/u/puma-rebound-abrupt-must-34si.jpg,Puma,94.00 EUR,in_stock,Streetbrand OÜ,EE,true,false,true
39819001_8_CNF,Suede play.paris,Spordiriided ballzy veebipoest. Vaata lähemalt ballzy.eu.,https://ballzy.eu/et/product/suede-play-paris-39819001-8-cnf,https://backend.ballzy.eu/media/catalog/product/p/u/puma-suede-play-paris-lilla-kt01.jpg,Puma,99.00 EUR,in_stock,Streetbrand OÜ,EE,true,false,true
62744301_S_CNF,Puma x carrots graphic tee,Spordiriided ballzy veebipoest. Vaata lähemalt ballzy.eu.,https://ballzy.eu/et/product/puma-x-carrots-graphic-tee-62744301-s-cnf,https://backend.ballzy.eu/media/catalog/product/p/u/puma-puma-x-carrots-graphic-tee-must-n7cp.jpg,Puma,49.00 EUR,in_stock,Streetbrand OÜ,EE,true,false,true
62744501_S_CNF,Puma x carrots graphic hoodie,Spordiriided ballzy veebipoest. Vaata lähemalt ballzy.eu.,https://ballzy.eu/et/product/puma-x-carrots-graphic-hoodie-62744501-s-cnf,https://backend.ballzy.eu/media/catalog/product/p/u/puma-puma-x-carrots-graphic-hoodie-must-ksx8.jpg,Puma,89.00 EUR,in_stock,Streetbrand OÜ,EE,true,false,true
9039401_X_CNF,Puma.bl backpack,Spordiriided ballzy veebipoest. Vaata lähemalt ballzy.eu.,https://ballzy.eu/et/product/puma-bl-backpack-9039401-x-cnf,https://backend.ballzy.eu/media/catalog/product/p/u/puma-puma-bl-backpack-must-ytcz.jpg,Puma,79.00 EUR,in_stock,Streetbrand OÜ,EE,true,false,true
31672001_030_CNF,Crewson,Spordiriided ballzy veebipoest. Vaata lähemalt ballzy.eu.,https://ballzy.eu/et/product/crewson-31672001-030-cnf,https://backend.ballzy.eu/media/catalog/product/d/r/dr-martens-crewson-must-h02a.jpg,Dr. Martens,169.00 EUR,in_stock,Streetbrand OÜ,EE,true,false,true
31674001_070_CNF,Crewson chukka,Spordiriided ballzy veebipoest. Vaata lähemalt ballzy.eu.,https://ballzy.eu/et/product/crewson-chukka-31674001-070-cnf,https://backend.ballzy.eu/media/catalog/product/d/r/dr-martens-crewson-chukka-must-bdrs.jpg,Dr. Martens,179.00 EUR,in_stock,Streetbrand OÜ,EE,true,false,true
IF7086_4.5_CNF,Handball spezial,"Step into retro style and all-day comfort with these adidas handball spezial shoes. originally designed for indoor sports in the ´70s, this pair of low-profile trainers is ready to dominate the court and the streets. the premium suede upper is accented with contrast stitching for a pop of modern elegance while the t-toe design keeps the look rooted in the past. Vaata lähemalt ballzy.eu.",https://ballzy.eu/et/product/handball-spezial-if7086-4-5-cnf,https://backend.ballzy.eu/media/catalog/product/a/d/adidas-handball-spezial-hall-thed.jpg,adidas Originals,119.00 EUR,in_stock,Streetbrand OÜ,EE,true,false,true
FZ5899_474_M_CNF,Women´s nike sportswear therma-fit synthetic fill classic puffer,"võta vastu talvekülma, sest see jope on loodud selleks, et lisada oma ellu soojust. piisavalt lõdvestunud sünteetiline täidis lisab soojust, samas kui nike therma-fit tehnoloogia aitab juhtida sinu keha loomulikku soojust, et hoida sind külma ilmaga soojana. lisaks sellele aitab vetthülgav viimistlus hoida sind kuivana. nii et tõmba tõmblukk kinni, viska käed taskusse ja mine välja!. toote omadused: nike therma-fit tehnoloogia aitab juhtida keha loomulikku soojust, et hoida sind Vaata lähemalt ballzy.eu.",https://ballzy.eu/et/product/women-s-nike-sportswear-therma-fit-synthetic-fill-classic-puffer-fz5899-474-m-cnf,https://backend.ballzy.eu/media/catalog/product/n/i/nike-w-nsw-tf-synfl-nk-clsc-pfr-sinine-gssz.jpg,Nike,149.00 EUR,in_stock,Streetbrand OÜ,EE,true,false,true
I019176_89XX_0_CNF,Clip belt chrome,Spordiriided ballzy veebipoest. Vaata lähemalt ballzy.eu.,https://ballzy.eu/et/product/clip-belt-chrome-i019176-89xx-0-cnf,https://backend.ballzy.eu/media/catalog/product/c/a/carhartt-clip-belt-chrome-must-pnaw.jpg,Carhartt WIP,35.00 EUR,in_stock,Streetbrand OÜ,EE,true,false,true
24258001_030_CNF,939 ben boot,Spordiriided ballzy veebipoest. Vaata lähemalt ballzy.eu.,https://ballzy.eu/et/product/939-ben-boot-24258001-030-cnf,https://backend.ballzy.eu/media/catalog/product/d/r/dr-martens-939-ben-boot-must-3sbk.jpg,Dr. Martens,199.00 EUR,in_stock,Streetbrand OÜ,EE,true,false,true
31222001_040_CNF,Crewson,Spordiriided ballzy veebipoest. Vaata lähemalt ballzy.eu.,https://ballzy.eu/et/product/crewson-31222001-040-cnf,https://backend.ballzy.eu/media/catalog/product/d/r/dr-martens-crewson-must-v9bn.jpg,Dr. Martens,189.00 EUR,in_stock,Streetbrand OÜ,EE,true,false,true
31225001_070_CNF,Crewson,Spordiriided ballzy veebipoest. Vaata lähemalt ballzy.eu.,https://ballzy.eu/et/product/crewson-31225001-070-cnf,https://backend.ballzy.eu/media/catalog/product/d/r/dr-martens-crewson-must-yrhs.jpg,Dr. Martens,189.00 EUR,in_stock,Streetbrand OÜ,EE,true,false,true
FV7247_010_S_CNF,M j flt flc po,"We´ve put a cozy spin on a jordan must-have. smooth on the outside and brushed soft on the inside, this midweight fleece hoodie is all about casual comfort. slightly dropped shoulders and a traditional fit give it a classic feel. Vaata lähemalt ballzy.eu.",https://ballzy.eu/et/product/m-j-flt-flc-po-fv7247-010-s-cnf,https://backend.ballzy.eu/media/catalog/product/j/o/jordan-m-j-flt-flc-po-must-py4y.jpg,Jordan,99.00 EUR,in_stock,Streetbrand OÜ,EE,true,false,true
24282207_080_CNF,939 ben boot,Spordiriided ballzy veebipoest. Vaata lähemalt ballzy.eu.,https://ballzy.eu/et/product/939-ben-boot-24282207-080-cnf,https://backend.ballzy.eu/media/catalog/product/d/r/dr-martens-939-ben-boot-pruun-8f41.jpg,Dr. Martens,199.00 EUR,in_stock,Streetbrand OÜ,EE,true,false,true
DK0A4X9XBLK1_30_CNF,Eagle bend pant,Spordiriided ballzy veebipoest. Vaata lähemalt ballzy.eu.,https://ballzy.eu/et/product/eagle-bend-pant-dk0a4x9xblk1-30-cnf,https://backend.ballzy.eu/media/catalog/product/d/i/dickies-eagle-bend-pant-must-vj3a.jpg,Dickies,89.00 EUR,in_stock,Streetbrand OÜ,EE,true,false,true
DK0A4XFYC401_L_CNF,Dickies duck canvas deck jacket,Spordiriided ballzy veebipoest. Vaata lähemalt ballzy.eu.,https://ballzy.eu/et/product/dickies-duck-canvas-deck-jacket-dk0a4xfyc401-l-cnf,https://backend.ballzy.eu/media/catalog/product/d/i/dickies-dickies-duck-canvas-deck-jacket-must-slyj.jpg,Dickies,149.00 EUR,in_stock,Streetbrand OÜ,EE,true,false,true
DK0A4Z4M0IP1_L_CNF,Plains bomber,Spordiriided ballzy veebipoest. Vaata lähemalt ballzy.eu.,https://ballzy.eu/et/product/plains-bomber-dk0a4z4m0ip1-l-cnf,https://backend.ballzy.eu/media/catalog/product/d/i/dickies-plains-bomber-roheline-e54s.jpg,Dickies,164.00 EUR,in_stock,Streetbrand OÜ,EE,true,false,true
DK0A85SR0LN1_L_CNF,Dickies globe hoodie,Spordiriided ballzy veebipoest. Vaata lähemalt ballzy.eu.,https://ballzy.eu/et/product/dickies-globe-hoodie-dk0a85sr0ln1-l-cnf,https://backend.ballzy.eu/media/catalog/product/d/i/dickies-dickies-globe-hoodie-roheline-zvra.jpg,Dickies,84.00 EUR,in_stock,Streetbrand OÜ,EE,true,false,true
DK0A864R0IP1_30_32_CNF,Duck canvas camo cargo,Spordiriided ballzy veebipoest. Vaata lähemalt ballzy.eu.,https://ballzy.eu/et/product/duck-canvas-camo-cargo-dk0a864r0ip1-30-32-cnf,https://backend.ballzy.eu/media/catalog/product/d/i/dickies-duck-canvas-camo-cargo-roheline-fspf.jpg,Dickies,89.00 EUR,in_stock,Streetbrand OÜ,EE,true,false,true
I032236_00E02_S_CNF,W´ og detroit jacket,Spordiriided ballzy veebipoest. Vaata lähemalt ballzy.eu.,https://ballzy.eu/et/product/w-og-detroit-jacket-i032236-00e02-s-cnf,https://backend.ballzy.eu/media/catalog/product/c/a/carhartt-w-og-detroit-jacket-must-wtd8.jpg,Carhartt WIP,199.00 EUR,in_stock,Streetbrand OÜ,EE,true,false,true
I033661_2GQXX_S_CNF,Hooded chase sweat,Spordiriided ballzy veebipoest. Vaata lähemalt ballzy.eu.,https://ballzy.eu/et/product/hooded-chase-sweat-i033661-2gqxx-s-cnf,https://backend.ballzy.eu/media/catalog/product/c/a/carhartt-hooded-chase-sweat-pruun-w5fp.jpg,Carhartt WIP,89.00 EUR,in_stock,Streetbrand OÜ,EE,true,false,true
I034247_2BZ02_S_CNF,W´ brandon double knee pant,Spordiriided ballzy veebipoest. Vaata lähemalt ballzy.eu.,https://ballzy.eu/et/product/w-brandon-double-knee-pant-i034247-2bz02-s-cnf,https://backend.ballzy.eu/media/catalog/product/c/a/carhartt-w-brandon-double-knee-pant-must-vmoz.jpg,Carhartt WIP,129.00 EUR,in_stock,Streetbrand OÜ,EE,true,false,true
FV7074_010_XS_CNF,W j brk flc crew 24,"Looking for a little extra warmth? grab this classic sweatshirt. smooth on the outside and brushed soft on the inside, our midweight fleece gives you all the cozy feels with a roomy, relaxed fit. Vaata lähemalt ballzy.eu.",https://ballzy.eu/et/product/w-j-brk-flc-crew-24-fv7074-010-xs-cnf,https://backend.ballzy.eu/media/catalog/product/j/o/jordan-w-j-brk-flc-crew-24-must-cxy9.jpg,Jordan,74.00 EUR,in_stock,Streetbrand OÜ,EE,true,false,true
FV7077_010_XS_CNF,W j brk flc pant 24,"Sweats for every day of the week? yeah, we got ´em. smooth on the outside and brushed soft on the inside, our midweight fleece gives you all the cozy feels with a roomy, relaxed look. an elastic waistband with drawcord makes finding your perfect fit a cinch. Vaata lähemalt ballzy.eu.",https://ballzy.eu/et/product/w-j-brk-flc-pant-24-fv7077-010-xs-cnf,https://backend.ballzy.eu/media/catalog/product/j/o/jordan-w-j-brk-flc-pant-24-must-ohrj.jpg,Jordan,74.00 EUR,in_stock,Streetbrand OÜ,EE,true,false,true
VN000KTFM8I1_L_CNF,Fun gfx loose ss,Spordiriided ballzy veebipoest. Vaata lähemalt ballzy.eu.,https://ballzy.eu/et/product/fun-gfx-loose-ss-vn000ktfm8i1-l-cnf,https://backend.ballzy.eu/media/catalog/product/v/a/vans-fun-gfx-loose-ss-hall-45u2.jpg,Vans,44.00 EUR,in_stock,Streetbrand OÜ,EE,true,false,true
60564833_L_CNF,Ne shacket,Spordiriided ballzy veebipoest. Vaata lähemalt ballzy.eu.,https://ballzy.eu/et/product/ne-shacket-60564833-l-cnf,https://backend.ballzy.eu/media/catalog/product/n/e/newera-ne-shacket-roheline-yp6a.jpg,New Era,99.00 EUR,in_stock,Streetbrand OÜ,EE,true,false,true
60564889_L_CNF,Mlb nylon puffer yankees,Spordiriided ballzy veebipoest. Vaata lähemalt ballzy.eu.,https://ballzy.eu/et/product/mlb-nylon-puffer-yankees-60564889-l-cnf,https://backend.ballzy.eu/media/catalog/product/n/e/newera-mlb-nylon-puffer-yankees-must-67r5.jpg,New Era,179.00 EUR,in_stock,Streetbrand OÜ,EE,true,false,true
60564896_L_CNF,Mlb cord puffer yankees,Spordiriided ballzy veebipoest. Vaata lähemalt ballzy.eu.,https://ballzy.eu/et/product/mlb-cord-puffer-yankees-60564896-l-cnf,https://backend.ballzy.eu/media/catalog/product/n/e/newera-mlb-cord-puffer-yankees-must-4ogq.jpg,New Era,179.00 EUR,in_stock,Streetbrand OÜ,EE,true,false,true
IL5022_S_CNF,Crew sock 3str,"põhitõdedega ei saa kunagi valesti minna. ja nende adidas´i meeskonnasokkidega saad igapäevaelu jaoks sobivad nii kontorisse, skateparki kui ka kõikjale vahepealsesse kohta. nende mugav puuvillasegu pakub kerget pehmendust, samal ajal kui 3 triipu ja trefoil logo lisavad sinu garderoobile klassikalise välimuse. kõikidel päevadel, kui sa ei tea, mida kanda, alusta neist sokkidest ja ehita need üles. vähemalt 50% sellest tootest on segu taaskasutatud ja taastuvatest materjalidest. Vaata lähemalt ballzy.eu.",https://ballzy.eu/et/product/crew-sock-3str-il5022-s-cnf,https://backend.ballzy.eu/media/catalog/product/a/d/adidas-crew-sock-3str-must-ggiz.jpg,adidas Originals,14.00 EUR,in_stock,Streetbrand OÜ,EE,true,false,true
IX7613_S_CNF,Prem crew 2pp,"astu julgelt igal sammul nende adidas´i meeskonnasokkidega. esmaklassiline konstruktsioon ja sportlik disain ühendavad endas mitmekülgse stiili, mis on ühtviisi valmis nii kogu päeva seiklusteks kui ka lõõgastumiseks kodus. siledad ja vastupidavad, need on valmistatud koos tugivõlviga, et hoida jalad hommikust õhtuni ergonoomilised. topeltbränding ees- ja tagaküljel ühendab iga sammu adidas originals´i mittekonformistliku loovuse pärandiga. valides taaskasutatavad materjalid, s Vaata lähemalt ballzy.eu.",https://ballzy.eu/et/product/prem-crew-2pp-ix7613-s-cnf,https://backend.ballzy.eu/media/catalog/product/a/d/adidas-prem-crew-2pp-multicolor-1jmz.jpg,adidas Originals,24.00 EUR,in_stock,Streetbrand OÜ,EE,true,false,true
39826302_4_CNF,Velophasis,Spordiriided ballzy veebipoest. Vaata lähemalt ballzy.eu.,https://ballzy.eu/et/product/velophasis-39826302-4-cnf,https://backend.ballzy.eu/media/catalog/product/p/u/puma-velophasis-must-52r4.jpg,Puma,159.00 EUR,in_stock,Streetbrand OÜ,EE,true,false,true
39853401_4_CNF,Palermo moda,Spordiriided ballzy veebipoest. Vaata lähemalt ballzy.eu.,https://ballzy.eu/et/product/palermo-moda-39853401-4-cnf,https://backend.ballzy.eu/media/catalog/product/p/u/puma-palermo-moda-roosa-e97r.jpg,Puma,104.00 EUR,in_stock,Streetbrand OÜ,EE,true,false,true
60564837_L_CNF,Ne canvas puffer,Spordiriided ballzy veebipoest. Vaata lähemalt ballzy.eu.,https://ballzy.eu/et/product/ne-canvas-puffer-60564837-l-cnf,https://backend.ballzy.eu/media/catalog/product/n/e/newera-ne-canvas-puffer-roheline-dv4q.jpg,New Era,179.00 EUR,in_stock,Streetbrand OÜ,EE,true,false,true
DK0A4XP2D061_L_CNF,Waldenburg jacket,Spordiriided ballzy veebipoest. Vaata lähemalt ballzy.eu.,https://ballzy.eu/et/product/waldenburg-jacket-dk0a4xp2d061-l-cnf,https://backend.ballzy.eu/media/catalog/product/d/i/dickies-waldenburg-jacket-hall-qp4e.jpg,Dickies,154.00 EUR,in_stock,Streetbrand OÜ,EE,true,false,true
FZ5903_010_S_CNF,Women´s nike sportswear therma-fit synthetic fill classic parka,"võta vastu talvekülma parka, mis on loodud selleks, et lisada oma ellu veidi soojust. piisavalt lõdvestunud sünteetiline täidis lisab soojust, samas kui nike therma-fit tehnoloogia aitab juhtida sinu keha loomulikku soojust, et hoida sind külma ilmaga soojana. lisaks sellele aitab vetthülgav viimistlus hoida sind kuivana. nii et tõmba tõmblukk kinni, viska käed taskusse ja mine välja!. toote omadused: nike therma-fit tehnoloogia aitab juhtida keha loomulikku soojust, et hoida sin Vaata lähemalt ballzy.eu.",https://ballzy.eu/et/product/women-s-nike-sportswear-therma-fit-synthetic-fill-classic-parka-fz5903-010-s-cnf,https://backend.ballzy.eu/media/catalog/product/n/i/nike-w-nsw-tf-snfl-nk-clsc-prka-must-qrdg.jpg,Nike,189.00 EUR,in_stock,Streetbrand OÜ,EE,true,false,true
FZ5903_226_S_CNF,Women´s nike sportswear therma-fit synthetic fill classic parka,"võta vastu talvekülma parka, mis on loodud selleks, et lisada oma ellu veidi soojust. piisavalt lõdvestunud sünteetiline täidis lisab soojust, samas kui nike therma-fit tehnoloogia aitab juhtida sinu keha loomulikku soojust, et hoida sind külma ilmaga soojana. lisaks sellele aitab vetthülgav viimistlus hoida sind kuivana. nii et tõmba tõmblukk kinni, viska käed taskusse ja mine välja!. toote omadused: nike therma-fit tehnoloogia aitab juhtida keha loomulikku soojust, et hoida sin Vaata lähemalt ballzy.eu.",https://ballzy.eu/et/product/women-s-nike-sportswear-therma-fit-synthetic-fill-classic-parka-fz5903-226-s-cnf,https://backend.ballzy.eu/media/catalog/product/n/i/nike-w-nsw-tf-snfl-nk-clsc-prka-pruun-uqmp.jpg,Nike,189.00 EUR,in_stock,Streetbrand OÜ,EE,true,false,true
27109001_080_CNF,Rakim,Spordiriided ballzy veebipoest. Vaata lähemalt ballzy.eu.,https://ballzy.eu/et/product/rakim-27109001-080-cnf,https://backend.ballzy.eu/media/catalog/product/d/r/dr-martens-rakim-must-guhg.jpg,Dr. Martens,169.00 EUR,in_stock,Streetbrand OÜ,EE,true,false,true
U9060WHT_8.5_CNF,New balance u9060,"uus 9060 tõlgendab klassikalistest 99x-seeria mudelitest pärit tuttavaid elemente ümber väänatud tundlikkusega, mis on inspireeritud y2k-ajastu uhkelt futuristlikust, nähtavast tehnoloogilisest esteetikast. sway baarid, mis on võetud mudelilt 990, on laiendatud ja kasutatud kogu pealsel, et tekitada nähtava liikumise tunnet, samas kui lainelised jooned ja skulptuuritud pod-välipõhjal olevad suuremad proportsioonid rõhutavad liialdatult abzorb ja sbs tuttavaid pehmendusplatvorme.</ Vaata lähemalt ballzy.eu.",https://ballzy.eu/et/product/new-balance-u9060-u9060wht-8-5-cnf,https://backend.ballzy.eu/media/catalog/product/n/e/new-balance-new-balance-u9060-valge-wxn9.jpg,New Balance,199.00 EUR,in_stock,Streetbrand OÜ,EE,true,false,true
DK0A4YJUJ541_M_CNF,Alatna oversized puffer,Spordiriided ballzy veebipoest. Vaata lähemalt ballzy.eu.,https://ballzy.eu/et/product/alatna-oversized-puffer-dk0a4yjuj541-m-cnf,https://backend.ballzy.eu/media/catalog/product/d/i/dickies-alatna-oversized-puffer-roosa-gv5d.jpg,Dickies,164.00 EUR,in_stock,Streetbrand OÜ,EE,true,false,true
DK0A8652KHK1_L_CNF,Corduroy shirt ls,Spordiriided ballzy veebipoest. Vaata lähemalt ballzy.eu.,https://ballzy.eu/et/product/corduroy-shirt-ls-dk0a8652khk1-l-cnf,https://backend.ballzy.eu/media/catalog/product/d/i/dickies-corduroy-shirt-ls-bee-hx9h.jpg,Dickies,84.00 EUR,in_stock,Streetbrand OÜ,EE,true,false,true
FV7261_010_L_CNF,Michael jordan essential statement rugby long sleeve top,"klassikaline kolledži stiil, mida on täiendatud jordani dna-ga. see särk, mille krae on alla volditav, 2-nööpne lukk, langevõitu äär ja soonikuga mansetid, tabab kõiki õigeid ragbi stiilisärke. pehme puuvill ja avar istuvus hoiavad selle mugava ja hingava&hellip; toote üksikasjad: 100% puuvill. ribitud mansetid. masinpesu. imporditud. Vaata lähemalt ballzy.eu.",https://ballzy.eu/et/product/michael-jordan-essential-statement-rugby-long-sleeve-top-fv7261-010-l-cnf,https://backend.ballzy.eu/media/catalog/product/j/o/jordan-m-j-ess-stmt-rugby-ls-top-must-89o4.jpg,Jordan,99.00 EUR,in_stock,Streetbrand OÜ,EE,true,false,true
FV7297_010_M_CNF,Michael jordan brooklyn all over print fleece pullover,"hubane fliis ja mj's ikooniliste hetkedega trükis? kõlab ideaalselt. väljastpoolt sile ja seestpoolt harjatud pehme, see kapuuts on silmatorkav kiht, mida saate kanda aastaringselt&hellip; toote üksikasjad: body: 80% puuvill / 20% polüester. kapuutsi vooder: 100% puuvill&hellip; esitasku. ribedega mansetid ja hem. masinpesu. imporditud. Vaata lähemalt ballzy.eu.",https://ballzy.eu/et/product/michael-jordan-brooklyn-all-over-print-fleece-pullover-fv7297-010-m-cnf,https://backend.ballzy.eu/media/catalog/product/j/o/jordan-m-j-brkln-aop-flc-po-must-2gd1.jpg,Jordan,99.00 EUR,in_stock,Streetbrand OÜ,EE,true,false,true
FV7306_228_L_CNF,Michael jordan essential statement woven pants,"kerged ja igaks juhuks valmis, on need kootud nailonpüksid vetthülgava viimistlusega, mis aitab sul vihma korral kuivana püsida. lisaks annavad elastsed tõmblukud püksisääre juures sulle stiilipuudutuse. kuidas sa neid kannad? toote omadused: kerge kootud nailon on vastupidav ja veekindel viimistlus, mis aitab sul märja ilmaga kuivana püsida&hellip; elastne vöökoht koos sisemise tõmbekordiga aitab sul valida oma täiusliku istuvuse&hellip; elastsed tõmbekordid püksisääre juures võ Vaata lähemalt ballzy.eu.",https://ballzy.eu/et/product/michael-jordan-essential-statement-woven-pants-fv7306-228-l-cnf,https://backend.ballzy.eu/media/catalog/product/j/o/jordan-m-j-ess-stmt-wvn-pant-pruun-vamx.jpg,Jordan,99.00 EUR,in_stock,Streetbrand OÜ,EE,true,false,true
FZ5899_226_XS_CNF,Women´s nike sportswear therma-fit synthetic fill classic puffer,"võta vastu talvekülma, sest see jope on loodud selleks, et lisada oma ellu soojust. piisavalt lõdvestunud sünteetiline täidis lisab soojust, samas kui nike therma-fit tehnoloogia aitab juhtida sinu keha loomulikku soojust, et hoida sind külma ilmaga soojana. lisaks sellele aitab vetthülgav viimistlus hoida sind kuivana. nii et tõmba tõmblukk kinni, viska käed taskusse ja mine välja!. toote omadused: nike therma-fit tehnoloogia aitab juhtida keha loomulikku soojust, et hoida sind Vaata lähemalt ballzy.eu.",https://ballzy.eu/et/product/women-s-nike-sportswear-therma-fit-synthetic-fill-classic-puffer-fz5899-226-xs-cnf,https://backend.ballzy.eu/media/catalog/product/n/i/nike-w-nsw-tf-synfl-nk-clsc-pfr-multicolor-ys1y.jpg,Nike,149.00 EUR,in_stock,Streetbrand OÜ,EE,true,false,true
DQ8423_001_3.5Y_CNF,Air jordan 1 mid gs,"see aj1-i iteratsioon muudab mike´i esimese signatuurmudeli värskete värvide kombinatsiooniga. esmaklassilised materjalid, pehme pehmendus ja polsterdatud pahkluu krae pakuvad täielikku tuge ja tähistavad kinga, millest kõik algas&hellip; toote omadused: premium konstruktsioon pakub mugavust ja ikoonilist atraktiivsust&hellip; kapseldatud air-sole üksus kannas annab teile pehme pehmenduse&hellip; toote omaduste alapealkirjad: tootedetailid: cupsole konstruktsioon. polsterdatud kr Vaata lähemalt ballzy.eu.",https://ballzy.eu/et/product/air-jordan-1-mid-gs-dq8423-001-3-5y-cnf,https://backend.ballzy.eu/media/catalog/product/j/o/jordan-air-jordan-1-mid-gs-must-gphb.jpg,Jordan,119.00 EUR,in_stock,Streetbrand OÜ,EE,true,false,true
DZ5320_201_10_CNF,Lunar force 1 duckboot,Spordiriided ballzy veebipoest. Vaata lähemalt ballzy.eu.,https://ballzy.eu/et/product/lunar-force-1-duckboot-dz5320-201-10-cnf,https://backend.ballzy.eu/media/catalog/product/n/i/nike-lunar-force-1-duckboot-pruun-89h8.jpg,Nike,204.00 EUR,in_stock,Streetbrand OÜ,EE,true,false,true
TB0A5VAC0151_8.5_CNF,Gsm6 mid lace sneaker,Spordiriided ballzy veebipoest. Vaata lähemalt ballzy.eu.,https://ballzy.eu/et/product/gsm6-mid-lace-sneaker-tb0a5vac0151-8-5-cnf,https://backend.ballzy.eu/media/catalog/product/t/i/timberland-gsm6-mid-lace-sneaker-must-ksrf.jpg,Timberland,149.00 EUR,in_stock,Streetbrand OÜ,EE,true,false,true
I020175_482XX_0_CNF,Acrylic watch hat,Spordiriided ballzy veebipoest. Vaata lähemalt ballzy.eu.,https://ballzy.eu/et/product/acrylic-watch-hat-i020175-482xx-0-cnf,https://backend.ballzy.eu/media/catalog/product/c/a/carhartt-acrylic-watch-hat-hall-jbdb.jpg,Carhartt WIP,24.00 EUR,in_stock,Streetbrand OÜ,EE,true,false,true
60564831_L_CNF,Ne sherpa jacket,Spordiriided ballzy veebipoest. Vaata lähemalt ballzy.eu.,https://ballzy.eu/et/product/ne-sherpa-jacket-60564831-l-cnf,https://backend.ballzy.eu/media/catalog/product/n/e/newera-ne-sherpa-jacket-bee-abiw.jpg,New Era,119.00 EUR,in_stock,Streetbrand OÜ,EE,true,false,true
60564832_L_CNF,Ne sherpa jacket,Spordiriided ballzy veebipoest. Vaata lähemalt ballzy.eu.,https://ballzy.eu/et/product/ne-sherpa-jacket-60564832-l-cnf,https://backend.ballzy.eu/media/catalog/product/n/e/newera-ne-sherpa-jacket-must-ycrl.jpg,New Era,119.00 EUR,in_stock,Streetbrand OÜ,EE,true,false,true
60565152_OSFM_CNF,Metallic pin 9forty lakers,Spordiriided ballzy veebipoest. Vaata lähemalt ballzy.eu.,https://ballzy.eu/et/product/metallic-pin-9forty-lakers-60565152-osfm-cnf,https://backend.ballzy.eu/media/catalog/product/n/e/newera-metallic-pin-9forty-lakers-hall-7gwy.jpg,New Era,34.00 EUR,in_stock,Streetbrand OÜ,EE,true,false,true
FV7306_010_L_CNF,Michael jordan essential statement woven pants,"kerged ja igaks juhuks valmis, on need kootud nailonpüksid vetthülgava viimistlusega, mis aitab sul vihma korral kuivana püsida. lisaks annavad elastsed tõmblukud püksisääre juures sulle stiilipuudutuse. kuidas sa neid kannad? toote omadused: kerge kootud nailon on vastupidav ja veekindel viimistlus, mis aitab sul märja ilmaga kuivana püsida&hellip; elastne vöökoht koos sisemise tõmbekordiga aitab sul valida oma täiusliku istuvuse&hellip; elastsed tõmbekordid püksisääre juures võ Vaata lähemalt ballzy.eu.",https://ballzy.eu/et/product/michael-jordan-essential-statement-woven-pants-fv7306-010-l-cnf,https://backend.ballzy.eu/media/catalog/product/j/o/jordan-m-j-ess-stmt-wvn-pant-must-nnok.jpg,Jordan,99.00 EUR,in_stock,Streetbrand OÜ,EE,true,false,true
FV8610_366_S_CNF,Michael jordan dri-fit sport graphic fleece pullover,"higi ärajuhtiv tehnoloogia ja jordani stiil teevad sellest kapuutsist kapuutsiga, mis võib sinuga koos sõita kogu päeva. väljastpoolt sile, seestpoolt pisikeste harjata silmustega, meie prantsuse froteekangas on hingav, mistõttu on see mugav kiht, mida kanda iga ilmaga&hellip; toote omadused: nike dri-fit tehnoloogia juhib higi nahast eemale, et see aurustuks kiiremini, aidates sul kuivana ja mugavalt püsida&hellip; loopback fliis pakub kerget soojust iga ilmaga&hellip; toote oma Vaata lähemalt ballzy.eu.",https://ballzy.eu/et/product/michael-jordan-dri-fit-sport-graphic-fleece-pullover-fv8610-366-s-cnf,https://backend.ballzy.eu/media/catalog/product/j/o/jordan-m-j-df-sprt-gfx-flc-po-multicolor-cvxh.jpg,Jordan,89.00 EUR,in_stock,Streetbrand OÜ,EE,true,false,true
I032644_2GDXX_L_CNF,W´ hooded casey sweatshirt,Spordiriided ballzy veebipoest. Vaata lähemalt ballzy.eu.,https://ballzy.eu/et/product/w-hooded-casey-sweatshirt-i032644-2gdxx-l-cnf,https://backend.ballzy.eu/media/catalog/product/c/a/carhartt-w-hooded-casey-sweatshirt-must-8sm4.jpg,Carhartt WIP,84.00 EUR,in_stock,Streetbrand OÜ,EE,true,false,true
MJ43508_ACK_L_CNF,Coaches parka,Spordiriided ballzy veebipoest. Vaata lähemalt ballzy.eu.,https://ballzy.eu/et/product/coaches-parka-mj43508-ack-l-cnf,https://backend.ballzy.eu/media/catalog/product/n/e/new-balance-coaches-parka-must-ctji.jpg,New Balance,269.00 EUR,in_stock,Streetbrand OÜ,EE,true,false,true
URAINAL_8.5_CNF,Urainal,Spordiriided ballzy veebipoest. Vaata lähemalt ballzy.eu.,https://ballzy.eu/et/product/urainal-urainal-8-5-cnf,https://backend.ballzy.eu/media/catalog/product/n/e/new-balance-urainal-must-hvuq.jpg,New Balance,144.00 EUR,in_stock,Streetbrand OÜ,EE,true,false,true
URAINXBB_8.5_CNF,New balance rainier mid,Spordiriided ballzy veebipoest. Vaata lähemalt ballzy.eu.,https://ballzy.eu/et/product/new-balance-rainier-mid-urainxbb-8-5-cnf,https://backend.ballzy.eu/media/catalog/product/n/e/new-balance-new-balance-rainier-mid-must-cnyc.jpg,New Balance,179.00 EUR,in_stock,Streetbrand OÜ,EE,true,false,true
VN000HAMAF11_30_CNF,Mte service cargo loose tapered pant,Spordiriided ballzy veebipoest. Vaata lähemalt ballzy.eu.,https://ballzy.eu/et/product/mte-service-cargo-loose-tapered-pant-vn000hamaf11-30-cnf,https://backend.ballzy.eu/media/catalog/product/v/a/vans-mte-service-cargo-loose-tapered-pant-hall-gf4p.jpg,Vans,99.00 EUR,in_stock,Streetbrand OÜ,EE,true,false,true
VN000HCBBLK1_L_CNF,Pandamonium bff crew,Spordiriided ballzy veebipoest. Vaata lähemalt ballzy.eu.,https://ballzy.eu/et/product/pandamonium-bff-crew-vn000hcbblk1-l-cnf,https://backend.ballzy.eu/media/catalog/product/v/a/vans-pandamonium-bff-crew-must-rz2p.jpg,Vans,79.00 EUR,in_stock,Streetbrand OÜ,EE,true,false,true
VN000HCC02F1_L_CNF,Stadium loose crew,Spordiriided ballzy veebipoest. Vaata lähemalt ballzy.eu.,https://ballzy.eu/et/product/stadium-loose-crew-vn000hcc02f1-l-cnf,https://backend.ballzy.eu/media/catalog/product/v/a/vans-stadium-loose-crew-hall-fkea.jpg,Vans,79.00 EUR,in_stock,Streetbrand OÜ,EE,true,false,true
VN000JTXBLK1_L_CNF,Mte onset pant,Spordiriided ballzy veebipoest. Vaata lähemalt ballzy.eu.,https://ballzy.eu/et/product/mte-onset-pant-vn000jtxblk1-l-cnf,https://backend.ballzy.eu/media/catalog/product/v/a/vans-mte-onset-pant-must-zqas.jpg,Vans,79.00 EUR,in_stock,Streetbrand OÜ,EE,true,false,true
VN000K4JJ5F1_L_CNF,Brush script loose ft po,Spordiriided ballzy veebipoest. Vaata lähemalt ballzy.eu.,https://ballzy.eu/et/product/brush-script-loose-ft-po-vn000k4jj5f1-l-cnf,https://backend.ballzy.eu/media/catalog/product/v/a/vans-brush-script-loose-ft-po-roheline-jezv.jpg,Vans,89.00 EUR,in_stock,Streetbrand OÜ,EE,true,false,true
VN000KU29JC1_L_CNF,Nimi sk8 loose ss bungee cord,Spordiriided ballzy veebipoest. Vaata lähemalt ballzy.eu.,https://ballzy.eu/et/product/nimi-sk8-loose-ss-bungee-cord-vn000ku29jc1-l-cnf,https://backend.ballzy.eu/media/catalog/product/v/a/vans-nimi-sk8-loose-ss-bungee-cord-roheline-lmjc.jpg,Vans,44.00 EUR,in_stock,Streetbrand OÜ,EE,true,false,true
FV7249_068_L_CNF,Michael jordan flight wash fleece pullover,"oleme lisanud jordaania must-have´ile hubase pöörde. väljaspool sile ja seestpoolt harjatud pehme, see mahukas fliisist kapuuts on pestud, mis annab täiuslikult pleekinud välimuse. tooniline plaaster ja metallist tõmbelõngad lisavad jordanile iseloomulikku stiili&hellip; toote üksikasjad: tooniline plaaster ja metallist tõmbelõngad lisavad jordanile iseloomulikku stiili: body/hood vooder: 100% puuvill. rib: 96% puuvilla/4% elastaani&hellip; esitasku. ribed mansetid ja hem. masinp Vaata lähemalt ballzy.eu.",https://ballzy.eu/et/product/michael-jordan-flight-wash-fleece-pullover-fv7249-068-l-cnf,https://backend.ballzy.eu/media/catalog/product/j/o/jordan-m-j-flight-wash-flc-po-hall-frua.jpg,Jordan,119.00 EUR,in_stock,Streetbrand OÜ,EE,true,false,true
HV0959_010_L_CNF,M nk tch flc jggr,"puhas ja klassikaline, neil pükstel on mõlemalt poolt sileda fliis. neil on sobiv sale sobivus, liigendused põlvedel ja mansettidega pahkluude jaoks lihvitud välimus&hellip; toote omadused: meie esmaklassiline, mõlemal küljel siledaid fliis tundub soojem ja pehmem kui kunagi varem, säilitades samas sama kerge konstruktsiooni, mida armastate&hellip; elastne vöökoht ja sisemine tõmbekordel pakuvad mugavat, kohandatud istuvust teie vöökohal&hellip; tooteomaduste alapealkirjad: toote Vaata lähemalt ballzy.eu.",https://ballzy.eu/et/product/m-nk-tch-flc-jggr-hv0959-010-l-cnf,https://backend.ballzy.eu/media/catalog/product/n/i/nike-m-nk-tch-flc-jggr-must-zz3z.jpg,Nike,109.00 EUR,in_stock,Streetbrand OÜ,EE,true,false,true
HV0959_063_L_CNF,Men´s nike tech fleece joggers,"puhas ja klassikaline, neil pükstel on mõlemalt poolt sileda fliis. neil on sobiv sale sobivus, liigendused põlvedel ja mansettidega pahkluude jaoks lihvitud välimus&hellip; toote omadused: meie esmaklassiline, mõlemal küljel siledaid fliis tundub soojem ja pehmem kui kunagi varem, säilitades samas sama kerge konstruktsiooni, mida armastate&hellip; elastne vöökoht ja sisemine tõmbekordel pakuvad mugavat, kohandatud istuvust teie vöökohal&hellip; tooteomaduste alapealkirjad: toote Vaata lähemalt ballzy.eu.",https://ballzy.eu/et/product/men-s-nike-tech-fleece-joggers-hv0959-063-l-cnf,https://backend.ballzy.eu/media/catalog/product/n/i/nike-m-nk-tch-flc-jggr-hall-8gch.jpg,Nike,109.00 EUR,in_stock,Streetbrand OÜ,EE,true,false,true
TB0A2JWV0001_OS_CNF,Boot kit boot kit na/eu no color,Spordiriided ballzy veebipoest. Vaata lähemalt ballzy.eu.,https://ballzy.eu/et/product/boot-kit-boot-kit-na-eu-no-color-tb0a2jwv0001-os-cnf,https://backend.ballzy.eu/media/catalog/product/t/i/timberland-boot-kit-boot-kit-na-eu-no-color-multicolor-ddp7.jpg,Timberland,39.00 EUR,in_stock,Streetbrand OÜ,EE,true,false,true
31190001_080_CNF,1460 trinity,Spordiriided ballzy veebipoest. Vaata lähemalt ballzy.eu.,https://ballzy.eu/et/product/1460-trinity-31190001-080-cnf,https://backend.ballzy.eu/media/catalog/product/d/r/dr-martens-1460-trinity-must-wydg.jpg,Dr. Martens,239.00 EUR,in_stock,Streetbrand OÜ,EE,true,false,true
31368201_070_CNF,Crewson,Spordiriided ballzy veebipoest. Vaata lähemalt ballzy.eu.,https://ballzy.eu/et/product/crewson-31368201-070-cnf,https://backend.ballzy.eu/media/catalog/product/d/r/dr-martens-crewson-pruun-dxly.jpg,Dr. Martens,189.00 EUR,in_stock,Streetbrand OÜ,EE,true,false,true
31933260_080_CNF,Crewson chukka,Spordiriided ballzy veebipoest. Vaata lähemalt ballzy.eu.,https://ballzy.eu/et/product/crewson-chukka-31933260-080-cnf,https://backend.ballzy.eu/media/catalog/product/d/r/dr-martens-crewson-chukka-bee-cyit.jpg,Dr. Martens,179.00 EUR,in_stock,Streetbrand OÜ,EE,true,false,true
JI1371_4.5_CNF,Gazelle indoor w,"need adidas gazelle indoor jalanõud taaselustavad 70ndate armastatud trenažöörid, kuid värskendavad välimust tänapäeva sportlaste, loojate ja trendikandjate jaoks. see paar säilitab originaalide ikoonilise kuju, kuid muudab selle pehmeks nubukki ja julgeks pastell- ja neoonvärvide seguks. need jalatsid on kummardus paljudele aastakümnetele adidase spordiajaloos, ühendades 90ndate stiili ja 1970ndate silueti, et jätkata ajatu disaini pärandit. Vaata lähemalt ballzy.eu.",https://ballzy.eu/et/product/gazelle-indoor-w-ji1371-4-5-cnf,https://backend.ballzy.eu/media/catalog/product/a/d/adidas-gazelle-indoor-w-roosa-vulh.jpg,adidas Originals,129.00 EUR,in_stock,Streetbrand OÜ,EE,true,false,true
21797001_030_CNF,1460 serena,Spordiriided ballzy veebipoest. Vaata lähemalt ballzy.eu.,https://ballzy.eu/et/product/1460-serena-21797001-030-cnf,https://backend.ballzy.eu/media/catalog/product/d/r/dr-martens-1460-wyoming-must-brlq.jpg,Dr. Martens,209.00 EUR,in_stock,Streetbrand OÜ,EE,true,false,true
DK0A4Z32BLK1_OSFA_CNF,Dickies rib balaclava,Spordiriided ballzy veebipoest. Vaata lähemalt ballzy.eu.,https://ballzy.eu/et/product/dickies-rib-balaclava-dk0a4z32blk1-osfa-cnf,https://backend.ballzy.eu/media/catalog/product/d/i/dickies-dickies-rib-balaclava-must-5d8w.jpg,Dickies,39.00 EUR,in_stock,Streetbrand OÜ,EE,true,false,true
DK0A4Z3LBLK1_OSFA_CNF,Glendive cap,Spordiriided ballzy veebipoest. Vaata lähemalt ballzy.eu.,https://ballzy.eu/et/product/glendive-cap-dk0a4z3lblk1-osfa-cnf,https://backend.ballzy.eu/media/catalog/product/d/i/dickies-glendive-cap-must-czwg.jpg,Dickies,49.00 EUR,in_stock,Streetbrand OÜ,EE,true,false,true
DK0A863GJ531_L_CNF,Dickies goose tee ss,Spordiriided ballzy veebipoest. Vaata lähemalt ballzy.eu.,https://ballzy.eu/et/product/dickies-goose-tee-ss-dk0a863gj531-l-cnf,https://backend.ballzy.eu/media/catalog/product/d/i/dickies-dickies-goose-tee-ss-sinine-bgmq.jpg,Dickies,39.00 EUR,in_stock,Streetbrand OÜ,EE,true,false,true
DK0A863KBLK1_M_CNF,Dickies companion tee ss w,Spordiriided ballzy veebipoest. Vaata lähemalt ballzy.eu.,https://ballzy.eu/et/product/dickies-companion-tee-ss-w-dk0a863kblk1-m-cnf,https://backend.ballzy.eu/media/catalog/product/d/i/dickies-dickies-companion-tee-ss-w-must-hrug.jpg,Dickies,39.00 EUR,in_stock,Streetbrand OÜ,EE,true,false,true
E1310_W_2009_CNF,2pp converse all star crew half cushion unisex,Spordiriided ballzy veebipoest. Vaata lähemalt ballzy.eu.,https://ballzy.eu/et/product/2pp-converse-all-star-crew-half-cushion-unisex-e1310-w-2009-cnf,https://backend.ballzy.eu/media/catalog/product/c/o/converse-2pp-converse-all-star-crew-half-cushion-unisex-valge-i2nt.jpg,Converse,14.00 EUR,in_stock,Streetbrand OÜ,EE,true,false,true
E747_B_3010_CNF,"3pp converse men basic low cut, flat knit, smooth toe seam",Spordiriided ballzy veebipoest. Vaata lähemalt ballzy.eu.,https://ballzy.eu/et/product/3pp-converse-men-basic-low-cut-flat-knit-smooth-toe-seam-e747-b-3010-cnf,https://backend.ballzy.eu/media/catalog/product/c/o/converse-3pp-converse-men-basic-low-cut-flat-knit-smooth-toe-seam-must-gqtq.jpg,Converse,14.00 EUR,in_stock,Streetbrand OÜ,EE,true,false,true
E747_W_3010_CNF,"3pp converse men basic low cut, flat knit, smooth toe seam",Spordiriided ballzy veebipoest. Vaata lähemalt ballzy.eu.,https://ballzy.eu/et/product/3pp-converse-men-basic-low-cut-flat-knit-smooth-toe-seam-e747-w-3010-cnf,https://backend.ballzy.eu/media/catalog/product/c/o/converse-3pp-converse-men-basic-low-cut-flat-knit-smooth-toe-seam-valge-trhu.jpg,Converse,14.00 EUR,in_stock,Streetbrand OÜ,EE,true,false,true
HV0949_480_L_CNF,Men´s nike tech fleece full-zip winter hoodie,"tõmba kapuuts, mis ühendab endas klassikalise ja tänapäevase. see garderoobi põhitarvik on kinnitatud nike´i pärandiga, kuid pakub samas värsket tech-esteetikat. nike's windrunner jope põhjal on sellel ikooniline chevron disain rinnal, mida on uuendatud kaasaegse sileda mõlemal küljel tech fleece konstruktsiooniga, mida sa armastad&hellip; toote omadused: meie esmaklassiline, mõlemal küljel siledaid fliis on soojem ja pehmem kui kunagi varem, säilitades samas sama kerge konstrukt Vaata lähemalt ballzy.eu.",https://ballzy.eu/et/product/men-s-nike-tech-fleece-full-zip-winter-hoodie-hv0949-480-l-cnf,https://backend.ballzy.eu/media/catalog/product/n/i/nike-m-nk-tch-flc-fz-wr-hoodie-sinine-h0af.jpg,Nike,129.00 EUR,in_stock,Streetbrand OÜ,EE,true,false,true
I032741_2BZGD_XS_CNF,W´ hooded nelson sweat,Spordiriided ballzy veebipoest. Vaata lähemalt ballzy.eu.,https://ballzy.eu/et/product/w-hooded-nelson-sweat-i032741-2bzgd-xs-cnf,https://backend.ballzy.eu/media/catalog/product/c/a/carhartt-w-hooded-nelson-sweat-lilla-7zu7.jpg,Carhartt WIP,119.00 EUR,in_stock,Streetbrand OÜ,EE,true,false,true
I033880_2FZXX_S_CNF,W´ newkirk jacket,Spordiriided ballzy veebipoest. Vaata lähemalt ballzy.eu.,https://ballzy.eu/et/product/w-newkirk-jacket-i033880-2fzxx-s-cnf,https://backend.ballzy.eu/media/catalog/product/c/a/carhartt-w-newkirk-jacket-must-u0gf.jpg,Carhartt WIP,199.00 EUR,in_stock,Streetbrand OÜ,EE,true,false,true
VN000CXJDDQ1_090_CNF,Lx half cab reissue 33,Spordiriided ballzy veebipoest. Vaata lähemalt ballzy.eu.,https://ballzy.eu/et/product/lx-half-cab-reissue-33-vn000cxjddq1-090-cnf,https://backend.ballzy.eu/media/catalog/product/v/a/vans-lx-half-cab-reissue-33-pruun-fhul.jpg,Vans,109.00 EUR,in_stock,Streetbrand OÜ,EE,true,false,true
NF0A3C8D4G3_S_CNF,M 1996 retro nuptse jacket,Spordiriided ballzy veebipoest. Vaata lähemalt ballzy.eu.,https://ballzy.eu/et/product/m-1996-retro-nuptse-jacket-nf0a3c8d4g3-s-cnf,https://backend.ballzy.eu/media/catalog/product/t/n/tnf-m-1996-retro-nuptse-jacket-must-f6xj.jpg,The North Face,349.00 EUR,in_stock,Streetbrand OÜ,EE,true,false,true
NF0A3C8D5EX_S_CNF,M 1996 retro nuptse jacket,Spordiriided ballzy veebipoest. Vaata lähemalt ballzy.eu.,https://ballzy.eu/et/product/m-1996-retro-nuptse-jacket-nf0a3c8d5ex-s-cnf,https://backend.ballzy.eu/media/catalog/product/t/n/tnf-m-1996-retro-nuptse-jacket-pruun-acen.jpg,The North Face,349.00 EUR,in_stock,Streetbrand OÜ,EE,true,false,true
NF0A3C8D5IX_S_CNF,M 1996 retro nuptse jacket,Spordiriided ballzy veebipoest. Vaata lähemalt ballzy.eu.,https://ballzy.eu/et/product/m-1996-retro-nuptse-jacket-nf0a3c8d5ix-s-cnf,https://backend.ballzy.eu/media/catalog/product/t/n/tnf-m-1996-retro-nuptse-jacket-valge-bzjv.jpg,The North Face,349.00 EUR,in_stock,Streetbrand OÜ,EE,true,false,true
NF0A3JQQLE4_S_CNF,M 1996 retro nuptse vest,Spordiriided ballzy veebipoest. Vaata lähemalt ballzy.eu.,https://ballzy.eu/et/product/m-1996-retro-nuptse-vest-nf0a3jqqle4-s-cnf,https://backend.ballzy.eu/media/catalog/product/t/n/tnf-m-1996-retro-nuptse-vest-must-9ncu.jpg,The North Face,279.00 EUR,in_stock,Streetbrand OÜ,EE,true,false,true
NF0A3M5GKS7_M_CNF,M etip hardface glove,Spordiriided ballzy veebipoest. Vaata lähemalt ballzy.eu.,https://ballzy.eu/et/product/m-etip-hardface-glove-nf0a3m5gks7-m-cnf,https://backend.ballzy.eu/media/catalog/product/t/n/tnf-m-etip-hardface-glove-must-c5wo.jpg,The North Face,49.00 EUR,in_stock,Streetbrand OÜ,EE,true,false,true
NF0A3XEO1OI_S_CNF,W 1996 retro nuptse jacket,Spordiriided ballzy veebipoest. Vaata lähemalt ballzy.eu.,https://ballzy.eu/et/product/w-1996-retro-nuptse-jacket-nf0a3xeo1oi-s-cnf,https://backend.ballzy.eu/media/catalog/product/t/n/tnf-w-1996-retro-nuptse-jacket-pruun-icqs.jpg,The North Face,349.00 EUR,in_stock,Streetbrand OÜ,EE,true,false,true
NF0A3XEO5IX_XS_CNF,W 1996 retro nuptse jacket,Spordiriided ballzy veebipoest. Vaata lähemalt ballzy.eu.,https://ballzy.eu/et/product/w-1996-retro-nuptse-jacket-nf0a3xeo5ix-xs-cnf,https://backend.ballzy.eu/media/catalog/product/t/n/tnf-w-1996-retro-nuptse-jacket-valge-fa9n.jpg,The North Face,349.00 EUR,in_stock,Streetbrand OÜ,EE,true,false,true
NF0A3XEOLE4_XS_CNF,W 1996 retro nuptse jacket,Spordiriided ballzy veebipoest. Vaata lähemalt ballzy.eu.,https://ballzy.eu/et/product/w-1996-retro-nuptse-jacket-nf0a3xeole4-xs-cnf,https://backend.ballzy.eu/media/catalog/product/t/n/tnf-w-1996-retro-nuptse-jacket-must-eojd.jpg,The North Face,349.00 EUR,in_stock,Streetbrand OÜ,EE,true,false,true
NF0A3XEONL1_XS_CNF,W 1996 retro nuptse jacket,Spordiriided ballzy veebipoest. Vaata lähemalt ballzy.eu.,https://ballzy.eu/et/product/w-1996-retro-nuptse-jacket-nf0a3xeonl1-xs-cnf,https://backend.ballzy.eu/media/catalog/product/t/n/tnf-w-1996-retro-nuptse-jacket-roheline-9exo.jpg,The North Face,349.00 EUR,in_stock,Streetbrand OÜ,EE,true,false,true
NF0A4QYXJK3_S_CNF,M hmlyn down parka,Spordiriided ballzy veebipoest. Vaata lähemalt ballzy.eu.,https://ballzy.eu/et/product/m-hmlyn-down-parka-nf0a4qyxjk3-s-cnf,https://backend.ballzy.eu/media/catalog/product/t/n/tnf-m-hmlyn-down-parka-must-pcwp.jpg,The North Face,399.00 EUR,in_stock,Streetbrand OÜ,EE,true,false,true
NF0A4R2WJK3_XS_CNF,W hmlyn down parka,Spordiriided ballzy veebipoest. Vaata lähemalt ballzy.eu.,https://ballzy.eu/et/product/w-hmlyn-down-parka-nf0a4r2wjk3-xs-cnf,https://backend.ballzy.eu/media/catalog/product/t/n/tnf-w-hmlyn-down-parka-must-6ug4.jpg,The North Face,399.00 EUR,in_stock,Streetbrand OÜ,EE,true,false,true
NF0A832K4H0_XS_CNF,W nuptse parka,Spordiriided ballzy veebipoest. Vaata lähemalt ballzy.eu.,https://ballzy.eu/et/product/w-nuptse-parka-nf0a832k4h0-xs-cnf,https://backend.ballzy.eu/media/catalog/product/t/n/tnf-w-nuptse-parka-must-sgcv.jpg,The North Face,450.00 EUR,in_stock,Streetbrand OÜ,EE,true,false,true
NF0A88QZJK3_LXL_CNF,Urban lifestyle hood,Spordiriided ballzy veebipoest. Vaata lähemalt ballzy.eu.,https://ballzy.eu/et/product/urban-lifestyle-hood-nf0a88qzjk3-lxl-cnf,https://backend.ballzy.eu/media/catalog/product/t/n/tnf-urban-lifestyle-hood-must-0deq.jpg,The North Face,49.00 EUR,in_stock,Streetbrand OÜ,EE,true,false,true
NF0A88XKJK3_S_CNF,M retro denali pant,Spordiriided ballzy veebipoest. Vaata lähemalt ballzy.eu.,https://ballzy.eu/et/product/m-retro-denali-pant-nf0a88xkjk3-s-cnf,https://backend.ballzy.eu/media/catalog/product/t/n/tnf-m-retro-denali-pant-must-titg.jpg,The North Face,129.00 EUR,in_stock,Streetbrand OÜ,EE,true,false,true
NF0A88XN1OC_S_CNF,M 2000 polar nuptse jacket,Spordiriided ballzy veebipoest. Vaata lähemalt ballzy.eu.,https://ballzy.eu/et/product/m-2000-polar-nuptse-jacket-nf0a88xn1oc-s-cnf,https://backend.ballzy.eu/media/catalog/product/t/n/tnf-m-2000-polar-nuptse-jacket-roheline-rtjh.jpg,The North Face,349.00 EUR,in_stock,Streetbrand OÜ,EE,true,false,true
NF0A88XX5IF_S_CNF,M hmlyn track pant,Spordiriided ballzy veebipoest. Vaata lähemalt ballzy.eu.,https://ballzy.eu/et/product/m-hmlyn-track-pant-nf0a88xx5if-s-cnf,https://backend.ballzy.eu/media/catalog/product/t/n/tnf-m-hmlyn-track-pant-hall-srhk.jpg,The North Face,109.00 EUR,in_stock,Streetbrand OÜ,EE,true,false,true
NF0A88Y65WO_S_CNF,M extreme pile pullover 2,Spordiriided ballzy veebipoest. Vaata lähemalt ballzy.eu.,https://ballzy.eu/et/product/m-extreme-pile-pullover-2-nf0a88y65wo-s-cnf,https://backend.ballzy.eu/media/catalog/product/t/n/tnf-m-extreme-pile-pullover-2-roheline-ultw.jpg,The North Face,169.00 EUR,in_stock,Streetbrand OÜ,EE,true,false,true
NF0A88ZCJK3_XS_CNF,W extreme pile pullover 2,Spordiriided ballzy veebipoest. Vaata lähemalt ballzy.eu.,https://ballzy.eu/et/product/w-extreme-pile-pullover-2-nf0a88zcjk3-xs-cnf,https://backend.ballzy.eu/media/catalog/product/t/n/tnf-w-extreme-pile-pullover-2-must-utos.jpg,The North Face,149.00 EUR,in_stock,Streetbrand OÜ,EE,true,false,true
NF0A89GGJK3_S_CNF,M tnf x yinka ilori fleece pant,Spordiriided ballzy veebipoest. Vaata lähemalt ballzy.eu.,https://ballzy.eu/et/product/m-tnf-x-yinka-ilori-fleece-pant-nf0a89ggjk3-s-cnf,https://backend.ballzy.eu/media/catalog/product/t/n/tnf-m-tnf-x-yinka-ilori-fleece-pant-must-nkke.jpg,The North Face,139.00 EUR,in_stock,Streetbrand OÜ,EE,true,false,true
NF0A89GK4D5_S_CNF,M tnf x yinka ilori reversible fleece ja,Spordiriided ballzy veebipoest. Vaata lähemalt ballzy.eu.,https://ballzy.eu/et/product/m-tnf-x-yinka-ilori-reversible-fleece-ja-nf0a89gk4d5-s-cnf,https://backend.ballzy.eu/media/catalog/product/t/n/tnf-m-tnf-x-yinka-ilori-reversible-fleece-ja-bee-rg6m.jpg,The North Face,249.00 EUR,in_stock,Streetbrand OÜ,EE,true,false,true
NF0A89QHJK3_M_CNF,M montana ski mitt,Spordiriided ballzy veebipoest. Vaata lähemalt ballzy.eu.,https://ballzy.eu/et/product/m-montana-ski-mitt-nf0a89qhjk3-m-cnf,https://backend.ballzy.eu/media/catalog/product/t/n/tnf-m-montana-ski-mitt-must-5bsh.jpg,The North Face,64.00 EUR,in_stock,Streetbrand OÜ,EE,true,false,true
NF0A8A9JKX7_090_CNF,Glenclyffe zip gore-tex,Spordiriided ballzy veebipoest. Vaata lähemalt ballzy.eu.,https://ballzy.eu/et/product/glenclyffe-zip-gore-tex-nf0a8a9jkx7-090-cnf,https://backend.ballzy.eu/media/catalog/product/t/n/tnf-glenclyffe-zip-gore-tex-must-f4qy.jpg,The North Face,249.00 EUR,in_stock,Streetbrand OÜ,EE,true,false,true
NF0A8ABXKX7_090_CNF,Glenclyffe mule,Spordiriided ballzy veebipoest. Vaata lähemalt ballzy.eu.,https://ballzy.eu/et/product/glenclyffe-mule-nf0a8abxkx7-090-cnf,https://backend.ballzy.eu/media/catalog/product/t/n/tnf-glenclyffe-mule-must-ww5z.jpg,The North Face,129.00 EUR,in_stock,Streetbrand OÜ,EE,true,false,true
39520526_4_CNF,Suede xl,Spordiriided ballzy veebipoest. Vaata lähemalt ballzy.eu.,https://ballzy.eu/et/product/suede-xl-39520526-4-cnf,https://backend.ballzy.eu/media/catalog/product/p/u/puma-suede-xl-roosa-79cj.jpg,Puma,99.00 EUR,in_stock,Streetbrand OÜ,EE,true,false,true
DK0A863K0WH1_M_CNF,Dickies companion tee ss w,Spordiriided ballzy veebipoest. Vaata lähemalt ballzy.eu.,https://ballzy.eu/et/product/dickies-companion-tee-ss-w-dk0a863k0wh1-m-cnf,https://backend.ballzy.eu/media/catalog/product/d/i/dickies-dickies-companion-tee-ss-w-valge-janv.jpg,Dickies,39.00 EUR,in_stock,Streetbrand OÜ,EE,true,false,true
IH3524_10_CNF,Terrex free hiker 2 goretex,"matkake edasi. uurige rohkem. nautige vaadet. need kerged matkakingad pakuvad järgmise taseme mugavust ja tuge, et laiendada oma tegevusulatust mägedes, alates matkadest kuni nädalavahetuse ekskursioonideni. boost-vahetald annab energiat igale sammule, et hoida teid liikvel nii pikkadel kui ka lühikestel matkadel. gore-tex-membraan hoiab märjad olud eemale, lastes samal ajal jalgadel soojendades hingata. pehme, toetav pealmine osa ja keelekattega kate haarab teie jalga mugavalt, Vaata lähemalt ballzy.eu.",https://ballzy.eu/et/product/terrex-free-hiker-2-goretex-ih3524-10-cnf,https://backend.ballzy.eu/media/catalog/product/a/d/adidas-terrex-free-hiker-2-gtx-must-cayl.jpg,adidas Originals,219.00 EUR,in_stock,Streetbrand OÜ,EE,true,false,true
VN000JTGBLK1_L_CNF,Damask bff crew,Spordiriided ballzy veebipoest. Vaata lähemalt ballzy.eu.,https://ballzy.eu/et/product/damask-bff-crew-vn000jtgblk1-l-cnf,https://backend.ballzy.eu/media/catalog/product/v/a/vans-damask-bff-crew-must-j2af.jpg,Vans,79.00 EUR,in_stock,Streetbrand OÜ,EE,true,false,true
I029208_8906_30_CNF,Newel pant,Spordiriided ballzy veebipoest. Vaata lähemalt ballzy.eu.,https://ballzy.eu/et/product/newel-pant-i029208-8906-30-cnf,https://backend.ballzy.eu/media/catalog/product/c/a/carhartt-newel-pant-must-wpwk.jpg,Carhartt WIP,99.00 EUR,in_stock,Streetbrand OÜ,EE,true,false,true
60580759_OSFM_CNF,Wmns velour midi 9forty yankees,Spordiriided ballzy veebipoest. Vaata lähemalt ballzy.eu.,https://ballzy.eu/et/product/wmns-velour-midi-9forty-yankees-60580759-osfm-cnf,https://backend.ballzy.eu/media/catalog/product/n/e/newera-wmns-velour-midi-9forty-yankees-must-u9td.jpg,New Era,34.00 EUR,in_stock,Streetbrand OÜ,EE,true,false,true
60580760_OSFM_CNF,Wmns velour midi 9forty yankees,Spordiriided ballzy veebipoest. Vaata lähemalt ballzy.eu.,https://ballzy.eu/et/product/wmns-velour-midi-9forty-yankees-60580760-osfm-cnf,https://backend.ballzy.eu/media/catalog/product/n/e/newera-wmns-velour-midi-9forty-yankees-roheline-zdt6.jpg,New Era,34.00 EUR,in_stock,Streetbrand OÜ,EE,true,false,true
60580832_ML_CNF,Ne script cord 39thirty,Spordiriided ballzy veebipoest. Vaata lähemalt ballzy.eu.,https://ballzy.eu/et/product/ne-script-cord-39thirty-60580832-ml-cnf,https://backend.ballzy.eu/media/catalog/product/n/e/newera-ne-script-cord-39thirty-bee-npev.jpg,New Era,39.00 EUR,in_stock,Streetbrand OÜ,EE,true,false,true
60580834_ML_CNF,Ne script cord 39thirty,Spordiriided ballzy veebipoest. Vaata lähemalt ballzy.eu.,https://ballzy.eu/et/product/ne-script-cord-39thirty-60580834-ml-cnf,https://backend.ballzy.eu/media/catalog/product/n/e/newera-ne-script-cord-39thirty-must-1xsa.jpg,New Era,39.00 EUR,in_stock,Streetbrand OÜ,EE,true,false,true
DK0A4XK6MR11_30_32_CNF,874 work pant rec mushroom,Spordiriided ballzy veebipoest. Vaata lähemalt ballzy.eu.,https://ballzy.eu/et/product/874-work-pant-rec-mushroom-dk0a4xk6mr11-30-32-cnf,https://backend.ballzy.eu/media/catalog/product/d/i/dickies-874-work-pant-rec-mushroom-pruun-nin0.jpg,Dickies,79.00 EUR,in_stock,Streetbrand OÜ,EE,true,false,true
DK0A4ZAVF901_ML_CNF,Pinesdale gloves whitecap gray,Spordiriided ballzy veebipoest. Vaata lähemalt ballzy.eu.,https://ballzy.eu/et/product/pinesdale-gloves-whitecap-gray-dk0a4zavf901-ml-cnf,https://backend.ballzy.eu/media/catalog/product/d/i/dickies-pinesdale-gloves-whitecap-gray-valge-ufkd.jpg,Dickies,54.00 EUR,in_stock,Streetbrand OÜ,EE,true,false,true
U740BM2_4_CNF,New balance 740,"The original 740 was the kind of daily runner that would be worn into the ground with heavy miles and bought all over again. this longtime fan favorite returns from the archives, poised to inspire a whole new generation of devotees. the 740 combines familiar elements of 2000s running-inspiration – an open knit mesh upper, segmented midsole, and a streamlined silhouette – with flourishes like two-tone color mesh and angular overlays, that give the 740 a unique visual identity. whether you’re disc Vaata lähemalt ballzy.eu.",https://ballzy.eu/et/product/new-balance-740-u740bm2-4-cnf,https://backend.ballzy.eu/media/catalog/product/n/e/new-balance-new-balance-740-must-sser.jpg,New Balance,124.00 EUR,in_stock,Streetbrand OÜ,EE,true,false,true
U740WM2_4_CNF,New balance 740,"The original 740 was the kind of daily runner that would be worn into the ground with heavy miles and bought all over again. this longtime fan favorite returns from the archives, poised to inspire a whole new generation of devotees. the 740 combines familiar elements of 2000s running-inspiration – an open knit mesh upper, segmented midsole, and a streamlined silhouette – with flourishes like two-tone color mesh and angular overlays, that give the 740 a unique visual identity. whether you’re disc Vaata lähemalt ballzy.eu.",https://ballzy.eu/et/product/new-balance-740-u740wm2-4-cnf,https://backend.ballzy.eu/media/catalog/product/n/e/new-balance-new-balance-740-valge-jwud.jpg,New Balance,124.00 EUR,in_stock,Streetbrand OÜ,EE,true,false,true
VN000CS0D4C1_055_CNF,Knu skool,Spordiriided ballzy veebipoest. Vaata lähemalt ballzy.eu.,https://ballzy.eu/et/product/knu-skool-vn000cs0d4c1-055-cnf,https://backend.ballzy.eu/media/catalog/product/v/a/vans-knu-skool-pruun-nbmr.jpg,Vans,99.00 EUR,in_stock,Streetbrand OÜ,EE,true,false,true
VN000HN197I1_L_CNF,Lx oversized sherpa hoodie,Spordiriided ballzy veebipoest. Vaata lähemalt ballzy.eu.,https://ballzy.eu/et/product/lx-oversized-sherpa-hoodie-vn000hn197i1-l-cnf,https://backend.ballzy.eu/media/catalog/product/v/a/vans-lx-oversized-sherpa-hoodie-multicolor-hrz6.jpg,Vans,114.00 EUR,in_stock,Streetbrand OÜ,EE,true,false,true
CREP_PILLS_CNF,Protect pills,Spordiriided ballzy veebipoest. Vaata lähemalt ballzy.eu.,https://ballzy.eu/et/product/protect-pills-crep-pills-cnf,https://backend.ballzy.eu/media/catalog/product/c/r/crep-protect-protect-pills-f55s.jpg,Crep Protect,12.00 EUR,in_stock,Streetbrand OÜ,EE,true,false,true
KE1007_UB1_S_CNF,Eday cotton stretch boxer bri,Spordiriided ballzy veebipoest. Vaata lähemalt ballzy.eu.,https://ballzy.eu/et/product/eday-cotton-stretch-boxer-bri-ke1007-ub1-s-cnf,https://backend.ballzy.eu/media/catalog/product/n/i/nike-eday-cotton-stretch-boxer-bri-must-a7mr.jpg,Nike,39.00 EUR,in_stock,Streetbrand OÜ,EE,true,false,true
40156002_4_CNF,Inhale,Spordiriided ballzy veebipoest. Vaata lähemalt ballzy.eu.,https://ballzy.eu/et/product/inhale-40156002-4-cnf,https://backend.ballzy.eu/media/catalog/product/p/u/puma-inhale-punane-wjzc.jpg,Puma,159.00 EUR,in_stock,Streetbrand OÜ,EE,true,false,true
CP044_CNF,Crep protect - wipes 6 pack,6 wipes per tin. individually sealed for freshness. travel size wipes perfect for those unexpected marks when you’re on the move. smooth side for general cleaning and textured side for tougher marks. cotton fresh scented. Vaata lähemalt ballzy.eu.,https://ballzy.eu/et/product/crep-protect-wipes-6-pack-cp044-cnf,https://backend.ballzy.eu/media/catalog/product/c/r/crep-protect-crep-protect-wipes-6-pack-multicolor-pv6o.jpg,Crep Protect,7.00 EUR,in_stock,Streetbrand OÜ,EE,true,false,true
KE1007_9J1_L_CNF,Nike eday cttn strch boxer brief 3pk,Spordiriided ballzy veebipoest. Vaata lähemalt ballzy.eu.,https://ballzy.eu/et/product/nike-eday-cttn-strch-boxer-brief-3pk-ke1007-9j1-l-cnf,https://backend.ballzy.eu/media/catalog/product/n/i/nike-nike-eday-cttn-strch-boxer-brief-3pk-multicolor-dzm7.jpg,Nike,49.00 EUR,in_stock,Streetbrand OÜ,EE,true,false,true
KE1008_9J1_L_CNF,Nike eday cttn strch trunk 3pk,Spordiriided ballzy veebipoest. Vaata lähemalt ballzy.eu.,https://ballzy.eu/et/product/nike-eday-cttn-strch-trunk-3pk-ke1008-9j1-l-cnf,https://backend.ballzy.eu/media/catalog/product/n/i/nike-nike-eday-cttn-strch-trunk-3pk-multicolor-am4l.jpg,Nike,49.00 EUR,in_stock,Streetbrand OÜ,EE,true,false,true
KE1157_UB1_L_CNF,Nike ess micro boxer brief 3pk,Spordiriided ballzy veebipoest. Vaata lähemalt ballzy.eu.,https://ballzy.eu/et/product/nike-ess-micro-boxer-brief-3pk-ke1157-ub1-l-cnf,https://backend.ballzy.eu/media/catalog/product/n/i/nike-nike-ess-micro-boxer-brief-3pk-must-bigx.jpg,Nike,49.00 EUR,in_stock,Streetbrand OÜ,EE,true,false,true
KE1257_KP3_L_CNF,Nike ultra comfort boxer brief 3pk,Spordiriided ballzy veebipoest. Vaata lähemalt ballzy.eu.,https://ballzy.eu/et/product/nike-ultra-comfort-boxer-brief-3pk-ke1257-kp3-l-cnf,https://backend.ballzy.eu/media/catalog/product/n/i/nike-nike-ultra-comfort-boxer-brief-3pk-must-wwq4.jpg,Nike,49.00 EUR,in_stock,Streetbrand OÜ,EE,true,false,true
VN000HMFWHT1_L_CNF,Lx printed knit sweater,Spordiriided ballzy veebipoest. Vaata lähemalt ballzy.eu.,https://ballzy.eu/et/product/lx-printed-knit-sweater-vn000hmfwht1-l-cnf,https://backend.ballzy.eu/media/catalog/product/v/a/vans-lx-printed-knit-sweater-valge-dxsl.jpg,Vans,129.00 EUR,in_stock,Streetbrand OÜ,EE,true,false,true
I031920_0202_26_CNF,W´ noxon pant,Spordiriided ballzy veebipoest. Vaata lähemalt ballzy.eu.,https://ballzy.eu/et/product/w-noxon-pant-i031920-0202-26-cnf,https://backend.ballzy.eu/media/catalog/product/c/a/carhartt-w-noxon-pant-valge-78na.jpg,Carhartt WIP,89.00 EUR,in_stock,Streetbrand OÜ,EE,true,false,true
I034323_894O_26_CNF,W´ pierce pant straight,Spordiriided ballzy veebipoest. Vaata lähemalt ballzy.eu.,https://ballzy.eu/et/product/w-pierce-pant-straight-i034323-894o-26-cnf,https://backend.ballzy.eu/media/catalog/product/c/a/carhartt-w-pierce-pant-straight-must-t9s1.jpg,Carhartt WIP,139.00 EUR,in_stock,Streetbrand OÜ,EE,true,false,true
I034418_D6XX_S_CNF,W´ hooded harttbreaker sweat,Spordiriided ballzy veebipoest. Vaata lähemalt ballzy.eu.,https://ballzy.eu/et/product/w-hooded-harttbreaker-sweat-i034418-d6xx-s-cnf,https://backend.ballzy.eu/media/catalog/product/c/a/carhartt-w-hooded-harttbreaker-sweat-valge-zala.jpg,Carhartt WIP,109.00 EUR,in_stock,Streetbrand OÜ,EE,true,false,true
I034434_02XX_S_CNF,S/s pudding t-shirt,Spordiriided ballzy veebipoest. Vaata lähemalt ballzy.eu.,https://ballzy.eu/et/product/s-s-pudding-t-shirt-i034434-02xx-s-cnf,https://backend.ballzy.eu/media/catalog/product/c/a/carhartt-s-s-pudding-t-shirt-valge-upgp.jpg,Carhartt WIP,44.00 EUR,in_stock,Streetbrand OÜ,EE,true,false,true
I034360_2NEXX_0_CNF,Greatest hits logo cap,Spordiriided ballzy veebipoest. Vaata lähemalt ballzy.eu.,https://ballzy.eu/et/product/greatest-hits-logo-cap-i034360-2nexx-0-cnf,https://backend.ballzy.eu/media/catalog/product/c/a/carhartt-greatest-hits-logo-cap-roheline-11tt.jpg,Carhartt WIP,54.00 EUR,in_stock,Streetbrand OÜ,EE,true,false,true
IF6490_4.5_CNF,Handball spezial w,"Classic yet fresh. the adidas originals handball spezial shoes bring a legendary indoor model to the streets. originally made for handball courts in 1979, these shoes transition effortlessly to casual style. a smooth suede and leather upper provides premium comfort. iconic details like the spezial tongue logo and metallic signature along the side pay homage to an earlier era. underneath, a rubber outsole offers durable traction. pair these shoes with everything from jeans to track pants for a lo Vaata lähemalt ballzy.eu.",https://ballzy.eu/et/product/handball-spezial-w-if6490-4-5-cnf,https://backend.ballzy.eu/media/catalog/product/a/d/adidas-handball-spezial-w-pruun-xsdm.jpg,adidas Originals,119.00 EUR,in_stock,Streetbrand OÜ,EE,true,false,true
VN000K4JDWE1_L_CNF,Brush script loose ft po,Spordiriided ballzy veebipoest. Vaata lähemalt ballzy.eu.,https://ballzy.eu/et/product/brush-script-loose-ft-po-vn000k4jdwe1-l-cnf,https://backend.ballzy.eu/media/catalog/product/v/a/vans-brush-script-loose-ft-po-bee-fv5f.jpg,Vans,89.00 EUR,in_stock,Streetbrand OÜ,EE,true,false,true
39943101_4_CNF,Easy rider squid game,Spordiriided ballzy veebipoest. Vaata lähemalt ballzy.eu.,https://ballzy.eu/et/product/easy-rider-squid-game-39943101-4-cnf,https://backend.ballzy.eu/media/catalog/product/p/u/puma-easy-rider-squid-game-roheline-lj95.jpg,Puma,119.00 EUR,in_stock,Streetbrand OÜ,EE,true,false,true
62742886_S_CNF,Puma x squid game t7 iconic track jacket,Spordiriided ballzy veebipoest. Vaata lähemalt ballzy.eu.,https://ballzy.eu/et/product/puma-x-squid-game-t7-iconic-track-jacket-62742886-s-cnf,https://backend.ballzy.eu/media/catalog/product/p/u/puma-puma-x-squid-game-t7-iconic-track-jacket-roheline-dpbh.jpg,Puma,89.00 EUR,in_stock,Streetbrand OÜ,EE,true,false,true
HV3959_010_10_CNF,Air force 1 goretex,Spordiriided ballzy veebipoest. Vaata lähemalt ballzy.eu.,https://ballzy.eu/et/product/air-force-1-goretex-hv3959-010-10-cnf,https://backend.ballzy.eu/media/catalog/product/n/i/nike-air-force-1-gtx-must-4kgw.jpg,Nike,164.00 EUR,in_stock,Streetbrand OÜ,EE,true,false,true
FV7255_068_L_CNF,Michael jordan chicago pants,"kaasaegne kasulikkus jordaania moodi. vastupidav lõuend lisab meie chicago must-have pükstele struktureerituse. teemandikujulised koormataskud annavad sulle lisapakkimist. elastne vöökoht koos sisemise tõmblukuga aitab teil valida oma istuvust, samal ajal kui nööpkinnitus annab teile ajatu välimuse&hellip; toote üksikasjad: 100% puuvill. külje- ja tagataskud. masinpesu. imporditud. Vaata lähemalt ballzy.eu.",https://ballzy.eu/et/product/michael-jordan-chicago-pants-fv7255-068-l-cnf,https://backend.ballzy.eu/media/catalog/product/j/o/jordan-michael-jordan-chicago-pants-hall-94nt.jpg,Jordan,134.00 EUR,in_stock,Streetbrand OÜ,EE,true,false,true
FV7277_010_2XL_CNF,M j brk flc pant,"sviitrid, mille juurde võid haarata igal nädalapäeval? jah, meil on 'neid. väljaspool sile ja seestpoolt harjatud pehme, meie keskmise kaaluga fliis annab sulle kõik mõnusad tunded. lisaks teeb elastne vöökoht koos tõmblukuga oma sobivuse kindlustamise lihtsaks&hellip; toote üksikasjad: korpus: 80% puuvill / 20% polüester. taskukotid: 100% puuvill&hellip; küljetaskud. ribed mansetid. masinpesu. imporditud. Vaata lähemalt ballzy.eu.",https://ballzy.eu/et/product/m-j-brk-flc-pant-fv7277-010-2xl-cnf,https://backend.ballzy.eu/media/catalog/product/j/o/jordan-m-j-brk-flc-pant-must-lfff.jpg,Jordan,74.00 EUR,in_stock,Streetbrand OÜ,EE,true,false,true
I034446_89XX_M_CNF,Single knee pant,Spordiriided ballzy veebipoest. Vaata lähemalt ballzy.eu.,https://ballzy.eu/et/product/single-knee-pant-i034446-89xx-m-cnf,https://backend.ballzy.eu/media/catalog/product/c/a/carhartt-single-knee-pant-must-c34o.jpg,Carhartt WIP,199.00 EUR,in_stock,Streetbrand OÜ,EE,true,false,true
11069_05851_OS_CNF,Herschel little america pro,Spordiriided ballzy veebipoest. Vaata lähemalt ballzy.eu.,https://ballzy.eu/et/product/herschel-little-america-pro-11069-05851-os-cnf,https://backend.ballzy.eu/media/catalog/product/h/e/herschel-herschel-little-america-pro-sinine-umhm.jpg,Herschel,149.00 EUR,in_stock,Streetbrand OÜ,EE,true,false,true
22227001_040_CNF,2976 leather chelsea,Spordiriided ballzy veebipoest. Vaata lähemalt ballzy.eu.,https://ballzy.eu/et/product/2976-leather-chelsea-22227001-040-cnf,https://backend.ballzy.eu/media/catalog/product/d/r/dr-martens-2976-leather-chelsea-must-va9g.jpg,Dr. Martens,219.00 EUR,in_stock,Streetbrand OÜ,EE,true,false,true
IX6812_S_CNF,Tartan hcr 2pp,"viige see tagasi 70ndatesse. see kahest pakist koosnev adidas´i meeskonnasokkide komplekt toob sinu igapäevastesse stiilidesse retrohõngu. inspireerituna euroopa jalgpalliväljakute disainist minevikust, on ühel paaril ikooniline tartani ruuduline muster, samal ajal kui teine paar on lihtsa 3 triibuga ja trefoil´iga, mis viitab brändi pärandile. need sokid lisavad igale riietusele isikupära, olenemata sellest, kas sa ühendad neid jalatsite või saabastega. Vaata lähemalt ballzy.eu.",https://ballzy.eu/et/product/tartan-hcr-2pp-ix6812-s-cnf,https://backend.ballzy.eu/media/catalog/product/a/d/adidas-tartan-hcr-2pp-multicolor-9uzd.jpg,adidas Originals,19.00 EUR,in_stock,Streetbrand OÜ,EE,true,false,true
KL2318_009_CNF,Zan,Spordiriided ballzy veebipoest. Vaata lähemalt ballzy.eu.,https://ballzy.eu/et/product/zan-kl2318-009-cnf,https://backend.ballzy.eu/media/catalog/product/a/-/a-kj-rbede-zan-pruun-dz4t.jpg,A_kjÆrbede,29.00 EUR,in_stock,Streetbrand OÜ,EE,true,false,true
WP41513_AHH_L_CNF,Athletics french terry jogger,This jogger features soft french terry material and an embroidered logo for an elevated look. Vaata lähemalt ballzy.eu.,https://ballzy.eu/et/product/athletics-french-terry-jogger-wp41513-ahh-l-cnf,https://backend.ballzy.eu/media/catalog/product/n/e/new-balance-athletics-french-terry-jogger-hall-hojz.jpg,New Balance,89.00 EUR,in_stock,Streetbrand OÜ,EE,true,false,true
WT41501_AHH_L_CNF,Athletics jersey t-shirt,A premium t-shirt designed for everyday comfort in the gym and on the go. Vaata lähemalt ballzy.eu.,https://ballzy.eu/et/product/athletics-jersey-t-shirt-wt41501-ahh-l-cnf,https://backend.ballzy.eu/media/catalog/product/n/e/new-balance-athletics-jersey-t-shirt-hall-aprw.jpg,New Balance,44.00 EUR,in_stock,Streetbrand OÜ,EE,true,false,true
WT41537_AHH_L_CNF,Athletics french terry hoodie,"An elevated take on a timeless classic, this relaxed fit hoodie features soft, french terry construction and an embroidered new balance logo. Vaata lähemalt ballzy.eu.",https://ballzy.eu/et/product/athletics-french-terry-hoodie-wt41537-ahh-l-cnf,https://backend.ballzy.eu/media/catalog/product/n/e/new-balance-athletics-french-terry-hoodie-hall-ixgc.jpg,New Balance,94.00 EUR,in_stock,Streetbrand OÜ,EE,true,false,true
FM0643_M_CNF,Mid ankle sck,"leia oma õnnelik koht kuskil kanna ja vasika vahel. mitte liiga lühikesed ja mitte liiga pikad, need adidas´i keskmise lõikega meeskonnasokid sobivad suurepäraselt treeninguks või lihtsalt lõõgastumiseks. pehme ja veniv puuvillasegu on mugavuse ja sobivuse poolest täpselt õiges kohas. ja kuna igas pakendis on kolm paari, on sul alati värske komplekt valmis. selle toote puuvill on saadud better cotton´i kaudu. better cotton´i puuvillatoodangut hangitakse massi tasakaalustatuse m Vaata lähemalt ballzy.eu.",https://ballzy.eu/et/product/mid-ankle-sck-fm0643-m-cnf,https://backend.ballzy.eu/media/catalog/product/a/d/adidas-mid-ankle-sck-must-8zvp.jpg,adidas Originals,14.00 EUR,in_stock,Streetbrand OÜ,EE,true,false,true
FT8529_S_CNF,Mid ankle sck,"leia oma õnnelik koht kuskil kanna ja vasika vahel. mitte liiga lühikesed ja mitte liiga pikad, need adidas´i keskmise lõikega meeskonnasokid sobivad suurepäraselt treeninguks või lihtsalt lõõgastumiseks. pehme ja veniv puuvillasegu on mugavuse ja sobivuse poolest täpselt õiges kohas. ja kuna igas pakendis on kolm paari, on sul alati värske komplekt valmis. selle toote puuvill on saadud better cotton´i kaudu. better cotton´i puuvillatoodangut hangitakse massi tasakaalustatuse m Vaata lähemalt ballzy.eu.",https://ballzy.eu/et/product/mid-ankle-sck-ft8529-s-cnf,https://backend.ballzy.eu/media/catalog/product/a/d/adidas-mid-ankle-sck-valge-c9en.jpg,adidas Originals,14.00 EUR,in_stock,Streetbrand OÜ,EE,true,false,true
DK0A4TKVC581_OSFA_CNF,Hardwick,Spordiriided ballzy veebipoest. Vaata lähemalt ballzy.eu.,https://ballzy.eu/et/product/hardwick-dk0a4tkvc581-osfa-cnf,https://backend.ballzy.eu/media/catalog/product/d/i/dickies-hardwick-valge-iuwz.jpg,Dickies,34.00 EUR,in_stock,Streetbrand OÜ,EE,true,false,true
DD1873_113_10_CNF,W nike dunk low next nature,"see on loodud kõva puidu jaoks, kuid viidud tänavale, '80ndate ikoon naaseb, et lasta sul teha head, nähes hea välja. nüüd valmistatud vähemalt 20% ulatuses taaskasutatud materjalidest, värskendasime klassikat, mis säilitab algse terviklikkuse, kuid mille mõju on minimaalne. sünteetilisest nahast valmistatud dunk low suunab tänavale vintage-pallurite stiili ja lihtsa eluviisi&hellip; toote omadused: sunburst-sümbol esindab 1 väikest sammu meie teekonnal move to zero&hellip; karge Vaata lähemalt ballzy.eu.",https://ballzy.eu/et/product/w-nike-dunk-low-next-nature-dd1873-113-10-cnf,https://backend.ballzy.eu/media/catalog/product/n/i/nike-w-nike-dunk-low-next-nature-hall-fydm.jpg,Nike,129.00 EUR,in_stock,Streetbrand OÜ,EE,true,false,true
FV7247_091_2XL_CNF,M j flt flc po,"oleme lisanud jordaania must-have´ile hubase pöörde. väljaspool sile ja seestpoolt harjatud pehme, see keskmise kaaluga fliisist kapuuts on kõik, mis puudutab vabaaja mugavust. kergelt langetatud õlad ja traditsiooniline istuvus annavad sellele klassikalise tunde&hellip; toote üksikasjad: body/hood vooder: 100% puuvill. rib: 96% puuvilla/4% elastaani&hellip; esitasku. ribed mansetid ja hem. masinpesu. imporditud. Vaata lähemalt ballzy.eu.",https://ballzy.eu/et/product/m-j-flt-flc-po-fv7247-091-2xl-cnf,https://backend.ballzy.eu/media/catalog/product/j/o/jordan-m-j-flt-flc-po-must-czhe.jpg,Jordan,109.00 EUR,in_stock,Streetbrand OÜ,EE,true,false,true
FZ0252_010_L_CNF,M nk df icon jsy strtfv,"see sile ja kerge trikotaaž on disainitud nii, et see liigub koos sinuga nii väljakul kui ka väljaspool seda. uuendatud lõige on loodud hõlbustama liikumist, näiteks püüdma tagasilööke ja tulistama hüppajaid&hellip; toote omadused: nike dri-fit tehnoloogia viib higi nahast eemale, et see aurustuks kiiremini, aidates sul kuivana ja mugavalt püsida&hellip; värskendasime icon trikotaaži laiemate õlgadega, et see kataks rohkem, ning alandasime käeaukusid, et aidata sul liikuda ilma s Vaata lähemalt ballzy.eu.",https://ballzy.eu/et/product/m-nk-df-icon-jsy-strtfv-fz0252-010-l-cnf,https://backend.ballzy.eu/media/catalog/product/n/i/nike-m-nk-df-icon-jsy-strtfv-must-fa3j.jpg,Nike,39.00 EUR,in_stock,Streetbrand OÜ,EE,true,false,true
HF6191_100_2XL_CNF,Lebron james men´s nike tee m90 long sleeve,Spordiriided ballzy veebipoest. Vaata lähemalt ballzy.eu.,https://ballzy.eu/et/product/lebron-james-men-s-nike-tee-m90-long-sleeve-hf6191-100-2xl-cnf,https://backend.ballzy.eu/media/catalog/product/n/i/nike-lebron-james-men-s-nike-tee-m90-long-sleeve-valge-gnyl.jpg,Nike,59.00 EUR,in_stock,Streetbrand OÜ,EE,true,false,true
HM0173_011_L_CNF,M nsw sw air fb jersey,"see kerge ja ruumikas topp sobib hästi jalgpalli retrostiilis. selle hingav trikotaažkangas ja ümberlükatav krae lisavad tänavale stiili&hellip; toote omadused: nike dri-fit tehnoloogia juhib higi nahast eemale, et see aurustuks kiiremini, aidates sul kuivana ja mugavalt püsida&hellip; pehme trikookangas on kerge ja hingav&hellip; toote omaduste alapealkirjad: pehme trikookangas on kerge ja hingav&hellip; pehme trikookangas on kerge ja hingav: tootedetailid: ribitud mansetid. 100 Vaata lähemalt ballzy.eu.",https://ballzy.eu/et/product/m-nsw-sw-air-fb-jersey-hm0173-011-l-cnf,https://backend.ballzy.eu/media/catalog/product/n/i/nike-m-nsw-sw-air-fb-jersey-must-czaw.jpg,Nike,49.00 EUR,in_stock,Streetbrand OÜ,EE,true,false,true
IB3130_010_L_CNF,M j rare air wsh 85 ss crew,"rare airi kollektsioon tähistab erinevusi, mis eristavad meid ja teevad meid täiesti ainulaadseks. kahjustatud detailid ja jäik pragunev trükimärgistus paaristuvad kõikehõlmava pesuga, et saavutada tagasihoidlik, täiuslikult kulunud välimus&hellip; toote üksikasjad: 100% puuvill. masinpesu. imporditud. Vaata lähemalt ballzy.eu.",https://ballzy.eu/et/product/m-j-rare-air-wsh-85-ss-crew-ib3130-010-l-cnf,https://backend.ballzy.eu/media/catalog/product/j/o/jordan-m-j-rare-air-wsh-85-ss-crew-must-c1sj.jpg,Jordan,74.00 EUR,in_stock,Streetbrand OÜ,EE,true,false,true
IG6192_4.5_CNF,Handball spezial w,"The adidas handball spezial shoes revive a classic. originally released in the ´70s as an indoor sports shoe, they´re a timeless t-toe sneaker. the synthetic upper and textile lining deliver a lightweight, breathable construction. meanwhile, the rubber outsole offers essential traction for quick cuts and crossovers during urban adventures. step into retro-inspired design and experience originals style. Vaata lähemalt ballzy.eu.",https://ballzy.eu/et/product/handball-spezial-w-ig6192-4-5-cnf,https://backend.ballzy.eu/media/catalog/product/a/d/adidas-handball-spezial-w-roheline-ldj3.jpg,adidas Originals,119.00 EUR,in_stock,Streetbrand OÜ,EE,true,false,true
IP0662_XS_CNF,3 s baby tee,"see kehaümbrusesse sobiv adidas t-särk võimaldab sul originaalide pärandit värskelt ja energiliselt kanda. mugav puuvillasegu on kombineeritud ikooniliste 3 triibuga varrukatel. kanna seda, et anda märku oma seotusest aastakümnete pikkuse sporditraditsiooniga. Vaata lähemalt ballzy.eu.",https://ballzy.eu/et/product/3-s-baby-tee-ip0662-xs-cnf,https://backend.ballzy.eu/media/catalog/product/a/d/adidas-3-s-baby-tee-valge-p76l.jpg,adidas Originals,29.00 EUR,in_stock,Streetbrand OÜ,EE,true,false,true
JH5626_4_CNF,Campus 00s w,"ühendades mineviku ja oleviku, astu julgelt tulevikku nendes adidas originals´i campus 00s kingades. see versioon on inspireeritud nii 80ndate esimesest disainist kui ka 2000ndate skate-ajastust ja leiutab välimuse uuesti tänapäeva tänavariiete loojate jaoks. pehme ja karvane mokkamaterjal kombineerituna kinga eripärase õmblusega kujundab vormi, mis on ajatu ja ületamatu. lai pael ja pehme krae toovad kaasa kaasaegse mugavuse, samas kui hammastatud 3 triipu ja campus´i brändi kül Vaata lähemalt ballzy.eu.",https://ballzy.eu/et/product/campus-00s-w-jh5626-4-cnf,https://backend.ballzy.eu/media/catalog/product/a/d/adidas-campus-00s-w-must-tiga.jpg,adidas Originals,119.00 EUR,in_stock,Streetbrand OÜ,EE,true,false,true
JH8643_4.5_CNF,Sl 72 rs,"adidas sl 72 oli algselt mõeldud kergejõustiklastele, kes soovisid oma ajast sekundeid maha raiuda. tänapäeval on see tänu oma kergele konstruktsioonile ja elegantsele profiilile ideaalne linnas liikumiseks. retrohõngulisel nailonist pealsel on pehmed mokkamoe aktsendid. selle all on eva-välipõhi, mis pehmendab iga sammu ja lainetav välistald hoiab sind maas. Vaata lähemalt ballzy.eu.",https://ballzy.eu/et/product/sl-72-rs-jh8643-4-5-cnf,https://backend.ballzy.eu/media/catalog/product/a/d/adidas-sl-72-rs-roheline-naxh.jpg,adidas Originals,109.00 EUR,in_stock,Streetbrand OÜ,EE,true,false,true
JI3197_4_CNF,Samba xlg,"vii oma stiil uutesse kohtadesse koos adidas´i samba xlg-ga. see on täiustatud kõrgekvaliteedilise mokkamoe ja kummipinnaga, millel on peenelt tekstureeritud külgmised küljed ja mitmekülgne muster, ning pakub geniaalset segu sportlikust elegantsusest ja juhuslikust lahedusest. ikooniline tikitud kannalapp sobib kokku hammastatud 3 triibu materjaliga, samal ajal kui soonikuga vormitud keel on jalapealsel sama mugav kui kunagi varem. suurte tähtedega samba-märgistus küljel annab kõ Vaata lähemalt ballzy.eu.",https://ballzy.eu/et/product/samba-xlg-ji3197-4-cnf,https://backend.ballzy.eu/media/catalog/product/a/d/adidas-samba-xlg-roheline-a3ot.jpg,adidas Originals,129.00 EUR,in_stock,Streetbrand OÜ,EE,true,false,true
JI3198_4_CNF,Samba xlg,"vii oma stiil uutesse kohtadesse koos adidas´i samba xlg-ga. see on täiustatud kõrgekvaliteedilise mokkamoe ja kummipinnaga, millel on peenelt tekstureeritud külgmised küljed ja mitmekülgne muster, ning pakub geniaalset segu sportlikust elegantsusest ja juhuslikust lahedusest. ikooniline tikitud kannalapp sobib kokku hammastatud 3 triibu materjaliga, samal ajal kui soonikuga vormitud keel on jalapealsel sama mugav kui kunagi varem. suurte tähtedega samba-märgistus küljel annab kõ Vaata lähemalt ballzy.eu.",https://ballzy.eu/et/product/samba-xlg-ji3198-4-cnf,https://backend.ballzy.eu/media/catalog/product/a/d/adidas-samba-xlg-roheline-gibw.jpg,adidas Originals,129.00 EUR,in_stock,Streetbrand OÜ,EE,true,false,true
JP9998_4_CNF,Campus 00s,"madala lõikega adidas campus 00s on inspireeritud 80ndate ikoonist ja uuendatud tänapäevaks. minimaalsete õmblustega siledast nahast pealne loob lihtsa, kuid silmatorkava profiili, samal ajal kui kummi kummist välistald on kalasäärega, mis hoiab sind maas. kuldse kirjaga bränding lisab stiilse puudutuse, samas kui tekstiilvooder teeb nende jalga laskmise rõõmsaks. mitmekülgsed ja igale riietusele sobivad kingad, mis ühendavad endas disain ja moodsa stiili, et saada ajatu paar, mi Vaata lähemalt ballzy.eu.",https://ballzy.eu/et/product/campus-00s-jp9998-4-cnf,https://backend.ballzy.eu/media/catalog/product/a/d/adidas-campus-00s-valge-5syp.jpg,adidas Originals,119.00 EUR,in_stock,Streetbrand OÜ,EE,true,false,true
JQ7783_4_CNF,Campus 00s w,"proportsioonid on muutumas ja isiklik stiil valitseb. uue perspektiiviga meie campus 80s´ile näitavad need adidas´i trennid julget lihtsust oma parimas vormis puhta mokkamoe pealse ja klassikaliste kontrastsete 3 triibuga. uuendatud proportsioonid, mis on inspireeritud 2000ndate rulaajastust, toovad sinu igapäevastesse stiilidesse autentse, enesemääratletud meeleolu. Vaata lähemalt ballzy.eu.",https://ballzy.eu/et/product/campus-00s-w-jq7783-4-cnf,https://backend.ballzy.eu/media/catalog/product/a/d/adidas-campus-00s-w-punane-lbkb.jpg,adidas Originals,119.00 EUR,in_stock,Streetbrand OÜ,EE,true,false,true
JQ7784_4_CNF,Campus 00s w,"proportsioonid on muutumas ja isiklik stiil valitseb. uue perspektiiviga meie campus 80s´ile näitavad need adidas´i trennid julget lihtsust oma parimas vormis puhta mokkamoe pealse ja klassikaliste kontrastsete 3 triibuga. uuendatud proportsioonid, mis on inspireeritud 2000ndate rulaajastust, toovad sinu igapäevastesse stiilidesse autentse, enesemääratletud meeleolu. Vaata lähemalt ballzy.eu.",https://ballzy.eu/et/product/campus-00s-w-jq7784-4-cnf,https://backend.ballzy.eu/media/catalog/product/a/d/adidas-campus-00s-w-roheline-pqae.jpg,adidas Originals,119.00 EUR,in_stock,Streetbrand OÜ,EE,true,false,true
LAH51004_BK_OSZ_CNF,6 panel classic hat v 2.0,Spordiriided ballzy veebipoest. Vaata lähemalt ballzy.eu.,https://ballzy.eu/et/product/6-panel-classic-hat-v-2-0-lah51004-bk-osz-cnf,https://backend.ballzy.eu/media/catalog/product/n/e/new-balance-6-panel-classic-hat-v-2-0-must-y7gq.jpg,New Balance,29.00 EUR,in_stock,Streetbrand OÜ,EE,true,false,true
40134802_4_CNF,Suede xl,Spordiriided ballzy veebipoest. Vaata lähemalt ballzy.eu.,https://ballzy.eu/et/product/suede-xl-40134802-4-cnf,https://backend.ballzy.eu/media/catalog/product/p/u/puma-suede-xl-bee-zzp5.jpg,Puma,109.00 EUR,in_stock,Streetbrand OÜ,EE,true,false,true
63067101_S_CNF,Spicy dylan tee,Spordiriided ballzy veebipoest. Vaata lähemalt ballzy.eu.,https://ballzy.eu/et/product/spicy-dylan-tee-63067101-s-cnf,https://backend.ballzy.eu/media/catalog/product/p/u/puma-spicy-dylan-tee-valge-huvw.jpg,Puma,39.00 EUR,in_stock,Streetbrand OÜ,EE,true,false,true
DK0A4XK7D061_L_CNF,Work shirt ss,Spordiriided ballzy veebipoest. Vaata lähemalt ballzy.eu.,https://ballzy.eu/et/product/work-shirt-ss-dk0a4xk7d061-l-cnf,https://backend.ballzy.eu/media/catalog/product/d/i/dickies-work-shirt-ss-hall-90jv.jpg,Dickies,59.00 EUR,in_stock,Streetbrand OÜ,EE,true,false,true
DK0A4Y6UKHK1_L_CNF,M unlined eisenhower jacket,Spordiriided ballzy veebipoest. Vaata lähemalt ballzy.eu.,https://ballzy.eu/et/product/m-unlined-eisenhower-jacket-dk0a4y6ukhk1-l-cnf,https://backend.ballzy.eu/media/catalog/product/d/i/dickies-m-unlined-eisenhower-jacket-bee-djwk.jpg,Dickies,89.00 EUR,in_stock,Streetbrand OÜ,EE,true,false,true
DK0A4YAIWHX1_L_CNF,Summerdale ss tee,Spordiriided ballzy veebipoest. Vaata lähemalt ballzy.eu.,https://ballzy.eu/et/product/summerdale-ss-tee-dk0a4yaiwhx1-l-cnf,https://backend.ballzy.eu/media/catalog/product/d/i/dickies-summerdale-ss-tee-valge-igyx.jpg,Dickies,39.00 EUR,in_stock,Streetbrand OÜ,EE,true,false,true
DK0A4YGWF901_L_CNF,Oakport cropped coach jacket w,Spordiriided ballzy veebipoest. Vaata lähemalt ballzy.eu.,https://ballzy.eu/et/product/oakport-cropped-coach-jacket-w-dk0a4ygwf901-l-cnf,https://backend.ballzy.eu/media/catalog/product/d/i/dickies-oakport-cropped-coach-jacket-w-valge-6rwf.jpg,Dickies,74.00 EUR,in_stock,Streetbrand OÜ,EE,true,false,true
DK0A4YQCBLK1_L_CNF,Millersburg hoodie,Spordiriided ballzy veebipoest. Vaata lähemalt ballzy.eu.,https://ballzy.eu/et/product/millersburg-hoodie-dk0a4yqcblk1-l-cnf,https://backend.ballzy.eu/media/catalog/product/d/i/dickies-millersburg-hoodie-must-fk0m.jpg,Dickies,74.00 EUR,in_stock,Streetbrand OÜ,EE,true,false,true
DK0A4YQHF901_26_CNF,W mini work skirt,Spordiriided ballzy veebipoest. Vaata lähemalt ballzy.eu.,https://ballzy.eu/et/product/w-mini-work-skirt-dk0a4yqhf901-26-cnf,https://backend.ballzy.eu/media/catalog/product/d/i/dickies-w-mini-work-skirt-valge-osbe.jpg,Dickies,64.00 EUR,in_stock,Streetbrand OÜ,EE,true,false,true
DK0A4Z2WC481_L_CNF,Clancy hoodie w,Spordiriided ballzy veebipoest. Vaata lähemalt ballzy.eu.,https://ballzy.eu/et/product/clancy-hoodie-w-dk0a4z2wc481-l-cnf,https://backend.ballzy.eu/media/catalog/product/d/i/dickies-clancy-hoodie-w-must-txkd.jpg,Dickies,84.00 EUR,in_stock,Streetbrand OÜ,EE,true,false,true
DK0A4Z3YBLK1_L_CNF,Ronan shell jacket,Spordiriided ballzy veebipoest. Vaata lähemalt ballzy.eu.,https://ballzy.eu/et/product/ronan-shell-jacket-dk0a4z3yblk1-l-cnf,https://backend.ballzy.eu/media/catalog/product/d/i/dickies-ronan-shell-jacket-must-zuhf.jpg,Dickies,114.00 EUR,in_stock,Streetbrand OÜ,EE,true,false,true
DK0A4Z6D0WH1_OSFA_CNF,Painter mini bag,Spordiriided ballzy veebipoest. Vaata lähemalt ballzy.eu.,https://ballzy.eu/et/product/painter-mini-bag-dk0a4z6d0wh1-osfa-cnf,https://backend.ballzy.eu/media/catalog/product/d/i/dickies-painter-mini-bag-valge-maaq.jpg,Dickies,64.00 EUR,in_stock,Streetbrand OÜ,EE,true,false,true
DK0A4Z6SC481_26_CNF,Hilham denim w,Spordiriided ballzy veebipoest. Vaata lähemalt ballzy.eu.,https://ballzy.eu/et/product/hilham-denim-w-dk0a4z6sc481-26-cnf,https://backend.ballzy.eu/media/catalog/product/d/i/dickies-hilham-denim-w-must-ctn1.jpg,Dickies,89.00 EUR,in_stock,Streetbrand OÜ,EE,true,false,true
DK0A4Z750DS1_L_CNF,Jacquard eisenhower,Spordiriided ballzy veebipoest. Vaata lähemalt ballzy.eu.,https://ballzy.eu/et/product/jacquard-eisenhower-dk0a4z750ds1-l-cnf,https://backend.ballzy.eu/media/catalog/product/d/i/dickies-jacquard-eisenhower-bee-trjy.jpg,Dickies,124.00 EUR,in_stock,Streetbrand OÜ,EE,true,false,true
DK0A4Z7G0DS1_30_32_CNF,Jacquard carpenter pant,Spordiriided ballzy veebipoest. Vaata lähemalt ballzy.eu.,https://ballzy.eu/et/product/jacquard-carpenter-pant-dk0a4z7g0ds1-30-32-cnf,https://backend.ballzy.eu/media/catalog/product/d/i/dickies-jacquard-carpenter-pant-bee-csnk.jpg,Dickies,99.00 EUR,in_stock,Streetbrand OÜ,EE,true,false,true
DK0A4Z81C481_30_CNF,Service carpenter short,Spordiriided ballzy veebipoest. Vaata lähemalt ballzy.eu.,https://ballzy.eu/et/product/service-carpenter-short-dk0a4z81c481-30-cnf,https://backend.ballzy.eu/media/catalog/product/d/i/dickies-service-carpenter-short-must-zatn.jpg,Dickies,79.00 EUR,in_stock,Streetbrand OÜ,EE,true,false,true
DK0A4ZAYC481_OSFA_CNF,Hardwick corduroy cap,Spordiriided ballzy veebipoest. Vaata lähemalt ballzy.eu.,https://ballzy.eu/et/product/hardwick-corduroy-cap-dk0a4zayc481-osfa-cnf,https://backend.ballzy.eu/media/catalog/product/d/i/dickies-hardwick-corduroy-cap-must-r7sm.jpg,Dickies,39.00 EUR,in_stock,Streetbrand OÜ,EE,true,false,true
DK0A864HG701_L_CNF,Plentywood sweatshirt,Spordiriided ballzy veebipoest. Vaata lähemalt ballzy.eu.,https://ballzy.eu/et/product/plentywood-sweatshirt-dk0a864hg701-l-cnf,https://backend.ballzy.eu/media/catalog/product/d/i/dickies-plentywood-sweatshirt-hall-ntk7.jpg,Dickies,79.00 EUR,in_stock,Streetbrand OÜ,EE,true,false,true
DK0A866DBLK1_L_CNF,Plentywood hoodie,Spordiriided ballzy veebipoest. Vaata lähemalt ballzy.eu.,https://ballzy.eu/et/product/plentywood-hoodie-dk0a866dblk1-l-cnf,https://backend.ballzy.eu/media/catalog/product/d/i/dickies-plentywood-hoodie-must-kt31.jpg,Dickies,84.00 EUR,in_stock,Streetbrand OÜ,EE,true,false,true
DK0A87CJ0DS1_L_CNF,Clancy heavyweight hoodie,Spordiriided ballzy veebipoest. Vaata lähemalt ballzy.eu.,https://ballzy.eu/et/product/clancy-heavyweight-hoodie-dk0a87cj0ds1-l-cnf,https://backend.ballzy.eu/media/catalog/product/d/i/dickies-clancy-heavyweight-hoodie-bee-gmcz.jpg,Dickies,94.00 EUR,in_stock,Streetbrand OÜ,EE,true,false,true
FV7293_010_2XL_CNF,M j brk flc crew,"mis on vajalik igal nädalapäeval? loomulikult mugav dressipluus. väljaspool sile ja seestpoolt harjatud pehme, meie keskmise kaaluga fliis annab teile kõik hubased tunded klassikalises istuvuses&hellip; toote üksikasjad: korpus: 80% puuvill / 20% polüester. rib: 97% puuvill/3% elastaani&hellip; ribitud mansetid ja hem. tikitud jumpman. masinpesu. imporditud. Vaata lähemalt ballzy.eu.",https://ballzy.eu/et/product/m-j-brk-flc-crew-fv7293-010-2xl-cnf,https://backend.ballzy.eu/media/catalog/product/j/o/jordan-m-j-brk-flc-crew-must-yhxq.jpg,Jordan,74.00 EUR,in_stock,Streetbrand OÜ,EE,true,false,true
HQ1988_001_10_CNF,Nike shox r4,"A recrafted version of the early 2000s icon, the nike shox r4 replicates the original with its futuristic design lines and performance-like cushioning. nike shox columns in the heel distribute weight to maximize comfort while providing a bold look on the streets. Vaata lähemalt ballzy.eu.",https://ballzy.eu/et/product/nike-shox-r4-hq1988-001-10-cnf,https://backend.ballzy.eu/media/catalog/product/n/i/nike-nike-shox-r4-must-oo2i.jpg,Nike,179.00 EUR,in_stock,Streetbrand OÜ,EE,true,false,true
HV0949_320_L_CNF,M nk tch flc fz wr hoodie,"tõmba kapuuts, mis ühendab endas klassikalise ja tänapäevase. see garderoobi põhitarvik on kinnitatud nike´i pärandiga, kuid pakub samas värsket tech-esteetikat. nike's windrunner jope põhjal on sellel ikooniline chevron disain rinnal, mida on uuendatud kaasaegse sileda mõlemal küljel tech fleece konstruktsiooniga, mida sa armastad&hellip; toote omadused: meie esmaklassiline, mõlemal küljel siledaid fliis on soojem ja pehmem kui kunagi varem, säilitades samas sama kerge konstrukt Vaata lähemalt ballzy.eu.",https://ballzy.eu/et/product/m-nk-tch-flc-fz-wr-hoodie-hv0949-320-l-cnf,https://backend.ballzy.eu/media/catalog/product/n/i/nike-m-nk-tch-flc-fz-wr-hoodie-roheline-qhj1.jpg,Nike,129.00 EUR,in_stock,Streetbrand OÜ,EE,true,false,true
LAS51293_WT_L_CNF,Nb everyday crew 3 pairs,These comfortable socks help keep your feet fresh all day long. Vaata lähemalt ballzy.eu.,https://ballzy.eu/et/product/nb-everyday-crew-3-pairs-las51293-wt-l-cnf,https://backend.ballzy.eu/media/catalog/product/n/e/new-balance-nb-everyday-crew-3-pairs-valge-vkw5.jpg,New Balance,19.00 EUR,in_stock,Streetbrand OÜ,EE,true,false,true
MP41508_AHH_2XL_CNF,Athletics french terry jogger,Spordiriided ballzy veebipoest. Vaata lähemalt ballzy.eu.,https://ballzy.eu/et/product/athletics-french-terry-jogger-mp41508-ahh-2xl-cnf,https://backend.ballzy.eu/media/catalog/product/n/e/new-balance-athletics-french-terry-jogger-hall-fnhf.jpg,New Balance,89.00 EUR,in_stock,Streetbrand OÜ,EE,true,false,true
MT41534_AHH_2XL_CNF,Athletics french terry hoodie,Spordiriided ballzy veebipoest. Vaata lähemalt ballzy.eu.,https://ballzy.eu/et/product/athletics-french-terry-hoodie-mt41534-ahh-2xl-cnf,https://backend.ballzy.eu/media/catalog/product/n/e/new-balance-athletics-french-terry-hoodie-hall-qjn0.jpg,New Balance,95.00 EUR,in_stock,Streetbrand OÜ,EE,true,false,true
U9060NRI_8.5_CNF,New balance u9060,"The new 9060 reinterprets familiar elements sourced from classic 99x series models with a warped sensibility inspired by the proudly futuristic, visible tech aesthetic of the y2k era. sway bars, taken from the 990, are expanded and utilized throughout the entire upper for a sense of visible motion, while wavy lines and scaled up proportions on a sculpted pod midsole place an exaggerated emphasis on the familiar cushioning platforms of abzorb and sbs. Vaata lähemalt ballzy.eu.",https://ballzy.eu/et/product/new-balance-u9060-u9060nri-8-5-cnf,https://backend.ballzy.eu/media/catalog/product/n/e/new-balance-new-balance-u9060-must-flsi.jpg,New Balance,199.00 EUR,in_stock,Streetbrand OÜ,EE,true,false,true
HT3453_S_CNF,C spw crw 6p,"need meeskonnapikkuses adidas sokid on valmistatud puuvillast ja polüestrist, mis tagavad pehme tunde. tugevad jalakaarel, pehmendusega kannal ja varvastel, need ümbritsevad teie jalga mugavusega ja neil on ühendatud varbaõmblused, et vältida hõõrdumist. vähemalt 50% sellest tootest on taaskasutatud ja taastuvate materjalide segu. Vaata lähemalt ballzy.eu.",https://ballzy.eu/et/product/c-spw-crw-6p-ht3453-s-cnf,https://backend.ballzy.eu/media/catalog/product/a/d/adidas-c-spw-crw-6p-valge-vfvk.jpg,adidas Originals,24.00 EUR,in_stock,Streetbrand OÜ,EE,true,false,true
10027595_A02_L_CNF,Color blocked coaches jacket,Spordiriided ballzy veebipoest. Vaata lähemalt ballzy.eu.,https://ballzy.eu/et/product/color-blocked-coaches-jacket-10027595-a02-l-cnf,https://backend.ballzy.eu/media/catalog/product/c/o/converse-color-blocked-coaches-jacket-valge-tfwv.jpg,Converse,119.00 EUR,in_stock,Streetbrand OÜ,EE,true,false,true
39884601_4_CNF,Speedcat og,Spordiriided ballzy veebipoest. Vaata lähemalt ballzy.eu.,https://ballzy.eu/et/product/speedcat-og-39884601-4-cnf,https://backend.ballzy.eu/media/catalog/product/p/u/puma-speedcat-og-must-iqwq.jpg,Puma,119.00 EUR,in_stock,Streetbrand OÜ,EE,true,false,true
39884602_4_CNF,Speedcat og,Spordiriided ballzy veebipoest. Vaata lähemalt ballzy.eu.,https://ballzy.eu/et/product/speedcat-og-39884602-4-cnf,https://backend.ballzy.eu/media/catalog/product/p/u/puma-speedcat-og-punane-f99l.jpg,Puma,119.00 EUR,in_stock,Streetbrand OÜ,EE,true,false,true
BD7633_10_CNF,Handball spezial,"esmakordselt 1979. aastal eliitkäsipallurite jaoks kasutusele võetud kingad on nüüdseks armastatud oma klassikalise stiili tõttu. see versioon on valmistatud lehma mokkast pealsest, mis tagab paindliku tunde. pehme kummist välistald hoiab neid oma vintage-juurtele truuks. Vaata lähemalt ballzy.eu.",https://ballzy.eu/et/product/handball-spezial-bd7633-10-cnf,https://backend.ballzy.eu/media/catalog/product/a/d/adidas-handball-spezial-sinine-lkj5.jpg,adidas Originals,119.00 EUR,in_stock,Streetbrand OÜ,EE,true,false,true
FN5116_838_L_CNF,W j spt diamond ss top,"see sportlik üleriietus on täispikk ja lõtv, mis liigub koos sinuga, ükskõik mida sa ka ei teeks. kujundusjooned ja kumer saum loovad visuaalset huvi ning rombikujuline võrkkiudude sissekanne seljal mitte ainult ei näe lahe välja, vaid aitab teil sõna otseses mõttes jahtuda&hellip; tooteomadused: ikooniline jordan diamond detail seljal on kerge power mesh paneel, mis suurendab hingavust&hellip; nike dri-fit tehnoloogia liigutab higi nahast eemale, et see aurustuks kiiremini, aida Vaata lähemalt ballzy.eu.",https://ballzy.eu/et/product/w-j-spt-diamond-ss-top-fn5116-838-l-cnf,https://backend.ballzy.eu/media/catalog/product/j/o/jordan-w-j-spt-diamond-ss-top-multicolor-04ic.jpg,Jordan,54.00 EUR,in_stock,Streetbrand OÜ,EE,true,false,true
FV7077_017_L_CNF,W j brk flc pant 24,"higistused igaks nädalapäevaks? jah, meil on 'neid. väljaspool sile ja seestpoolt harjatud pehme, meie keskmise kaaluga fliis annab sulle kõik mõnusad tunded koos ruumika, lõdvestunud välimusega. elastne vöökoht koos pingutusnööriga muudab täiusliku istuvuse leidmise lihtsaks&hellip; toote üksikasjad: body: 80% puuvill / 20% polüester. taskukoti sõrmikupool: 100% puuvill&hellip; elastsed mansetid. küljetaskud. tikitud jumpman. masinpesu. imporditud. Vaata lähemalt ballzy.eu.",https://ballzy.eu/et/product/w-j-brk-flc-pant-24-fv7077-017-l-cnf,https://backend.ballzy.eu/media/catalog/product/j/o/jordan-w-j-brk-flc-pant-24-sinine-b2q6.jpg,Jordan,79.00 EUR,in_stock,Streetbrand OÜ,EE,true,false,true
HJ1973_451_L_CNF,M nk club balloon pant,"need ülimalt mugavad nike clubi püksid on täiuslik tasakaal juhusliku mugavuse ja mitmekülgse kandmise vahel. pehme kootud kangas pakub jahedat, kerget tunnet&hellip; toote omadused: elastne vöökoht ja väline tõmbekordel pakuvad mugavat istuvust, mida saate reguleerida vastavalt oma eelistustele&hellip; küljetaskud ja nööbitaskud seljas pakuvad palju ruumi oluliste asjade hoidmiseks&hellip; tooteomaduste alapealkirjad: käetaskud küljel ja nööbitaskud seljas pakuvad rohkelt ruumi Vaata lähemalt ballzy.eu.",https://ballzy.eu/et/product/m-nk-club-balloon-pant-hj1973-451-l-cnf,https://backend.ballzy.eu/media/catalog/product/n/i/nike-m-nk-club-balloon-pant-must-bsbk.jpg,Nike,94.00 EUR,in_stock,Streetbrand OÜ,EE,true,false,true
HJ3325_412_L_CNF,M nk tee m90 oc 1,"throwback hoops graafika ja vintage pesu avaral, pehmest puuvillast t-särgil? jah, palun&hellip; toote omadused: max90 t-särk annab lõdvestunud ja vabaaja välimuse&hellip; keskmise kaaluga puuvillane kangas on pehme ja kergelt rippuv&hellip; tooteomaduste alapealkirjad: pehmed õlad, pikemad varrukad ja ruumikas istuvus kehal ja puusadel: tootedetailid: 100% puuvill. masinpesu. imporditud. Vaata lähemalt ballzy.eu.",https://ballzy.eu/et/product/m-nk-tee-m90-oc-1-hj3325-412-l-cnf,https://backend.ballzy.eu/media/catalog/product/n/i/nike-m-nk-tee-m90-oc-1-sinine-knpp.jpg,Nike,49.00 EUR,in_stock,Streetbrand OÜ,EE,true,false,true
JC8262_XS_CNF,Firebird tt,"värske ja elurõõmus adicolor firebird trennitriip tähistab adidase legendaarse dna jõudu ja autentsust. see mugav jope on lõigatud moodsast trikotaažkangast, mis tagab karge välimuse ja paneb kindlasti pead pöörama. lisaks on sellel mugaval jopelil meie ikoonilised 3 triipu varrukatel ja tikitud trefoil-logo rinnal. tõmba tõmblukk kinni ja näita maailmale oma enesekindlat külge.tunne süsteinjaljapainet: meie toote süsinikujalajälje arvutamise metoodika on arvestanud kõiki elutsük Vaata lähemalt ballzy.eu.",https://ballzy.eu/et/product/firebird-tt-jc8262-xs-cnf,https://backend.ballzy.eu/media/catalog/product/a/d/adidas-firebird-tt-roheline-vu17.jpg,adidas Originals,74.00 EUR,in_stock,Streetbrand OÜ,EE,true,false,true
JD1004_OSFW_CNF,Wording cap,"see adidas´i müts teeb mängulise ja iroonilise avalduse. esiküljele on tikitud ""voulez-vous courir avec moi"" ja tagaküljele on tikitud väike tossuke. pehmest puuvillasest twillmaterjalist valmistatud, struktureerimata müts pakub juhuslikku ja lihtsat õhkkonda. reguleeritav rihm seljas võimaldab sobivust kohandada. Vaata lähemalt ballzy.eu.",https://ballzy.eu/et/product/wording-cap-jd1004-osfw-cnf,https://backend.ballzy.eu/media/catalog/product/a/d/adidas-wording-cap-must-sooj.jpg,adidas Originals,24.00 EUR,in_stock,Streetbrand OÜ,EE,true,false,true
JD2453_S_CNF,Ess woven cargo,"kuhu iganes päev sind ka ei vii, need adidas´i koormapüksid on reisiks valmis. mitmed taskud hoiavad hädavajalikud asjad lähedal ja sileda sileda koega konstruktsioon tagab mugavuse kogu päevaks. väike trefoil ühel taskul lõpetab välimuse, ühendades sind aastakümnete pikkuse adidas´i pärandiga. Vaata lähemalt ballzy.eu.",https://ballzy.eu/et/product/ess-woven-cargo-jd2453-s-cnf,https://backend.ballzy.eu/media/catalog/product/a/d/adidas-ess-woven-cargo-must-hto7.jpg,adidas Originals,69.00 EUR,in_stock,Streetbrand OÜ,EE,true,false,true
JD2606_XS_CNF,V-neck polo,"see adidas´i naiste polosärk segab 2000ndate alguse sportlikku esteetikat kaasaegse stiiliga. kitsas, kastiline lõige annab sellele lõdvestunud meeleolu ja 3 triipu varrukatel annavad sellele klassikalise spordistiili. sobita see kõrge vöökohaga pükste või seelikuga, et saavutada sportlik ja samas stiilne välimus. see toode on valmistatud 100% ringlussevõetud materjalidest. juba loodud materjalide taaskasutamisega aitame vähendada jäätmeid ja meie sõltuvust piiratud ressurssides Vaata lähemalt ballzy.eu.",https://ballzy.eu/et/product/v-neck-polo-jd2606-xs-cnf,https://backend.ballzy.eu/media/catalog/product/a/d/adidas-v-neck-polo-must-c8th.jpg,adidas Originals,39.00 EUR,in_stock,Streetbrand OÜ,EE,true,false,true
JD2608_XS_CNF,V-neck polo,"see adidas´i naiste polosärk segab 2000ndate alguse sportlikku esteetikat kaasaegse stiiliga. kitsas, kastiline lõige annab sellele lõdvestunud meeleolu ja 3 triipu varrukatel annavad sellele klassikalise spordistiili. sobita see kõrge vöökohaga pükste või seelikuga, et saavutada sportlik ja samas stiilne välimus. see toode on valmistatud 100% ringlussevõetud materjalidest. juba loodud materjalide taaskasutamisega aitame vähendada jäätmeid ja meie sõltuvust piiratud ressurssides Vaata lähemalt ballzy.eu.",https://ballzy.eu/et/product/v-neck-polo-jd2608-xs-cnf,https://backend.ballzy.eu/media/catalog/product/a/d/adidas-v-neck-polo-valge-fmtm.jpg,adidas Originals,39.00 EUR,in_stock,Streetbrand OÜ,EE,true,false,true
LAB51503_FDP_OSZ_CNF,Graphic tote,Spordiriided ballzy veebipoest. Vaata lähemalt ballzy.eu.,https://ballzy.eu/et/product/graphic-tote-lab51503-fdp-osz-cnf,https://backend.ballzy.eu/media/catalog/product/n/e/new-balance-graphic-tote-bee-wp5w.jpg,New Balance,29.00 EUR,in_stock,Streetbrand OÜ,EE,true,false,true
LAB51503_TRD_OSZ_CNF,Graphic tote,Spordiriided ballzy veebipoest. Vaata lähemalt ballzy.eu.,https://ballzy.eu/et/product/graphic-tote-lab51503-trd-osz-cnf,https://backend.ballzy.eu/media/catalog/product/n/e/new-balance-graphic-tote-bee-yo7d.jpg,New Balance,29.00 EUR,in_stock,Streetbrand OÜ,EE,true,false,true
WP51538_BK_L_CNF,Boylston twill trouser,Spordiriided ballzy veebipoest. Vaata lähemalt ballzy.eu.,https://ballzy.eu/et/product/boylston-twill-trouser-wp51538-bk-l-cnf,https://backend.ballzy.eu/media/catalog/product/n/e/new-balance-boylston-twill-trouser-must-3qgt.jpg,New Balance,84.00 EUR,in_stock,Streetbrand OÜ,EE,true,false,true
60222524_OSFM_CNF,Wmns league ess 9forty yankees,Spordiriided ballzy veebipoest. Vaata lähemalt ballzy.eu.,https://ballzy.eu/et/product/wmns-league-ess-9forty-yankees-60222524-osfm-cnf,https://backend.ballzy.eu/media/catalog/product/n/e/newera-wmns-league-ess-9forty-yankees-lilla-dpeh.jpg,New Era,24.00 EUR,in_stock,Streetbrand OÜ,EE,true,false,true
IE5897_4.5_CNF,Handball spezial w,"mine sinna, kuhu su vaim sind liigutab nendes adidas´i tossudes. esmakordselt 1979. aastal profi sisekohtadele välja antud ja sellest ajast alates tänavastiili ikoonideks saanud madala profiiliga handball spezial kingad kannavad alati aktuaalset retrohõngu. disain on nüüd ümber kujundatud vabade vaimude jaoks, kes määravad ise oma kurssi. pealne on mokkast, mida rõhutavad mokkast 3 triipu ja muud adidas originals´i arhiividest inspireeritud signatuursed detailid. klassikaline sil Vaata lähemalt ballzy.eu.",https://ballzy.eu/et/product/handball-spezial-w-ie5897-4-5-cnf,https://backend.ballzy.eu/media/catalog/product/a/d/adidas-handball-spezial-w-must-ff8v.jpg,adidas Originals,119.00 EUR,in_stock,Streetbrand OÜ,EE,true,false,true
22760001_040_CNF,Adrian,Spordiriided ballzy veebipoest. Vaata lähemalt ballzy.eu.,https://ballzy.eu/et/product/adrian-22760001-040-cnf,https://backend.ballzy.eu/media/catalog/product/d/r/dr-martens-adrian-must-aumv.jpg,Dr. Martens,189.00 EUR,in_stock,Streetbrand OÜ,EE,true,false,true
62991401_XS_CNF,Archive seasonal relaxed racer jacket,Spordiriided ballzy veebipoest. Vaata lähemalt ballzy.eu.,https://ballzy.eu/et/product/archive-seasonal-relaxed-racer-jacket-62991401-xs-cnf,https://backend.ballzy.eu/media/catalog/product/p/u/puma-archive-seasonal-relaxed-racer-jacket-must-s5pn.jpg,Puma,149.00 EUR,in_stock,Streetbrand OÜ,EE,true,false,true
JC9995_S_CNF,Trefoil ess tee,"see t-särk laseb sinu kirg adidas´i vastu välja tulla, sest rinnal on peenelt paigutatud trefoil´i logo. see on valmistatud pehmest puuvillasest trikotaažkangast, mis tagab mugava tunde. klassikaline kaeluskaelus ja tavaline lõige hoiavad välimuse ikoonilisena. Vaata lähemalt ballzy.eu.",https://ballzy.eu/et/product/trefoil-ess-tee-jc9995-s-cnf,https://backend.ballzy.eu/media/catalog/product/a/d/adidas-trefoil-ess-tee-oran-6uia.jpg,adidas Originals,24.00 EUR,in_stock,Streetbrand OÜ,EE,true,false,true
VN0008N6ZUJ1_30_CNF,Service cargo loose tapered pant,Spordiriided ballzy veebipoest. Vaata lähemalt ballzy.eu.,https://ballzy.eu/et/product/service-cargo-loose-tapered-pant-vn0008n6zuj1-30-cnf,https://backend.ballzy.eu/media/catalog/product/v/a/vans-service-cargo-loose-tapered-pant-hall-thez.jpg,Vans,84.00 EUR,in_stock,Streetbrand OÜ,EE,true,false,true
VN000M0TFS81_L_CNF,Skate timez up ss tee,Spordiriided ballzy veebipoest. Vaata lähemalt ballzy.eu.,https://ballzy.eu/et/product/skate-timez-up-ss-tee-vn000m0tfs81-l-cnf,https://backend.ballzy.eu/media/catalog/product/v/a/vans-skate-timez-up-ss-tee-valge-mhsx.jpg,Vans,44.00 EUR,in_stock,Streetbrand OÜ,EE,true,false,true
VN000P2A1NU1_OSFA_CNF,Skate tribal unstructured,Spordiriided ballzy veebipoest. Vaata lähemalt ballzy.eu.,https://ballzy.eu/et/product/skate-tribal-unstructured-vn000p2a1nu1-osfa-cnf,https://backend.ballzy.eu/media/catalog/product/v/a/vans-skate-tribal-unstructured-pruun-ysdn.jpg,Vans,39.00 EUR,in_stock,Streetbrand OÜ,EE,true,false,true
553560_040_4.5Y_CNF,Air jordan 1 low gs,"ikooniline välimus, mis kestab. see aj1 ühendab originaalide klassikalise disaini kõrgekvaliteediliste materjalidega, mis hoiavad teid kogu päeva&hellip; toote omadused: ehtne ja sünteetiline nahk ülaosa tagab vastupidava mugavuse&hellip; nike air üksus kannas loob kerge ja põrgatava pehmenduse&hellip; flex sooned välistalla esiosas. kummist välistald tagab haardumise erinevatel pindadel&hellip; toote omaduste alapealkirjad: Vaata lähemalt ballzy.eu.",https://ballzy.eu/et/product/air-jordan-1-low-gs-553560-040-4-5y-cnf,https://backend.ballzy.eu/media/catalog/product/j/o/jordan-air-jordan-1-low-gs-hall-nies.jpg,Jordan,119.00 EUR,in_stock,Streetbrand OÜ,EE,true,false,true
AR4997_013_S_CNF,M nsw club tee,"teadlik piiratus sinu päevasse rõivatusse&hellip; nike sportswear club t-särk on valmistatud meie igapäevasest puuvillasest kangast ja klassikalise istuvusega, mis tagab tuttava tunde kohe kotist välja. tikitud futura logo rinnal annab nike´ile iseloomuliku välimuse&hellip; toote omadused: klassikalise istuvusega t-särgi siluett on lõdvestunud kehal ja puusadel&hellip; igapäevane puuvillane kangas tundub pehme ja kerge&hellip; toote omaduste alapealkirjad: tootedetailid: standard Vaata lähemalt ballzy.eu.",https://ballzy.eu/et/product/m-nsw-club-tee-ar4997-013-s-cnf,https://backend.ballzy.eu/media/catalog/product/n/i/nike-m-nsw-club-tee-must-t8r4.jpg,Nike,29.00 EUR,in_stock,Streetbrand OÜ,EE,true,false,true
BQ6472_800_5_CNF,Wmns air jordan 1 mid,"pärismaine stiil, premium mugavus kursil ja väljaspool seda&hellip; air jordan 1 mid toob ikoonilise välimuse juurde täispika stiili ja esmaklassilise mugavuse. selle air-sole üksus pehmendab mängu kõvaplatsil, samas kui polsterdatud krae annab sulle toetava tunde&hellip; toote omadused: premium nahast ja sünteetilisest materjalist pealne pakub vastupidavust, mugavust ja tuge&hellip; air-sole üksus kannas pakub iseloomulikku pehmendust&hellip; kummist välistald pakub haarduvust e Vaata lähemalt ballzy.eu.",https://ballzy.eu/et/product/wmns-air-jordan-1-mid-bq6472-800-5-cnf,https://backend.ballzy.eu/media/catalog/product/j/o/jordan-wmns-air-jordan-1-mid-bee-yvau.jpg,Jordan,169.00 EUR,in_stock,Streetbrand OÜ,EE,true,false,true
BV1021_002_7.5_CNF,W nike p-6000,"mineviku pegasus' mash-up, nike p-6000 pakub hingavat võrku, millel on horisontaalsed ja vertikaalsed kattekihid 2000ndate aastate jooksu välimuse jaoks, mis on sama silmatorkav kui näiteks majesteetlik tiibadega hobune. nike pegasus 25 ja 2006. aasta disainist lähtudes kohtub selle jooksuesteetika tänavamugavusega kogu päeva jooksul&hellip; toote omadused: nahast, tekstiilist ja sünteetilisest materjalist pealne annab mugavat tuge&hellip; disain on inspireeritud nike pegasus 25 Vaata lähemalt ballzy.eu.",https://ballzy.eu/et/product/w-nike-p-6000-bv1021-002-7-5-cnf,https://backend.ballzy.eu/media/catalog/product/n/i/nike-w-nike-p-6000-must-69g7.jpg,Nike,104.00 EUR,in_stock,Streetbrand OÜ,EE,true,false,true
IU2190_S_CNF,Select socks,"korvpallitossud võivad saada kõik pilgud, kuid just sokid on need, mis panevad need nii toimima, nagu nad toimivad. need adidas´i meeskonnasokid on valmistatud pehmest trikookangast, mis on piisavalt veniv, et istuda hästi. pehmendused olulistes kohtades tagavad mugavuse, olenemata sellest, kas sa saad korvi kõnniteel või lõõgastud mängu jälgides. vähemalt 50% sellest tootest on segu taaskasutatud ja taastuvatest materjalidest. Vaata lähemalt ballzy.eu.",https://ballzy.eu/et/product/select-socks-iu2190-s-cnf,https://backend.ballzy.eu/media/catalog/product/a/d/adidas-select-socks-valge-ufhg.jpg,adidas Originals,14.00 EUR,in_stock,Streetbrand OÜ,EE,true,false,true
IU2191_S_CNF,Select socks,"korvpallitossud võivad saada kõik pilgud, kuid just sokid on need, mis panevad need nii toimima, nagu nad toimivad. need adidas´i meeskonnasokid on valmistatud pehmest trikookangast, mis on piisavalt veniv, et istuda hästi. pehmendused olulistes kohtades tagavad mugavuse, olenemata sellest, kas sa saad korvi kõnniteel või lõõgastud mängu jälgides. vähemalt 50% sellest tootest on segu taaskasutatud ja taastuvatest materjalidest. Vaata lähemalt ballzy.eu.",https://ballzy.eu/et/product/select-socks-iu2191-s-cnf,https://backend.ballzy.eu/media/catalog/product/a/d/adidas-select-socks-must-wacc.jpg,adidas Originals,14.00 EUR,in_stock,Streetbrand OÜ,EE,true,false,true
10027420_A02_OSFA_CNF,Day one sc cap,"mängupäevad väljapidamiseks tribüünidel, tänaval - lõpeta kõik oma lemmikuilme selle klassikalise pesapallimütsiga. Vaata lähemalt ballzy.eu.",https://ballzy.eu/et/product/day-one-sc-cap-10027420-a02-osfa-cnf,https://backend.ballzy.eu/media/catalog/product/c/o/converse-day-one-sc-cap-must-vvwj.jpg,Converse,24.00 EUR,in_stock,Streetbrand OÜ,EE,true,false,true
31657001_040_CNF,Zebzag mule,Spordiriided ballzy veebipoest. Vaata lähemalt ballzy.eu.,https://ballzy.eu/et/product/zebzag-mule-31657001-040-cnf,https://backend.ballzy.eu/media/catalog/product/d/r/dr-martens-zebzag-mule-must-hpws.jpg,Dr. Martens,139.00 EUR,in_stock,Streetbrand OÜ,EE,true,false,true
39646344_4_CNF,Palermo,Spordiriided ballzy veebipoest. Vaata lähemalt ballzy.eu.,https://ballzy.eu/et/product/palermo-39646344-4-cnf,https://backend.ballzy.eu/media/catalog/product/p/u/puma-palermo-sinine-iczs.jpg,Puma,99.00 EUR,in_stock,Streetbrand OÜ,EE,true,false,true
39646350_4_CNF,Palermo,Spordiriided ballzy veebipoest. Vaata lähemalt ballzy.eu.,https://ballzy.eu/et/product/palermo-39646350-4-cnf,https://backend.ballzy.eu/media/catalog/product/p/u/puma-palermo-roosa-nlko.jpg,Puma,99.00 EUR,in_stock,Streetbrand OÜ,EE,true,false,true
40032305_4_CNF,Palermo moda,Spordiriided ballzy veebipoest. Vaata lähemalt ballzy.eu.,https://ballzy.eu/et/product/palermo-moda-40032305-4-cnf,https://backend.ballzy.eu/media/catalog/product/p/u/puma-palermo-moda-roosa-tz8u.jpg,Puma,109.00 EUR,in_stock,Streetbrand OÜ,EE,true,false,true
40032306_4_CNF,Palermo moda,Spordiriided ballzy veebipoest. Vaata lähemalt ballzy.eu.,https://ballzy.eu/et/product/palermo-moda-40032306-4-cnf,https://backend.ballzy.eu/media/catalog/product/p/u/puma-palermo-moda-oran-sq4v.jpg,Puma,109.00 EUR,in_stock,Streetbrand OÜ,EE,true,false,true
40133205_8_CNF,Rx 737 vintage,Spordiriided ballzy veebipoest. Vaata lähemalt ballzy.eu.,https://ballzy.eu/et/product/rx-737-vintage-40133205-8-cnf,https://backend.ballzy.eu/media/catalog/product/p/u/puma-rx-737-vintage-valge-63we.jpg,Puma,99.00 EUR,in_stock,Streetbrand OÜ,EE,true,false,true
40136402_4_CNF,Palermo vintage,Spordiriided ballzy veebipoest. Vaata lähemalt ballzy.eu.,https://ballzy.eu/et/product/palermo-vintage-40136402-4-cnf,https://backend.ballzy.eu/media/catalog/product/p/u/puma-palermo-vintage-sinine-ulvj.jpg,Puma,109.00 EUR,in_stock,Streetbrand OÜ,EE,true,false,true
40177901_4_CNF,Inhale reflective,Spordiriided ballzy veebipoest. Vaata lähemalt ballzy.eu.,https://ballzy.eu/et/product/inhale-reflective-40177901-4-cnf,https://backend.ballzy.eu/media/catalog/product/p/u/puma-inhale-reflective-valge-msfi.jpg,Puma,139.00 EUR,in_stock,Streetbrand OÜ,EE,true,false,true
41082001_040_CNF,Josef,Spordiriided ballzy veebipoest. Vaata lähemalt ballzy.eu.,https://ballzy.eu/et/product/josef-41082001-040-cnf,https://backend.ballzy.eu/media/catalog/product/d/r/dr-martens-josef-must-fcsb.jpg,Dr. Martens,149.00 EUR,in_stock,Streetbrand OÜ,EE,true,false,true
41083200_040_CNF,Josef,Spordiriided ballzy veebipoest. Vaata lähemalt ballzy.eu.,https://ballzy.eu/et/product/josef-41083200-040-cnf,https://backend.ballzy.eu/media/catalog/product/d/r/dr-martens-josef-bee-ufkq.jpg,Dr. Martens,149.00 EUR,in_stock,Streetbrand OÜ,EE,true,false,true
41085650_040_CNF,Josef,Spordiriided ballzy veebipoest. Vaata lähemalt ballzy.eu.,https://ballzy.eu/et/product/josef-41085650-040-cnf,https://backend.ballzy.eu/media/catalog/product/d/r/dr-martens-josef-roosa-ymky.jpg,Dr. Martens,149.00 EUR,in_stock,Streetbrand OÜ,EE,true,false,true
41110200_040_CNF,Mattison slide,Spordiriided ballzy veebipoest. Vaata lähemalt ballzy.eu.,https://ballzy.eu/et/product/mattison-slide-41110200-040-cnf,https://backend.ballzy.eu/media/catalog/product/d/r/dr-martens-mattison-slide-multicolor-ae01.jpg,Dr. Martens,149.00 EUR,in_stock,Streetbrand OÜ,EE,true,false,true
63067201_S_CNF,Dylan exhibit tee iii,Spordiriided ballzy veebipoest. Vaata lähemalt ballzy.eu.,https://ballzy.eu/et/product/dylan-exhibit-tee-iii-63067201-s-cnf,https://backend.ballzy.eu/media/catalog/product/p/u/puma-dylan-exhibit-tee-iii-must-vb8t.jpg,Puma,39.00 EUR,in_stock,Streetbrand OÜ,EE,true,false,true
63077601_S_CNF,Hoops x lafrance written in chrome hoody,Spordiriided ballzy veebipoest. Vaata lähemalt ballzy.eu.,https://ballzy.eu/et/product/hoops-x-lafrance-written-in-chrome-hoody-63077601-s-cnf,https://backend.ballzy.eu/media/catalog/product/p/u/puma-hoops-x-lafrance-written-in-chrome-hoody-sinine-ugkb.jpg,Puma,134.00 EUR,in_stock,Streetbrand OÜ,EE,true,false,true
I032468_2LR02_32-30_CNF,Aviation pant,Spordiriided ballzy veebipoest. Vaata lähemalt ballzy.eu.,https://ballzy.eu/et/product/aviation-pant-i032468-2lr02-32-30-cnf,https://backend.ballzy.eu/media/catalog/product/c/a/carhartt-aviation-pant-must-mqsf.jpg,Carhartt WIP,119.00 EUR,in_stock,Streetbrand OÜ,EE,true,false,true
I033661_2N0XX_M_CNF,Hooded chase sweat,Spordiriided ballzy veebipoest. Vaata lähemalt ballzy.eu.,https://ballzy.eu/et/product/hooded-chase-sweat-i033661-2n0xx-m-cnf,https://backend.ballzy.eu/media/catalog/product/c/a/carhartt-hooded-chase-sweat-hall-nq8u.jpg,Carhartt WIP,89.00 EUR,in_stock,Streetbrand OÜ,EE,true,false,true
I034689_2W0XX_S_CNF,Hooded stargazer sweat,Spordiriided ballzy veebipoest. Vaata lähemalt ballzy.eu.,https://ballzy.eu/et/product/hooded-stargazer-sweat-i034689-2w0xx-s-cnf,https://backend.ballzy.eu/media/catalog/product/c/a/carhartt-hooded-stargazer-sweat-must-phep.jpg,Carhartt WIP,139.00 EUR,in_stock,Streetbrand OÜ,EE,true,false,true
JD0245_S_CNF,P ess w hd,"ümbritsege end mugavusega, mis ei loobu selles lihtsas, igapäevases kapuutsis. mitmekülgselt kasutatavast puuvillasest prantsuse froteest valmistatud adidas kapuuts on hooaja jaoks just sobiv. lahtine lõige annab sulle palju ruumi lõõgastumiseks, olenemata sellest, kas oled väljas kohtumispaikades või õhtuti kodus. standardseteks omadusteks on venivad soonikmansetid ja kängurutasku. seda saab kanda ükskõik millega, alates teksadest kuni korvpallipüksteni, nii et kihi peale ja ole Vaata lähemalt ballzy.eu.",https://ballzy.eu/et/product/p-ess-w-hd-jd0245-s-cnf,https://backend.ballzy.eu/media/catalog/product/a/d/adidas-p-ess-w-hd-hall-not1.jpg,adidas Originals,119.00 EUR,in_stock,Streetbrand OÜ,EE,true,false,true
JH8797_4_CNF,Samba og,samba on sündinud väljakul ja on tänavastiili ajatu ikoon. need jalatsid jäävad oma pärandile truuks pehme nahast pealse ja mokkade kattekihiga. Vaata lähemalt ballzy.eu.,https://ballzy.eu/et/product/samba-og-jh8797-4-cnf,https://backend.ballzy.eu/media/catalog/product/a/d/adidas-samba-og-roheline-rsjc.jpg,adidas Originals,129.00 EUR,in_stock,Streetbrand OÜ,EE,true,false,true
JI2649_4_CNF,Handball spezial w,"algselt sisespordiks loodud handball spezial toob nüüd vintage-stiili kaasaegsesse tänavastiili. paindlik samet ümbritseb jalga luksusliku tundega, samal ajal kui mokkamoe aktsendid lisavad vastupidavust ja sügavust. madala profiiliga kummist välistald, millel on mitmesuunaline haarduvus, tagab usaldusväärse haardumise kõnniteelt kaubanduskeskuseni. need jalatsid on adidas´i pärandist läbi imbunud, kuid samas ägedalt kaasaegsed, ja need kingad on mänguline vaim, mis on mõeldud tä Vaata lähemalt ballzy.eu.",https://ballzy.eu/et/product/handball-spezial-w-ji2649-4-cnf,https://backend.ballzy.eu/media/catalog/product/a/d/adidas-handball-spezial-w-roosa-aq4o.jpg,adidas Originals,119.00 EUR,in_stock,Streetbrand OÜ,EE,true,false,true
JI2679_4_CNF,Samba og w,"samba og jalanõud pakuvad ikoonilist adidas´i stiili koos arhiivist inspireeritud disainiga. nendel madala tipuga kingadel on esmaklassiline nubukist pealne, mida rõhutavad mokkamoe detailid, mis tagavad luksusliku välimuse. tugevdatud varvas ja kummist välistald tagavad vastupidavuse ja haarduvuse, nii et võid need jalatsid julgelt kõikjale kaasa võtta. algselt 1950ndatel loodud jalgpallitreenerina, on samba ületanud spordi ja muutunud tänavariiete põhitõmbeks. see versioon ühen Vaata lähemalt ballzy.eu.",https://ballzy.eu/et/product/samba-og-w-ji2679-4-cnf,https://backend.ballzy.eu/media/catalog/product/a/d/adidas-samba-og-w-roosa-mw5y.jpg,adidas Originals,129.00 EUR,in_stock,Streetbrand OÜ,EE,true,false,true
JI2680_4_CNF,Samba og w,"samba og jalanõud pakuvad ikoonilist adidas´i stiili koos arhiivist inspireeritud disainiga. nendel madala tipuga kingadel on esmaklassiline nubukist pealne, mida rõhutavad mokkamoe detailid, mis tagavad luksusliku välimuse. tugevdatud varvas ja kummist välistald tagavad vastupidavuse ja haarduvuse, nii et võid need jalatsid julgelt kõikjale kaasa võtta. algselt 1950ndatel loodud jalgpallitreenerina, on samba ületanud spordi ja muutunud tänavariiete põhitõmbeks. see versioon ühen Vaata lähemalt ballzy.eu.",https://ballzy.eu/et/product/samba-og-w-ji2680-4-cnf,https://backend.ballzy.eu/media/catalog/product/a/d/adidas-samba-og-w-roheline-3bh9.jpg,adidas Originals,129.00 EUR,in_stock,Streetbrand OÜ,EE,true,false,true
JI2681_4_CNF,Samba og w,"need adidas samba og jalanõud on valmistatud sametist pealsest ja mokkamoe aktsentidega, mis kehastavad luksust ja mugavust. algselt jalgpalli jaoks loodud samba kuulsus levis kiiresti väljapoole väljakut. tänapäeval on see arhiivist inspireeritud disain ülimalt populaarne moodsatele naistele, kes soovivad teha julgeid avaldusi. tugevdatud varvas ja haarduv kummist tald tagavad täiusliku vormi ja funktsionaalsuse segu, mis hoiab sind igal sammul tasakaalukana ja samas vaevata šik Vaata lähemalt ballzy.eu.",https://ballzy.eu/et/product/samba-og-w-ji2681-4-cnf,https://backend.ballzy.eu/media/catalog/product/a/d/adidas-samba-og-w-roheline-z3e9.jpg,adidas Originals,129.00 EUR,in_stock,Streetbrand OÜ,EE,true,false,true
JW4291_S_CNF,Anted bt tee,"anthony edwards alles alustab. see adidas basketballi t-särk räägib sellest, mis saab edasi. puuvillast ja polüestrist koosnev ühekordne trikotaaž on pehme ja vastupidav, samas kui lõtv istuvus laseb sul vaevata mööda kõnniteed üles ja alla voolata. anthony edwardsi logo ja ""believe. that."" graafika ütlevad kõik, mida on vaja öelda. Vaata lähemalt ballzy.eu.",https://ballzy.eu/et/product/anted-bt-tee-jw4291-s-cnf,https://backend.ballzy.eu/media/catalog/product/a/d/adidas-performance-anted-bt-tee-must-e8bw.jpg,adidas Performance,34.00 EUR,in_stock,Streetbrand OÜ,EE,true,false,true
U740NW2_4.5_CNF,New balance 740,Spordiriided ballzy veebipoest. Vaata lähemalt ballzy.eu.,https://ballzy.eu/et/product/new-balance-740-u740nw2-4-5-cnf,https://backend.ballzy.eu/media/catalog/product/n/e/new-balance-new-balance-740-valge-y8q1.jpg,New Balance,124.00 EUR,in_stock,Streetbrand OÜ,EE,true,false,true
CJ9179_200_8.5_CNF,Air force 1 ´07 wb,Spordiriided ballzy veebipoest. Vaata lähemalt ballzy.eu.,https://ballzy.eu/et/product/air-force-1-07-wb-cj9179-200-8-5-cnf,https://backend.ballzy.eu/media/catalog/product/n/i/nike-air-force-1-07-wb-pruun-hbna.jpg,Nike,139.00 EUR,in_stock,Streetbrand OÜ,EE,true,false,true
IF6561_4.5_CNF,Handball spezial w,"The adidas spezial shoes were introduced in 1979 for handball athletes, but it wasn´t long before the undeniable style paved a path beyond the indoor court. this pair celebrates that rich past with signature design elements ranging from the suede upper to the t-shaped toe box. vibrant modern colour combinations add standout looks. lace them up and express your style with a vintage flare. Vaata lähemalt ballzy.eu.",https://ballzy.eu/et/product/handball-spezial-w-if6561-4-5-cnf,https://backend.ballzy.eu/media/catalog/product/a/d/adidas-handball-spezial-w-roosa-ncqs.jpg,adidas Originals,119.00 EUR,in_stock,Streetbrand OÜ,EE,true,false,true
CW2288_001_10.5_CNF,Air force 1 ´07,Spordiriided ballzy veebipoest. Vaata lähemalt ballzy.eu.,https://ballzy.eu/et/product/air-force-1-07-cw2288-001-10-5-cnf,https://backend.ballzy.eu/media/catalog/product/n/i/nike-air-force-1-07-must-uxtq.jpg,Nike,134.00 EUR,in_stock,Streetbrand OÜ,EE,true,false,true
VN000EYEBPJ1_085_CNF,Ua classic slip-on,Spordiriided ballzy veebipoest. Vaata lähemalt ballzy.eu.,https://ballzy.eu/et/product/ua-classic-slip-on-vn000eyebpj1-085-cnf,https://backend.ballzy.eu/media/catalog/product/v/a/vans-ua-classic-slip-on-must-1745.jpg,Vans,79.00 EUR,in_stock,Streetbrand OÜ,EE,true,false,true
HQ1988_101_10_CNF,Nike shox r4,Spordiriided ballzy veebipoest. Vaata lähemalt ballzy.eu.,https://ballzy.eu/et/product/nike-shox-r4-hq1988-101-10-cnf,https://backend.ballzy.eu/media/catalog/product/n/i/nike-nike-shox-r4-valge-nyq9.jpg,Nike,169.00 EUR,in_stock,Streetbrand OÜ,EE,true,false,true
FV7255_010_L_CNF,Michael jordan chicago pants,"kaasaegne kasulikkus jordaania moodi. vastupidav lõuend lisab meie chicago must-have pükstele struktureerituse. teemandikujulised koormataskud annavad sulle lisapakkimist. elastne vöökoht koos sisemise tõmblukuga aitab teil valida oma istuvust, samal ajal kui nööpkinnitus annab teile ajatu välimuse&hellip; toote üksikasjad: 100% puuvill. külje- ja tagataskud. masinpesu. imporditud. Vaata lähemalt ballzy.eu.",https://ballzy.eu/et/product/michael-jordan-chicago-pants-fv7255-010-l-cnf,https://backend.ballzy.eu/media/catalog/product/j/o/jordan-michael-jordan-chicago-pants-must-szz2.jpg,Jordan,134.00 EUR,in_stock,Streetbrand OÜ,EE,true,false,true
NF0A88QZQLI_LXL_CNF,Urban lifestyle hood,Spordiriided ballzy veebipoest. Vaata lähemalt ballzy.eu.,https://ballzy.eu/et/product/urban-lifestyle-hood-nf0a88qzqli-lxl-cnf,https://backend.ballzy.eu/media/catalog/product/t/n/tnf-urban-lifestyle-hood-valge-hq6g.jpg,The North Face,49.00 EUR,in_stock,Streetbrand OÜ,EE,true,false,true
TB0A6GQN0011_S_CNF,Timbs crew neck,Spordiriided ballzy veebipoest. Vaata lähemalt ballzy.eu.,https://ballzy.eu/et/product/timbs-crew-neck-tb0a6gqn0011-s-cnf,https://backend.ballzy.eu/media/catalog/product/t/i/timberland-timbs-crew-neck-must-zvso.jpg,Timberland,79.00 EUR,in_stock,Streetbrand OÜ,EE,true,false,true
TB0A6GRK0011_S_CNF,Timbs ss tee,Spordiriided ballzy veebipoest. Vaata lähemalt ballzy.eu.,https://ballzy.eu/et/product/timbs-ss-tee-tb0a6grk0011-s-cnf,https://backend.ballzy.eu/media/catalog/product/t/i/timberland-timbs-ss-tee-must-xnik.jpg,Timberland,44.00 EUR,in_stock,Streetbrand OÜ,EE,true,false,true
TB0A6GRKEIN1_S_CNF,Timbs ss tee,Spordiriided ballzy veebipoest. Vaata lähemalt ballzy.eu.,https://ballzy.eu/et/product/timbs-ss-tee-tb0a6grkein1-s-cnf,https://backend.ballzy.eu/media/catalog/product/t/i/timberland-timbs-ss-tee-roheline-lcqd.jpg,Timberland,44.00 EUR,in_stock,Streetbrand OÜ,EE,true,false,true
TB0A6GU30011_OS_CNF,Timberpack timberpack timbs u backpack,Spordiriided ballzy veebipoest. Vaata lähemalt ballzy.eu.,https://ballzy.eu/et/product/timberpack-timberpack-timbs-u-backpack-tb0a6gu30011-os-cnf,https://backend.ballzy.eu/media/catalog/product/t/i/timberland-timberpack-timberpack-timbs-u-backpack-must-sisi.jpg,Timberland,59.00 EUR,in_stock,Streetbrand OÜ,EE,true,false,true
VN000GFFWHT1_L_CNF,Flying v crew crop ii,Spordiriided ballzy veebipoest. Vaata lähemalt ballzy.eu.,https://ballzy.eu/et/product/flying-v-crew-crop-ii-vn000gffwht1-l-cnf,https://backend.ballzy.eu/media/catalog/product/v/a/vans-flying-v-crew-crop-ii-valge-sy0o.jpg,Vans,29.00 EUR,in_stock,Streetbrand OÜ,EE,true,false,true
VN000M26CDX1_30_CNF,Check-5 blaze loose denim pant,Spordiriided ballzy veebipoest. Vaata lähemalt ballzy.eu.,https://ballzy.eu/et/product/check-5-blaze-loose-denim-pant-vn000m26cdx1-30-cnf,https://backend.ballzy.eu/media/catalog/product/v/a/vans-check-5-blaze-loose-denim-pant-sinine-vimz.jpg,Vans,84.00 EUR,in_stock,Streetbrand OÜ,EE,true,false,true
VN000M9GJDU1_M_CNF,Mila cable knit crop,Spordiriided ballzy veebipoest. Vaata lähemalt ballzy.eu.,https://ballzy.eu/et/product/mila-cable-knit-crop-vn000m9gjdu1-m-cnf,https://backend.ballzy.eu/media/catalog/product/v/a/vans-mila-cable-knit-crop-sinine-hc6j.jpg,Vans,79.00 EUR,in_stock,Streetbrand OÜ,EE,true,false,true
VN000M9KEB21_25_CNF,Cobra cargo skirt,Spordiriided ballzy veebipoest. Vaata lähemalt ballzy.eu.,https://ballzy.eu/et/product/cobra-cargo-skirt-vn000m9keb21-25-cnf,https://backend.ballzy.eu/media/catalog/product/v/a/vans-cobra-cargo-skirt-must-lxdl.jpg,Vans,72.00 EUR,in_stock,Streetbrand OÜ,EE,true,false,true
VN000NBQBLK1_OSFA_CNF,Y2v strapback,Spordiriided ballzy veebipoest. Vaata lähemalt ballzy.eu.,https://ballzy.eu/et/product/y2v-strapback-vn000nbqblk1-osfa-cnf,https://backend.ballzy.eu/media/catalog/product/v/a/vans-y2v-strapback-must-8576.jpg,Vans,34.00 EUR,in_stock,Streetbrand OÜ,EE,true,false,true
VN0A5FKDBLK1_L_CNF,Range relaxed elastic short,Spordiriided ballzy veebipoest. Vaata lähemalt ballzy.eu.,https://ballzy.eu/et/product/range-relaxed-elastic-short-vn0a5fkdblk1-l-cnf,https://backend.ballzy.eu/media/catalog/product/v/a/vans-range-relaxed-elastic-short-must-dnz5.jpg,Vans,64.00 EUR,in_stock,Streetbrand OÜ,EE,true,false,true
U740WW2_4.5_CNF,New balance 740,Spordiriided ballzy veebipoest. Vaata lähemalt ballzy.eu.,https://ballzy.eu/et/product/new-balance-740-u740ww2-4-5-cnf,https://backend.ballzy.eu/media/catalog/product/n/e/new-balance-new-balance-740-valge-vncz.jpg,New Balance,124.00 EUR,in_stock,Streetbrand OÜ,EE,true,false,true
DK0A4XK6OGX1_30_30_CNF,874 work pant rec,Spordiriided ballzy veebipoest. Vaata lähemalt ballzy.eu.,https://ballzy.eu/et/product/874-work-pant-rec-dk0a4xk6ogx1-30-30-cnf,https://backend.ballzy.eu/media/catalog/product/d/i/dickies-874-work-pant-rec-roheline-phii.jpg,Dickies,74.00 EUR,in_stock,Streetbrand OÜ,EE,true,false,true
60244716_OSFM_CNF,League essential 9forty yankees,Spordiriided ballzy veebipoest. Vaata lähemalt ballzy.eu.,https://ballzy.eu/et/product/league-essential-9forty-yankees-60244716-osfm-cnf,https://backend.ballzy.eu/media/catalog/product/n/e/newera-league-essential-9forty-yankees-roosa-ubsn.jpg,New Era,29.00 EUR,in_stock,Streetbrand OÜ,EE,true,false,true
60298724_OSFM_CNF,League essential 9forty yankees,Spordiriided ballzy veebipoest. Vaata lähemalt ballzy.eu.,https://ballzy.eu/et/product/league-essential-9forty-yankees-60298724-osfm-cnf,https://backend.ballzy.eu/media/catalog/product/n/e/newera-league-essential-9forty-yankees-lilla-b8sf.jpg,New Era,29.00 EUR,in_stock,Streetbrand OÜ,EE,true,false,true
60471460_OSFM_CNF,Nos league ess 9forty yankees,Spordiriided ballzy veebipoest. Vaata lähemalt ballzy.eu.,https://ballzy.eu/et/product/nos-league-ess-9forty-yankees-60471460-osfm-cnf,https://backend.ballzy.eu/media/catalog/product/n/e/newera-nos-league-ess-9forty-yankees-valge-g8rj.jpg,New Era,29.00 EUR,in_stock,Streetbrand OÜ,EE,true,false,true
60595169_OSFM_CNF,Wmns league ess 9forty yankees,Spordiriided ballzy veebipoest. Vaata lähemalt ballzy.eu.,https://ballzy.eu/et/product/wmns-league-ess-9forty-yankees-60595169-osfm-cnf,https://backend.ballzy.eu/media/catalog/product/n/e/newera-wmns-league-ess-9forty-yankees-roheline-6bb4.jpg,New Era,29.00 EUR,in_stock,Streetbrand OÜ,EE,true,false,true
60595170_OSFM_CNF,Wmns league ess 9forty dodgers,Spordiriided ballzy veebipoest. Vaata lähemalt ballzy.eu.,https://ballzy.eu/et/product/wmns-league-ess-9forty-dodgers-60595170-osfm-cnf,https://backend.ballzy.eu/media/catalog/product/n/e/newera-wmns-league-ess-9forty-dodgers-roosa-loiy.jpg,New Era,29.00 EUR,in_stock,Streetbrand OÜ,EE,true,false,true
60595173_OSFM_CNF,Wmns league ess 9forty dodgers,Spordiriided ballzy veebipoest. Vaata lähemalt ballzy.eu.,https://ballzy.eu/et/product/wmns-league-ess-9forty-dodgers-60595173-osfm-cnf,https://backend.ballzy.eu/media/catalog/product/n/e/newera-wmns-league-ess-9forty-dodgers-lilla-2lgv.jpg,New Era,29.00 EUR,in_stock,Streetbrand OÜ,EE,true,false,true
60595254_OSFM_CNF,Cord 9forty,Spordiriided ballzy veebipoest. Vaata lähemalt ballzy.eu.,https://ballzy.eu/et/product/cord-9forty-60595254-osfm-cnf,https://backend.ballzy.eu/media/catalog/product/n/e/newera-cord-9forty-must-zunl.jpg,New Era,34.00 EUR,in_stock,Streetbrand OÜ,EE,true,false,true
60595289_OSFM_CNF,Contrast stitch 9twenty,Spordiriided ballzy veebipoest. Vaata lähemalt ballzy.eu.,https://ballzy.eu/et/product/contrast-stitch-9twenty-60595289-osfm-cnf,https://backend.ballzy.eu/media/catalog/product/n/e/newera-contrast-stitch-9twenty-must-uosi.jpg,New Era,32.00 EUR,in_stock,Streetbrand OÜ,EE,true,false,true
60595290_OSFM_CNF,Contrast stitch 9twenty,Spordiriided ballzy veebipoest. Vaata lähemalt ballzy.eu.,https://ballzy.eu/et/product/contrast-stitch-9twenty-60595290-osfm-cnf,https://backend.ballzy.eu/media/catalog/product/n/e/newera-contrast-stitch-9twenty-bee-ravh.jpg,New Era,32.00 EUR,in_stock,Streetbrand OÜ,EE,true,false,true
60595291_OSFM_CNF,Contrast stitch 9twenty,Spordiriided ballzy veebipoest. Vaata lähemalt ballzy.eu.,https://ballzy.eu/et/product/contrast-stitch-9twenty-60595291-osfm-cnf,https://backend.ballzy.eu/media/catalog/product/n/e/newera-contrast-stitch-9twenty-roheline-ac2i.jpg,New Era,32.00 EUR,in_stock,Streetbrand OÜ,EE,true,false,true
60595309_ML_CNF,Ne contrast 9fifty,Spordiriided ballzy veebipoest. Vaata lähemalt ballzy.eu.,https://ballzy.eu/et/product/ne-contrast-9fifty-60595309-ml-cnf,https://backend.ballzy.eu/media/catalog/product/n/e/newera-ne-contrast-9fifty-bee-qk1h.jpg,New Era,44.00 EUR,in_stock,Streetbrand OÜ,EE,true,false,true
60595347_OSFM_CNF,Wmns towelling 9twenty,Spordiriided ballzy veebipoest. Vaata lähemalt ballzy.eu.,https://ballzy.eu/et/product/wmns-towelling-9twenty-60595347-osfm-cnf,https://backend.ballzy.eu/media/catalog/product/n/e/newera-wmns-towelling-9twenty-roosa-ovzv.jpg,New Era,34.00 EUR,in_stock,Streetbrand OÜ,EE,true,false,true
60595358_OSFM_CNF,Wmns cord 9twenty yankees,Spordiriided ballzy veebipoest. Vaata lähemalt ballzy.eu.,https://ballzy.eu/et/product/wmns-cord-9twenty-yankees-60595358-osfm-cnf,https://backend.ballzy.eu/media/catalog/product/n/e/newera-wmns-cord-9twenty-yankees-bee-qlhf.jpg,New Era,34.00 EUR,in_stock,Streetbrand OÜ,EE,true,false,true
60595361_OSFM_CNF,Wmns velour trucker dodgers,Spordiriided ballzy veebipoest. Vaata lähemalt ballzy.eu.,https://ballzy.eu/et/product/wmns-velour-trucker-dodgers-60595361-osfm-cnf,https://backend.ballzy.eu/media/catalog/product/n/e/newera-wmns-velour-trucker-dodgers-roheline-uqc1.jpg,New Era,39.00 EUR,in_stock,Streetbrand OÜ,EE,true,false,true
60595362_OSFM_CNF,Wmns satin 9forty dodgers,Spordiriided ballzy veebipoest. Vaata lähemalt ballzy.eu.,https://ballzy.eu/et/product/wmns-satin-9forty-dodgers-60595362-osfm-cnf,https://backend.ballzy.eu/media/catalog/product/n/e/newera-wmns-satin-9forty-dodgers-bee-heb9.jpg,New Era,34.00 EUR,in_stock,Streetbrand OÜ,EE,true,false,true
60595365_OSFM_CNF,Wmns cord 9twenty yankees,Spordiriided ballzy veebipoest. Vaata lähemalt ballzy.eu.,https://ballzy.eu/et/product/wmns-cord-9twenty-yankees-60595365-osfm-cnf,https://backend.ballzy.eu/media/catalog/product/n/e/newera-wmns-cord-9twenty-yankees-lilla-sxqn.jpg,New Era,34.00 EUR,in_stock,Streetbrand OÜ,EE,true,false,true
60595369_OSFM_CNF,Wmns satin 9forty yankees,Spordiriided ballzy veebipoest. Vaata lähemalt ballzy.eu.,https://ballzy.eu/et/product/wmns-satin-9forty-yankees-60595369-osfm-cnf,https://backend.ballzy.eu/media/catalog/product/n/e/newera-wmns-satin-9forty-yankees-roosa-fxa4.jpg,New Era,34.00 EUR,in_stock,Streetbrand OÜ,EE,true,false,true
60595374_OSFM_CNF,Wmns met denim 9forty yankees,Spordiriided ballzy veebipoest. Vaata lähemalt ballzy.eu.,https://ballzy.eu/et/product/wmns-met-denim-9forty-yankees-60595374-osfm-cnf,https://backend.ballzy.eu/media/catalog/product/n/e/newera-wmns-met-denim-9forty-yankees-hall-yql5.jpg,New Era,39.00 EUR,in_stock,Streetbrand OÜ,EE,true,false,true
60595387_OSFM_CNF,Wmns pu visor 9forty yankees,Spordiriided ballzy veebipoest. Vaata lähemalt ballzy.eu.,https://ballzy.eu/et/product/wmns-pu-visor-9forty-yankees-60595387-osfm-cnf,https://backend.ballzy.eu/media/catalog/product/n/e/newera-wmns-pu-visor-9forty-yankees-bee-vuqz.jpg,New Era,34.00 EUR,in_stock,Streetbrand OÜ,EE,true,false,true
60595388_OSFM_CNF,Wmns pu visor 9forty yankees,Spordiriided ballzy veebipoest. Vaata lähemalt ballzy.eu.,https://ballzy.eu/et/product/wmns-pu-visor-9forty-yankees-60595388-osfm-cnf,https://backend.ballzy.eu/media/catalog/product/n/e/newera-wmns-pu-visor-9forty-yankees-must-xngv.jpg,New Era,34.00 EUR,in_stock,Streetbrand OÜ,EE,true,false,true
60595393_OSFM_CNF,Wmns pu 9forty yankees,Spordiriided ballzy veebipoest. Vaata lähemalt ballzy.eu.,https://ballzy.eu/et/product/wmns-pu-9forty-yankees-60595393-osfm-cnf,https://backend.ballzy.eu/media/catalog/product/n/e/newera-wmns-pu-9forty-yankees-bee-7h7w.jpg,New Era,34.00 EUR,in_stock,Streetbrand OÜ,EE,true,false,true
60595428_OSFM_CNF,Mini washed 9twenty mets,Spordiriided ballzy veebipoest. Vaata lähemalt ballzy.eu.,https://ballzy.eu/et/product/mini-washed-9twenty-mets-60595428-osfm-cnf,https://backend.ballzy.eu/media/catalog/product/n/e/newera-mini-washed-9twenty-mets-roosa-wj9i.jpg,New Era,32.00 EUR,in_stock,Streetbrand OÜ,EE,true,false,true
60595431_OSFM_CNF,Ne cord 9forty,Spordiriided ballzy veebipoest. Vaata lähemalt ballzy.eu.,https://ballzy.eu/et/product/ne-cord-9forty-60595431-osfm-cnf,https://backend.ballzy.eu/media/catalog/product/n/e/newera-ne-cord-9forty-must-4yoz.jpg,New Era,34.00 EUR,in_stock,Streetbrand OÜ,EE,true,false,true
60596260_L_CNF,Nba grphc os hoodie heat,Spordiriided ballzy veebipoest. Vaata lähemalt ballzy.eu.,https://ballzy.eu/et/product/nba-grphc-os-hoodie-heat-60596260-l-cnf,https://backend.ballzy.eu/media/catalog/product/n/e/newera-nba-grphc-os-hoodie-heat-roosa-uxxb.jpg,New Era,74.00 EUR,in_stock,Streetbrand OÜ,EE,true,false,true
60596261_L_CNF,Nba grphc os hoodie lakers,Spordiriided ballzy veebipoest. Vaata lähemalt ballzy.eu.,https://ballzy.eu/et/product/nba-grphc-os-hoodie-lakers-60596261-l-cnf,https://backend.ballzy.eu/media/catalog/product/n/e/newera-nba-grphc-os-hoodie-lakers-sinine-2k2q.jpg,New Era,74.00 EUR,in_stock,Streetbrand OÜ,EE,true,false,true
60596268_L_CNF,Ne shacket newera,Spordiriided ballzy veebipoest. Vaata lähemalt ballzy.eu.,https://ballzy.eu/et/product/ne-shacket-newera-60596268-l-cnf,https://backend.ballzy.eu/media/catalog/product/n/e/newera-ne-shacket-newera-roheline-3fs8.jpg,New Era,99.00 EUR,in_stock,Streetbrand OÜ,EE,true,false,true
60596270_L_CNF,Ne track jacket,Spordiriided ballzy veebipoest. Vaata lähemalt ballzy.eu.,https://ballzy.eu/et/product/ne-track-jacket-60596270-l-cnf,https://backend.ballzy.eu/media/catalog/product/n/e/newera-ne-track-jacket-roheline-6cpw.jpg,New Era,79.00 EUR,in_stock,Streetbrand OÜ,EE,true,false,true
60596282_L_CNF,Ne chino,Spordiriided ballzy veebipoest. Vaata lähemalt ballzy.eu.,https://ballzy.eu/et/product/ne-chino-60596282-l-cnf,https://backend.ballzy.eu/media/catalog/product/n/e/newera-ne-chino-bee-az8g.jpg,New Era,79.00 EUR,in_stock,Streetbrand OÜ,EE,true,false,true
60596304_L_CNF,Ne drink graphic os tee,Spordiriided ballzy veebipoest. Vaata lähemalt ballzy.eu.,https://ballzy.eu/et/product/ne-drink-graphic-os-tee-60596304-l-cnf,https://backend.ballzy.eu/media/catalog/product/n/e/newera-ne-drink-graphic-os-tee-kollane-tt4e.jpg,New Era,39.00 EUR,in_stock,Streetbrand OÜ,EE,true,false,true
60596308_L_CNF,Ne baseball grphc os tee,Spordiriided ballzy veebipoest. Vaata lähemalt ballzy.eu.,https://ballzy.eu/et/product/ne-baseball-grphc-os-tee-60596308-l-cnf,https://backend.ballzy.eu/media/catalog/product/n/e/newera-ne-baseball-grphc-os-tee-must-efo0.jpg,New Era,39.00 EUR,in_stock,Streetbrand OÜ,EE,true,false,true
60596310_L_CNF,Ne drink graphic os tee,Spordiriided ballzy veebipoest. Vaata lähemalt ballzy.eu.,https://ballzy.eu/et/product/ne-drink-graphic-os-tee-60596310-l-cnf,https://backend.ballzy.eu/media/catalog/product/n/e/newera-ne-drink-graphic-os-tee-bee-0pfj.jpg,New Era,39.00 EUR,in_stock,Streetbrand OÜ,EE,true,false,true
60596457_L_CNF,Nba snap button shirt lakers,Näita oma lakersi uhkust selles valges nba trukkidega särgis firmalt new era. klassikalise trukkidega disainiga ning silmapaistva los angeles lakersi brändinguga on see mugav igapäevane valik nii mängupäevaks kui ka igapäevaeluks. Vaata lähemalt ballzy.eu.,https://ballzy.eu/et/product/nba-snap-button-shirt-lakers-60596457-l-cnf,https://backend.ballzy.eu/media/catalog/product/n/e/newera-nba-snap-button-shirt-lakers-valge-hf7r.jpg,New Era,69.00 EUR,in_stock,Streetbrand OÜ,EE,true,false,true
60596458_L_CNF,Nba snap button shirt bulls,"Astuge stiilselt välja selle new era nba trükiga traksinööbiga särgiga mustas toonis. esiküljel on chicago sõnamärgi kaar, paremal varrukal chicago bulls’i logo ning vasakul varrukal on tikitud new era lipp. lühikeste varrukatega särk on viimistletud traksinööbi kinnitusega ja klassikalise kraega. materjaliks on 100% polüester, mis tagab mugava ja vastupidava kandmise—ideaalne nii igapäevaseks kandmiseks kui ka mängupäevaks. Vaata lähemalt ballzy.eu.",https://ballzy.eu/et/product/nba-snap-button-shirt-bulls-60596458-l-cnf,https://backend.ballzy.eu/media/catalog/product/n/e/newera-nba-snap-button-shirt-bulls-must-plf0.jpg,New Era,69.00 EUR,in_stock,Streetbrand OÜ,EE,true,false,true
60596601_L_CNF,Ne stripe revere shrt,Spordiriided ballzy veebipoest. Vaata lähemalt ballzy.eu.,https://ballzy.eu/et/product/ne-stripe-revere-shrt-60596601-l-cnf,https://backend.ballzy.eu/media/catalog/product/n/e/newera-ne-stripe-revere-shrt-sinine-puev.jpg,New Era,54.00 EUR,in_stock,Streetbrand OÜ,EE,true,false,true
60646768_OSFM_CNF,Mlb plyr rep 940mc yankees,Spordiriided ballzy veebipoest. Vaata lähemalt ballzy.eu.,https://ballzy.eu/et/product/mlb-plyr-rep-940mc-yankees-60646768-osfm-cnf,https://backend.ballzy.eu/media/catalog/product/n/e/newera-mlb-plyr-rep-940mc-yankees-sinine-ruke.jpg,New Era,32.00 EUR,in_stock,Streetbrand OÜ,EE,true,false,true
DK0A4XOZD061_30_CNF,13in mlt pkt w/st,Spordiriided ballzy veebipoest. Vaata lähemalt ballzy.eu.,https://ballzy.eu/et/product/13in-mlt-pkt-w-st-dk0a4xozd061-30-cnf,https://backend.ballzy.eu/media/catalog/product/d/i/dickies-13in-mlt-pkt-w-st-hall-ntdg.jpg,Dickies,69.00 EUR,in_stock,Streetbrand OÜ,EE,true,false,true
DK0A4Z3XBLK1_L_CNF,Dickies rib 2pk socks,Spordiriided ballzy veebipoest. Vaata lähemalt ballzy.eu.,https://ballzy.eu/et/product/dickies-rib-2pk-socks-dk0a4z3xblk1-l-cnf,https://backend.ballzy.eu/media/catalog/product/d/i/dickies-dickies-rib-2pk-socks-must-qqq2.jpg,Dickies,19.00 EUR,in_stock,Streetbrand OÜ,EE,true,false,true
DK0A4Z6QBLK1_30_32_CNF,Service carpenter pant,Spordiriided ballzy veebipoest. Vaata lähemalt ballzy.eu.,https://ballzy.eu/et/product/service-carpenter-pant-dk0a4z6qblk1-30-32-cnf,https://backend.ballzy.eu/media/catalog/product/d/i/dickies-service-carpenter-pant-must-wn4p.jpg,Dickies,89.00 EUR,in_stock,Streetbrand OÜ,EE,true,false,true
DK0A4Z7KBLK1_26_CNF,Service carpenter pant w,Spordiriided ballzy veebipoest. Vaata lähemalt ballzy.eu.,https://ballzy.eu/et/product/service-carpenter-pant-w-dk0a4z7kblk1-26-cnf,https://backend.ballzy.eu/media/catalog/product/d/i/dickies-service-carpenter-pant-w-must-afxx.jpg,Dickies,89.00 EUR,in_stock,Streetbrand OÜ,EE,true,false,true
DK0A4Z7NC481_L_CNF,Service stripe shirt longsleeve,Spordiriided ballzy veebipoest. Vaata lähemalt ballzy.eu.,https://ballzy.eu/et/product/service-stripe-shirt-longsleeve-dk0a4z7nc481-l-cnf,https://backend.ballzy.eu/media/catalog/product/d/i/dickies-service-stripe-shirt-longsleeve-valge-mqoq.jpg,Dickies,84.00 EUR,in_stock,Streetbrand OÜ,EE,true,false,true
DK0A4Z7QBLK1_L_CNF,Unionville gd work shirt,Spordiriided ballzy veebipoest. Vaata lähemalt ballzy.eu.,https://ballzy.eu/et/product/unionville-gd-work-shirt-dk0a4z7qblk1-l-cnf,https://backend.ballzy.eu/media/catalog/product/d/i/dickies-unionville-gd-work-shirt-must-ovu9.jpg,Dickies,69.00 EUR,in_stock,Streetbrand OÜ,EE,true,false,true
DK0A4Z7TF901_L_CNF,Ranch qz shirt ss,Spordiriided ballzy veebipoest. Vaata lähemalt ballzy.eu.,https://ballzy.eu/et/product/ranch-qz-shirt-ss-dk0a4z7tf901-l-cnf,https://backend.ballzy.eu/media/catalog/product/d/i/dickies-ranch-qz-shirt-ss-valge-9n1i.jpg,Dickies,74.00 EUR,in_stock,Streetbrand OÜ,EE,true,false,true
DK0A4Z83BLK1_32_CNF,Unionville 13inch work short,Spordiriided ballzy veebipoest. Vaata lähemalt ballzy.eu.,https://ballzy.eu/et/product/unionville-13inch-work-short-dk0a4z83blk1-32-cnf,https://backend.ballzy.eu/media/catalog/product/d/i/dickies-unionville-13inch-work-short-must-oszi.jpg,Dickies,79.00 EUR,in_stock,Streetbrand OÜ,EE,true,false,true
DK0A4Z87BLK1_26_CNF,Unionville work skirt,Spordiriided ballzy veebipoest. Vaata lähemalt ballzy.eu.,https://ballzy.eu/et/product/unionville-work-skirt-dk0a4z87blk1-26-cnf,https://backend.ballzy.eu/media/catalog/product/d/i/dickies-unionville-work-skirt-must-2usg.jpg,Dickies,59.00 EUR,in_stock,Streetbrand OÜ,EE,true,false,true
DK0A4Z8LK411_L_CNF,Running wild top w,Spordiriided ballzy veebipoest. Vaata lähemalt ballzy.eu.,https://ballzy.eu/et/product/running-wild-top-w-dk0a4z8lk411-l-cnf,https://backend.ballzy.eu/media/catalog/product/d/i/dickies-running-wild-top-w-kollane-skee.jpg,Dickies,39.00 EUR,in_stock,Streetbrand OÜ,EE,true,false,true
DK0A8676K411_L_CNF,Running wild shirt ss,Spordiriided ballzy veebipoest. Vaata lähemalt ballzy.eu.,https://ballzy.eu/et/product/running-wild-shirt-ss-dk0a8676k411-l-cnf,https://backend.ballzy.eu/media/catalog/product/d/i/dickies-running-wild-shirt-ss-kollane-d8wu.jpg,Dickies,79.00 EUR,in_stock,Streetbrand OÜ,EE,true,false,true
DK0A8677C481_L_CNF,V neck top w,Spordiriided ballzy veebipoest. Vaata lähemalt ballzy.eu.,https://ballzy.eu/et/product/v-neck-top-w-dk0a8677c481-l-cnf,https://backend.ballzy.eu/media/catalog/product/d/i/dickies-v-neck-top-w-valge-zenj.jpg,Dickies,34.00 EUR,in_stock,Streetbrand OÜ,EE,true,false,true
DKDFS5730WH1_L_CNF,Ss cropped work shirt,Spordiriided ballzy veebipoest. Vaata lähemalt ballzy.eu.,https://ballzy.eu/et/product/ss-cropped-work-shirt-dkdfs5730wh1-l-cnf,https://backend.ballzy.eu/media/catalog/product/d/i/dickies-ss-cropped-work-shirt-valge-ln8u.jpg,Dickies,59.00 EUR,in_stock,Streetbrand OÜ,EE,true,false,true
FN4500_011_XS_CNF,W j brk ess ss gf tee 23,"They call ´em essentials for a reason. with an easy, breezy relaxed fit and dropped shoulder sleeves, this top will quickly become your go-to. Vaata lähemalt ballzy.eu.",https://ballzy.eu/et/product/w-j-brk-ess-ss-gf-tee-23-fn4500-011-xs-cnf,https://backend.ballzy.eu/media/catalog/product/j/o/jordan-w-j-brk-ess-ss-gf-tee-23-must-5xof.jpg,Jordan,34.00 EUR,in_stock,Streetbrand OÜ,EE,true,false,true
FN4500_101_XS_CNF,W j brk ess ss gf tee 23,"They call ´em essentials for a reason. with an easy, breezy relaxed fit and dropped shoulder sleeves, this top will quickly become your go-to. Vaata lähemalt ballzy.eu.",https://ballzy.eu/et/product/w-j-brk-ess-ss-gf-tee-23-fn4500-101-xs-cnf,https://backend.ballzy.eu/media/catalog/product/j/o/jordan-w-j-brk-ess-ss-gf-tee-23-valge-9h29.jpg,Jordan,34.00 EUR,in_stock,Streetbrand OÜ,EE,true,false,true
FV5508_100_XS_CNF,W nsw nk chll knt md crp,Spordiriided ballzy veebipoest. Vaata lähemalt ballzy.eu.,https://ballzy.eu/et/product/w-nsw-nk-chll-knt-md-crp-fv5508-100-xs-cnf,https://backend.ballzy.eu/media/catalog/product/n/i/nike-w-nsw-nk-chll-knt-md-crp-multicolor-441w.jpg,Nike,34.00 EUR,in_stock,Streetbrand OÜ,EE,true,false,true
FV7050_010_XS_CNF,W j flt flc po 24,Spordiriided ballzy veebipoest. Vaata lähemalt ballzy.eu.,https://ballzy.eu/et/product/w-j-flt-flc-po-24-fv7050-010-xs-cnf,https://backend.ballzy.eu/media/catalog/product/j/o/jordan-w-j-flt-flc-po-24-multicolor-nz1r.jpg,Jordan,109.00 EUR,in_stock,Streetbrand OÜ,EE,true,false,true
HJ0770_100_S_CNF,U nsw tee oc sole food hbr,Spordiriided ballzy veebipoest. Vaata lähemalt ballzy.eu.,https://ballzy.eu/et/product/u-nsw-tee-oc-sole-food-hbr-hj0770-100-s-cnf,https://backend.ballzy.eu/media/catalog/product/n/i/nike-u-nsw-tee-oc-sole-food-hbr-multicolor-vhbd.jpg,Nike,34.00 EUR,in_stock,Streetbrand OÜ,EE,true,false,true
HJ0774_010_S_CNF,U nsw tee m90 oc remix,Spordiriided ballzy veebipoest. Vaata lähemalt ballzy.eu.,https://ballzy.eu/et/product/u-nsw-tee-m90-oc-remix-hj0774-010-s-cnf,https://backend.ballzy.eu/media/catalog/product/n/i/nike-u-nsw-tee-m90-oc-remix-multicolor-ymaz.jpg,Nike,39.00 EUR,in_stock,Streetbrand OÜ,EE,true,false,true
HJ0774_100_S_CNF,U nsw tee m90 oc remix,Spordiriided ballzy veebipoest. Vaata lähemalt ballzy.eu.,https://ballzy.eu/et/product/u-nsw-tee-m90-oc-remix-hj0774-100-s-cnf,https://backend.ballzy.eu/media/catalog/product/n/i/nike-u-nsw-tee-m90-oc-remix-multicolor-cfin.jpg,Nike,39.00 EUR,in_stock,Streetbrand OÜ,EE,true,false,true
HJ8113_010_L_CNF,Kb u nk tf fund pant,"me võtame vastu väljakutsed, mis toovad meie parimad omadused esile, nagu kobe. olgu see siis oma mängu parandamine või igapäevaelu lahendamine, therma-fit püksid tuletavad meile meelde, et ükski takistus ei ole liiga suur. selle esmaklassiline tunne koos võrkkesta ja hubase harjatud sisemusega aitab sul külma vastu võitlemiseks soojana püsida. mamba märgiga ei ole hirmu ebaõnnestumise ees, kui paned kõvasti tööd… toote omadused: nike therma-fit tehnoloogia aitab juhtida keha loo Vaata lähemalt ballzy.eu.",https://ballzy.eu/et/product/kb-u-nk-tf-fund-pant-hj8113-010-l-cnf,https://backend.ballzy.eu/media/catalog/product/n/i/nike-kb-u-nk-tf-fund-pant-must-gv25.jpg,Nike,94.00 EUR,in_stock,Streetbrand OÜ,EE,true,false,true
39934811_4_CNF,Palermo elevata wns,Spordiriided ballzy veebipoest. Vaata lähemalt ballzy.eu.,https://ballzy.eu/et/product/palermo-elevata-wns-39934811-4-cnf,https://backend.ballzy.eu/media/catalog/product/p/u/puma-palermo-elevata-wns-sinine-l6zm.jpg,Puma,109.00 EUR,in_stock,Streetbrand OÜ,EE,true,false,true
39934812_4_CNF,Palermo elevata wns,Spordiriided ballzy veebipoest. Vaata lähemalt ballzy.eu.,https://ballzy.eu/et/product/palermo-elevata-wns-39934812-4-cnf,https://backend.ballzy.eu/media/catalog/product/p/u/puma-palermo-elevata-wns-roosa-78nq.jpg,Puma,109.00 EUR,in_stock,Streetbrand OÜ,EE,true,false,true
40120901_4_CNF,Palermo harry potter,Spordiriided ballzy veebipoest. Vaata lähemalt ballzy.eu.,https://ballzy.eu/et/product/palermo-harry-potter-40120901-4-cnf,https://backend.ballzy.eu/media/catalog/product/p/u/puma-palermo-harry-potter-multicolor-8drs.jpg,Puma,119.00 EUR,in_stock,Streetbrand OÜ,EE,true,false,true
40121001_4_CNF,Palermo 2 harry potter,Spordiriided ballzy veebipoest. Vaata lähemalt ballzy.eu.,https://ballzy.eu/et/product/palermo-2-harry-potter-40121001-4-cnf,https://backend.ballzy.eu/media/catalog/product/p/u/puma-palermo-2-harry-potter-roheline-yfva.jpg,Puma,119.00 EUR,in_stock,Streetbrand OÜ,EE,true,false,true
40128502_4_CNF,Palermo elevata xtra wns,Spordiriided ballzy veebipoest. Vaata lähemalt ballzy.eu.,https://ballzy.eu/et/product/palermo-elevata-xtra-wns-40128502-4-cnf,https://backend.ballzy.eu/media/catalog/product/p/u/puma-palermo-elevata-xtra-wns-bee-q0d7.jpg,Puma,109.00 EUR,in_stock,Streetbrand OÜ,EE,true,false,true
41799960_040_CNF,Zebzag mule,Spordiriided ballzy veebipoest. Vaata lähemalt ballzy.eu.,https://ballzy.eu/et/product/zebzag-mule-41799960-040-cnf,https://backend.ballzy.eu/media/catalog/product/d/r/dr-martens-zebzag-mule-multicolor-4go9.jpg,Dr. Martens,149.00 EUR,in_stock,Streetbrand OÜ,EE,true,false,true
60595359_OSFM_CNF,Wmns cord 9twenty dodgers,Spordiriided ballzy veebipoest. Vaata lähemalt ballzy.eu.,https://ballzy.eu/et/product/wmns-cord-9twenty-dodgers-60595359-osfm-cnf,https://backend.ballzy.eu/media/catalog/product/n/e/newera-wmns-cord-9twenty-dodgers-punane-l6gw.jpg,New Era,34.00 EUR,in_stock,Streetbrand OÜ,EE,true,false,true
60595375_OSFM_CNF,Wmns acid denim 9twenty yankees,Spordiriided ballzy veebipoest. Vaata lähemalt ballzy.eu.,https://ballzy.eu/et/product/wmns-acid-denim-9twenty-yankees-60595375-osfm-cnf,https://backend.ballzy.eu/media/catalog/product/n/e/newera-wmns-acid-denim-9twenty-yankees-sinine-taj1.jpg,New Era,34.00 EUR,in_stock,Streetbrand OÜ,EE,true,false,true
60596609_L_CNF,Ne floral grphc tee,Spordiriided ballzy veebipoest. Vaata lähemalt ballzy.eu.,https://ballzy.eu/et/product/ne-floral-grphc-tee-60596609-l-cnf,https://backend.ballzy.eu/media/catalog/product/n/e/newera-ne-floral-grphc-tee-must-w0sd.jpg,New Era,44.00 EUR,in_stock,Streetbrand OÜ,EE,true,false,true
62941147_S_CNF,Graphics the puma cat tee,Spordiriided ballzy veebipoest. Vaata lähemalt ballzy.eu.,https://ballzy.eu/et/product/graphics-the-puma-cat-tee-62941147-s-cnf,https://backend.ballzy.eu/media/catalog/product/p/u/puma-graphics-the-puma-cat-tee-hall-gqaw.jpg,Puma,49.00 EUR,in_stock,Streetbrand OÜ,EE,true,false,true
63075401_S_CNF,Melo alwayz on 1 jersey,Spordiriided ballzy veebipoest. Vaata lähemalt ballzy.eu.,https://ballzy.eu/et/product/melo-alwayz-on-1-jersey-63075401-s-cnf,https://backend.ballzy.eu/media/catalog/product/p/u/puma-melo-alwayz-on-1-jersey-must-ddbe.jpg,Puma,54.00 EUR,in_stock,Streetbrand OÜ,EE,true,false,true
CT500GC_4.5_CNF,New balance ct500,Spordiriided ballzy veebipoest. Vaata lähemalt ballzy.eu.,https://ballzy.eu/et/product/new-balance-ct500-ct500gc-4-5-cnf,https://backend.ballzy.eu/media/catalog/product/n/e/new-balance-new-balance-ct500-hall-w1hk.jpg,New Balance,134.00 EUR,in_stock,Streetbrand OÜ,EE,true,false,true
DKDFS573F901_L_CNF,Ss cropped work shirt,Spordiriided ballzy veebipoest. Vaata lähemalt ballzy.eu.,https://ballzy.eu/et/product/ss-cropped-work-shirt-dkdfs573f901-l-cnf,https://backend.ballzy.eu/media/catalog/product/d/i/dickies-ss-cropped-work-shirt-valge-4ccy.jpg,Dickies,59.00 EUR,in_stock,Streetbrand OÜ,EE,true,false,true
FV5508_423_XS_CNF,W nsw nk chll knt md crp,Spordiriided ballzy veebipoest. Vaata lähemalt ballzy.eu.,https://ballzy.eu/et/product/w-nsw-nk-chll-knt-md-crp-fv5508-423-xs-cnf,https://backend.ballzy.eu/media/catalog/product/n/i/nike-w-nsw-nk-chll-knt-md-crp-multicolor-pfpw.jpg,Nike,34.00 EUR,in_stock,Streetbrand OÜ,EE,true,false,true
FV5508_844_XS_CNF,W nsw nk chll knt md crp,Spordiriided ballzy veebipoest. Vaata lähemalt ballzy.eu.,https://ballzy.eu/et/product/w-nsw-nk-chll-knt-md-crp-fv5508-844-xs-cnf,https://backend.ballzy.eu/media/catalog/product/n/i/nike-w-nsw-nk-chll-knt-md-crp-multicolor-cfgp.jpg,Nike,34.00 EUR,in_stock,Streetbrand OÜ,EE,true,false,true
HJ0750_100_S_CNF,U nsw tee m90 oc festival hbr,Spordiriided ballzy veebipoest. Vaata lähemalt ballzy.eu.,https://ballzy.eu/et/product/u-nsw-tee-m90-oc-festival-hbr-hj0750-100-s-cnf,https://backend.ballzy.eu/media/catalog/product/n/i/nike-u-nsw-tee-m90-oc-festival-hbr-multicolor-uvk7.jpg,Nike,44.00 EUR,in_stock,Streetbrand OÜ,EE,true,false,true
HJ0768_078_S_CNF,U nsw tee m90 oc sole food lbr,Spordiriided ballzy veebipoest. Vaata lähemalt ballzy.eu.,https://ballzy.eu/et/product/u-nsw-tee-m90-oc-sole-food-lbr-hj0768-078-s-cnf,https://backend.ballzy.eu/media/catalog/product/n/i/nike-u-nsw-tee-m90-oc-sole-food-lbr-multicolor-yyfy.jpg,Nike,49.00 EUR,in_stock,Streetbrand OÜ,EE,true,false,true
HJ2399_100_S_CNF,M j flt ess flmngo ss crew,Spordiriided ballzy veebipoest. Vaata lähemalt ballzy.eu.,https://ballzy.eu/et/product/m-j-flt-ess-flmngo-ss-crew-hj2399-100-s-cnf,https://backend.ballzy.eu/media/catalog/product/j/o/jordan-m-j-flt-ess-flmngo-ss-crew-multicolor-a3ve.jpg,Jordan,49.00 EUR,in_stock,Streetbrand OÜ,EE,true,false,true
HJ2401_100_S_CNF,M j brand photo ss crew,Spordiriided ballzy veebipoest. Vaata lähemalt ballzy.eu.,https://ballzy.eu/et/product/m-j-brand-photo-ss-crew-hj2401-100-s-cnf,https://backend.ballzy.eu/media/catalog/product/j/o/jordan-m-j-brand-photo-ss-crew-multicolor-cjds.jpg,Jordan,49.00 EUR,in_stock,Streetbrand OÜ,EE,true,false,true
HV0949_437_S_CNF,M nk tch flc fz wr hoodie,Spordiriided ballzy veebipoest. Vaata lähemalt ballzy.eu.,https://ballzy.eu/et/product/m-nk-tch-flc-fz-wr-hoodie-hv0949-437-s-cnf,https://backend.ballzy.eu/media/catalog/product/n/i/nike-m-nk-tch-flc-fz-wr-hoodie-multicolor-usfi.jpg,Nike,129.00 EUR,in_stock,Streetbrand OÜ,EE,true,false,true
HV0949_474_S_CNF,M nk tch flc fz wr hoodie,Spordiriided ballzy veebipoest. Vaata lähemalt ballzy.eu.,https://ballzy.eu/et/product/m-nk-tch-flc-fz-wr-hoodie-hv0949-474-s-cnf,https://backend.ballzy.eu/media/catalog/product/n/i/nike-m-nk-tch-flc-fz-wr-hoodie-multicolor-7wjr.jpg,Nike,129.00 EUR,in_stock,Streetbrand OÜ,EE,true,false,true
HV0959_437_S_CNF,M nk tch flc jggr,Spordiriided ballzy veebipoest. Vaata lähemalt ballzy.eu.,https://ballzy.eu/et/product/m-nk-tch-flc-jggr-hv0959-437-s-cnf,https://backend.ballzy.eu/media/catalog/product/n/i/nike-m-nk-tch-flc-jggr-multicolor-lyyi.jpg,Nike,114.00 EUR,in_stock,Streetbrand OÜ,EE,true,false,true
HV0959_474_S_CNF,M nk tch flc jggr,Spordiriided ballzy veebipoest. Vaata lähemalt ballzy.eu.,https://ballzy.eu/et/product/m-nk-tch-flc-jggr-hv0959-474-s-cnf,https://backend.ballzy.eu/media/catalog/product/n/i/nike-m-nk-tch-flc-jggr-multicolor-zuoy.jpg,Nike,114.00 EUR,in_stock,Streetbrand OÜ,EE,true,false,true
HV6747_010_XS_CNF,W nsw tch flc wr fz hdy 2,Spordiriided ballzy veebipoest. Vaata lähemalt ballzy.eu.,https://ballzy.eu/et/product/w-nsw-tch-flc-wr-fz-hdy-2-hv6747-010-xs-cnf,https://backend.ballzy.eu/media/catalog/product/n/i/nike-w-nsw-tch-flc-wr-fz-hdy-2-multicolor-odiw.jpg,Nike,129.00 EUR,in_stock,Streetbrand OÜ,EE,true,false,true
HV6747_063_XS_CNF,W nsw tch flc wr fz hdy 2,Spordiriided ballzy veebipoest. Vaata lähemalt ballzy.eu.,https://ballzy.eu/et/product/w-nsw-tch-flc-wr-fz-hdy-2-hv6747-063-xs-cnf,https://backend.ballzy.eu/media/catalog/product/n/i/nike-w-nsw-tch-flc-wr-fz-hdy-2-multicolor-2mhm.jpg,Nike,129.00 EUR,in_stock,Streetbrand OÜ,EE,true,false,true
HV6779_010_XS_CNF,W nsw tch flc mr jgger 2,Spordiriided ballzy veebipoest. Vaata lähemalt ballzy.eu.,https://ballzy.eu/et/product/w-nsw-tch-flc-mr-jgger-2-hv6779-010-xs-cnf,https://backend.ballzy.eu/media/catalog/product/n/i/nike-w-nsw-tch-flc-mr-jgger-2-multicolor-3efp.jpg,Nike,114.00 EUR,in_stock,Streetbrand OÜ,EE,true,false,true
I032989_1YFXX_S_CNF,Skyton vest,Spordiriided ballzy veebipoest. Vaata lähemalt ballzy.eu.,https://ballzy.eu/et/product/skyton-vest-i032989-1yfxx-s-cnf,https://backend.ballzy.eu/media/catalog/product/c/a/carhartt-skyton-vest-hall-yjjt.jpg,Carhartt WIP,109.00 EUR,in_stock,Streetbrand OÜ,EE,true,false,true
I033027_21TXX_S_CNF,L/s dillion shirt,"Carhartt wip l/s dillion shirt on tugev ja vastupidav pika varrukaga särk igapäevaseks kandmiseks. tööriietest inspireeritud stiiliga on see loodud vastu pidama ka kõige karmimates tingimustes, pakkudes samal ajal klassikalist carhartt wip iseloomu. Vaata lähemalt ballzy.eu.",https://ballzy.eu/et/product/l-s-dillion-shirt-i033027-21txx-s-cnf,https://backend.ballzy.eu/media/catalog/product/c/a/carhartt-l-s-dillion-shirt-sinine-m6ky.jpg,Carhartt WIP,89.00 EUR,in_stock,Streetbrand OÜ,EE,true,false,true
I033661_2Q6XX_S_CNF,Hooded chase sweat,Spordiriided ballzy veebipoest. Vaata lähemalt ballzy.eu.,https://ballzy.eu/et/product/hooded-chase-sweat-i033661-2q6xx-s-cnf,https://backend.ballzy.eu/media/catalog/product/c/a/carhartt-hooded-chase-sweat-bee-0a37.jpg,Carhartt WIP,89.00 EUR,in_stock,Streetbrand OÜ,EE,true,false,true
IB8914_100_S_CNF,M j flt mvp jm hbr ss crew,Spordiriided ballzy veebipoest. Vaata lähemalt ballzy.eu.,https://ballzy.eu/et/product/m-j-flt-mvp-jm-hbr-ss-crew-ib8914-100-s-cnf,https://backend.ballzy.eu/media/catalog/product/j/o/jordan-m-j-flt-mvp-jm-hbr-ss-crew-multicolor-ca1t.jpg,Jordan,49.00 EUR,in_stock,Streetbrand OÜ,EE,true,false,true
IB8914_309_S_CNF,M j flt mvp jm hbr ss crew,Spordiriided ballzy veebipoest. Vaata lähemalt ballzy.eu.,https://ballzy.eu/et/product/m-j-flt-mvp-jm-hbr-ss-crew-ib8914-309-s-cnf,https://backend.ballzy.eu/media/catalog/product/j/o/jordan-m-j-flt-mvp-jm-hbr-ss-crew-multicolor-nshb.jpg,Jordan,49.00 EUR,in_stock,Streetbrand OÜ,EE,true,false,true
JS0242_4_CNF,Handball spezial w,"adidas spezial jalanõud võeti kasutusele 1979. aastal käsipallisportlaste jaoks, kuid ei läinud kaua aega, enne kui nende vaieldamatu stiil sillutas teed ka väljapoole siseplatsi. see paar tähistab seda rikkalikku minevikku koos iseloomulike disainielementidega, alates mokkamaterjalist pealsest kuni t-kujulise varbakastini. eredad kaasaegsed värvikombinatsioonid lisavad silmapaistvat välimust. pange need jalga ja väljendage oma stiili vintage´ile omaselt. Vaata lähemalt ballzy.eu.",https://ballzy.eu/et/product/handball-spezial-w-js0242-4-cnf,https://backend.ballzy.eu/media/catalog/product/a/d/adidas-handball-spezial-w-roheline-10ga.jpg,adidas Originals,119.00 EUR,in_stock,Streetbrand OÜ,EE,true,false,true
LAS51423_BK_L_CNF,Performance basic crew 3 pack,Spordiriided ballzy veebipoest. Vaata lähemalt ballzy.eu.,https://ballzy.eu/et/product/performance-basic-crew-3-pack-las51423-bk-l-cnf,https://backend.ballzy.eu/media/catalog/product/n/e/new-balance-performance-basic-crew-3-pack-must-zxy2.jpg,New Balance,14.00 EUR,in_stock,Streetbrand OÜ,EE,true,false,true
MT51903_SST_2XL_CNF,Athletics relaxed tennis cartoon t-shirt,Spordiriided ballzy veebipoest. Vaata lähemalt ballzy.eu.,https://ballzy.eu/et/product/athletics-relaxed-tennis-cartoon-t-shirt-mt51903-sst-2xl-cnf,https://backend.ballzy.eu/media/catalog/product/n/e/new-balance-athletics-relaxed-tennis-cartoon-t-shirt-valge-c2zf.jpg,New Balance,44.00 EUR,in_stock,Streetbrand OÜ,EE,true,false,true
MT51974_BK_L_CNF,New balance x debut sculpture t-shirt,Spordiriided ballzy veebipoest. Vaata lähemalt ballzy.eu.,https://ballzy.eu/et/product/new-balance-x-debut-sculpture-t-shirt-mt51974-bk-l-cnf,https://backend.ballzy.eu/media/catalog/product/n/e/new-balance-new-balance-x-debut-sculpture-t-shirt-must-vn8g.jpg,New Balance,54.00 EUR,in_stock,Streetbrand OÜ,EE,true,false,true
U2010AGY_4_CNF,New balance abzorb 2010,Spordiriided ballzy veebipoest. Vaata lähemalt ballzy.eu.,https://ballzy.eu/et/product/new-balance-abzorb-2010-u2010agy-4-cnf,https://backend.ballzy.eu/media/catalog/product/n/e/new-balance-new-balance-abzorb-2010-pruun-huqk.png,New Balance,169.00 EUR,in_stock,Streetbrand OÜ,EE,true,false,true
U9060EEP_4.5_CNF,New balance u9060,Spordiriided ballzy veebipoest. Vaata lähemalt ballzy.eu.,https://ballzy.eu/et/product/new-balance-u9060-u9060eep-4-5-cnf,https://backend.ballzy.eu/media/catalog/product/n/e/new-balance-new-balance-u9060-bee-waxl.jpg,New Balance,199.00 EUR,in_stock,Streetbrand OÜ,EE,true,false,true
JI3215_4_CNF,Samba og,"Slip into iconic style and comfort with these adidas samba og shoes. originally designed in the 1950s as an indoor football trainer, the samba has evolved into a streetwear staple. this preppy version has a leather-and-suede upper that comes in classic collegiate colours. debossed branding on the sides and gold detailing on the tongue pay homage to the shoe´s storied heritage. whether heading out for the night or strolling around the block, these everyday kicks keep you looking casually cool. Vaata lähemalt ballzy.eu.",https://ballzy.eu/et/product/samba-og-ji3215-4-cnf,https://backend.ballzy.eu/media/catalog/product/a/d/adidas-samba-og-roheline-ec7y.jpg,adidas Originals,129.00 EUR,in_stock,Streetbrand OÜ,EE,true,false,true
40900001_040_CNF,Mattison slide,Spordiriided ballzy veebipoest. Vaata lähemalt ballzy.eu.,https://ballzy.eu/et/product/mattison-slide-40900001-040-cnf,https://backend.ballzy.eu/media/catalog/product/d/r/dr-martens-mattison-slide-must-li1v.jpg,Dr. Martens,139.00 EUR,in_stock,Streetbrand OÜ,EE,true,false,true
60595392_OSFM_CNF,Wmns pu 9forty dodgers,Spordiriided ballzy veebipoest. Vaata lähemalt ballzy.eu.,https://ballzy.eu/et/product/wmns-pu-9forty-dodgers-60595392-osfm-cnf,https://backend.ballzy.eu/media/catalog/product/n/e/newera-wmns-pu-9forty-dodgers-pruun-cxat.jpg,New Era,34.00 EUR,in_stock,Streetbrand OÜ,EE,true,false,true
60596277_L_CNF,Ne shacket,Spordiriided ballzy veebipoest. Vaata lähemalt ballzy.eu.,https://ballzy.eu/et/product/ne-shacket-60596277-l-cnf,https://backend.ballzy.eu/media/catalog/product/n/e/newera-ne-shacket-bee-pwch.jpg,New Era,99.00 EUR,in_stock,Streetbrand OÜ,EE,true,false,true
60596302_L_CNF,Ne towelling os tee,Spordiriided ballzy veebipoest. Vaata lähemalt ballzy.eu.,https://ballzy.eu/et/product/ne-towelling-os-tee-60596302-l-cnf,https://backend.ballzy.eu/media/catalog/product/n/e/newera-ne-towelling-os-tee-sinine-vcl7.jpg,New Era,39.00 EUR,in_stock,Streetbrand OÜ,EE,true,false,true
JC8261_XS_CNF,Firebird tt,"Fresh and full of life, this adicolor firebird track top celebrates the power and authenticity of adidas´ legendary dna. cut from a modern tricot knit for a crisp look that is sure to turn heads, this comfortable jacket also features our iconic 3-stripes down the sleeves and an embroidered trefoil logo on the chest. zip up this stunner and show the world your confident side.know the carbon footprint: all life cycle stages have been considered in our product carbon footprint calculation methodolo Vaata lähemalt ballzy.eu.",https://ballzy.eu/et/product/firebird-tt-jc8261-xs-cnf,https://backend.ballzy.eu/media/catalog/product/a/d/adidas-firebird-tt-roheline-u1eu.jpg,adidas Originals,74.00 EUR,in_stock,Streetbrand OÜ,EE,true,false,true
JC8284_XS_CNF,Firebird tp,"These classic adidas track pants combine a timeless look with the convenience of everyday comfort. featuring zip pockets, 3-stripes along the legs, and an embroidered logo, they have all the ingredients for greatness. take your look from good to great by pairing these with a 1/4 track top or a cosy hoodie. Vaata lähemalt ballzy.eu.",https://ballzy.eu/et/product/firebird-tp-jc8284-xs-cnf,https://backend.ballzy.eu/media/catalog/product/a/d/adidas-firebird-tp-roheline-3un2.jpg,adidas Originals,69.00 EUR,in_stock,Streetbrand OÜ,EE,true,false,true
JD0809_S_CNF,Polo,"Adidas originals is all about bringing back iconic pieces from the archives. this polo shirt features signature 3-stripes running down the shoulders and a linear trefoil logo, so your adidas pride is front and centre. the loose shape and piqué fabric give it a casual look and feel. Vaata lähemalt ballzy.eu.",https://ballzy.eu/et/product/polo-jd0809-s-cnf,https://backend.ballzy.eu/media/catalog/product/a/d/adidas-polo-must-jzuo.jpg,adidas Originals,49.00 EUR,in_stock,Streetbrand OÜ,EE,true,false,true
JH5708_4_CNF,Samba lt w,"The iconic samba is back. this pair pays homage to the shoe´s football roots with a classic fold-over tongue. signature details include a t-toe and a gum rubber outsole, while a metallic leather upper gives the trainers fresh life. Vaata lähemalt ballzy.eu.",https://ballzy.eu/et/product/samba-lt-w-jh5708-4-cnf,https://backend.ballzy.eu/media/catalog/product/a/d/adidas-samba-lt-w-multicolor-yehu.jpg,adidas Originals,129.00 EUR,in_stock,Streetbrand OÜ,EE,true,false,true
JS0241_4_CNF,Handball spezial w,"The adidas spezial shoes were introduced in 1979 for handball athletes, but it wasn´t long before the undeniable style paved a path beyond the indoor court. this pair celebrates that rich past with signature design elements ranging from the suede upper to the t-shaped toe box. vibrant modern colour combinations add standout looks. lace them up and express your style with a vintage flare. Vaata lähemalt ballzy.eu.",https://ballzy.eu/et/product/handball-spezial-w-js0241-4-cnf,https://backend.ballzy.eu/media/catalog/product/a/d/adidas-handball-spezial-w-sinine-filx.jpg,adidas Originals,109.00 EUR,in_stock,Streetbrand OÜ,EE,true,false,true
JW4293_S_CNF,Anted bt hoody,"Rep your love for anthony edwards in this hoodie from adidas basketball. inspired by the electric play and fearless attitude of one of the game´s most dominating young stars, this hooded sweatshirt brings his audacious mantra front and centre. a believe that graphic is boldly splashed across the chest, with an anthony edwards logo completing the signature look. Vaata lähemalt ballzy.eu.",https://ballzy.eu/et/product/anted-bt-hoody-jw4293-s-cnf,https://backend.ballzy.eu/media/catalog/product/a/d/adidas-anted-bt-hoody-must-qnrg.jpg,adidas Originals,69.00 EUR,in_stock,Streetbrand OÜ,EE,true,false,true
MA0809_023_O-S_CNF,Jam flight cardcase,Spordiriided ballzy veebipoest. Vaata lähemalt ballzy.eu.,https://ballzy.eu/et/product/jam-flight-cardcase-ma0809-023-o-s-cnf,https://backend.ballzy.eu/media/catalog/product/j/o/jordan-jam-flight-cardcase-must-9ix4.jpg,Jordan,29.00 EUR,in_stock,Streetbrand OÜ,EE,true,false,true
MA0880_023_O-S_CNF,Jam hbr backpack,Spordiriided ballzy veebipoest. Vaata lähemalt ballzy.eu.,https://ballzy.eu/et/product/jam-hbr-backpack-ma0880-023-o-s-cnf,https://backend.ballzy.eu/media/catalog/product/j/o/jordan-jam-hbr-backpack-must-rwve.jpg,Jordan,49.00 EUR,in_stock,Streetbrand OÜ,EE,true,false,true
MA0899_XA3_O_S_CNF,Jam cordura franchise backpack,Spordiriided ballzy veebipoest. Vaata lähemalt ballzy.eu.,https://ballzy.eu/et/product/jam-cordura-franchise-backpack-ma0899-xa3-o-s-cnf,https://backend.ballzy.eu/media/catalog/product/j/o/jordan-jam-cordura-franchise-backpack-bee-lall.jpg,Jordan,114.00 EUR,in_stock,Streetbrand OÜ,EE,true,false,true
MA0900_XA3_O_S_CNF,Jam cordura franchise duffle,Spordiriided ballzy veebipoest. Vaata lähemalt ballzy.eu.,https://ballzy.eu/et/product/jam-cordura-franchise-duffle-ma0900-xa3-o-s-cnf,https://backend.ballzy.eu/media/catalog/product/j/o/jordan-jam-cordura-franchise-duffle-bee-bjqi.jpg,Jordan,99.00 EUR,in_stock,Streetbrand OÜ,EE,true,false,true
MA0913_023_O-S_CNF,Jam jordan sport duffle,Spordiriided ballzy veebipoest. Vaata lähemalt ballzy.eu.,https://ballzy.eu/et/product/jam-jordan-sport-duffle-ma0913-023-o-s-cnf,https://backend.ballzy.eu/media/catalog/product/j/o/jordan-jam-jordan-sport-duffle-must-7chi.jpg,Jordan,89.00 EUR,in_stock,Streetbrand OÜ,EE,true,false,true
MA0913_R78_O-S_CNF,Jam jordan sport duffle,Spordiriided ballzy veebipoest. Vaata lähemalt ballzy.eu.,https://ballzy.eu/et/product/jam-jordan-sport-duffle-ma0913-r78-o-s-cnf,https://backend.ballzy.eu/media/catalog/product/j/o/jordan-jam-jordan-sport-duffle-punane-pblo.jpg,Jordan,89.00 EUR,in_stock,Streetbrand OÜ,EE,true,false,true
MA9016_023_O-S_CNF,Jam cordura franchise tote,Spordiriided ballzy veebipoest. Vaata lähemalt ballzy.eu.,https://ballzy.eu/et/product/jam-cordura-franchise-tote-ma9016-023-o-s-cnf,https://backend.ballzy.eu/media/catalog/product/j/o/jordan-jam-cordura-franchise-tote-must-zxw3.jpg,Jordan,89.00 EUR,in_stock,Streetbrand OÜ,EE,true,false,true
WA0868_023_O_S_CNF,Jaw alpha backpack,Spordiriided ballzy veebipoest. Vaata lähemalt ballzy.eu.,https://ballzy.eu/et/product/jaw-alpha-backpack-wa0868-023-o-s-cnf,https://backend.ballzy.eu/media/catalog/product/j/o/jordan-jaw-alpha-backpack-must-u1ea.jpg,Jordan,114.00 EUR,in_stock,Streetbrand OÜ,EE,true,false,true
JH5438_4_CNF,Handball spezial,"Originally designed for fast-paced indoor sports, these adidas handball spezial shoes playing days are done but keep your style game strong. crafted for comfort, their leather and textile upper surrounds a synthetic lining. underneath, a rubber outsole maintains grip on city streets and beyond. a timeless t-toe classic, the spezial stands out with serrated 3-stripes and gold-letter branding along the side. bring the energy and attitude of sport to your everyday hustle with these iconic low-profi Vaata lähemalt ballzy.eu.",https://ballzy.eu/et/product/handball-spezial-jh5438-4-cnf,https://backend.ballzy.eu/media/catalog/product/a/d/adidas-handball-spezial-roheline-5x3x.jpg,adidas Originals,119.00 EUR,in_stock,Streetbrand OÜ,EE,true,false,true
JH5707_4_CNF,Samba lt w,"The iconic samba is back. this pair pays homage to the shoe´s football roots with a classic fold-over tongue. signature details include a t-toe and a gum rubber outsole, while a metallic leather upper gives the trainers fresh life. Vaata lähemalt ballzy.eu.",https://ballzy.eu/et/product/samba-lt-w-jh5707-4-cnf,https://backend.ballzy.eu/media/catalog/product/a/d/adidas-samba-lt-w-multicolor-06fn.jpg,adidas Originals,129.00 EUR,in_stock,Streetbrand OÜ,EE,true,false,true
JH7285_4_CNF,Campus 00s w,"A cult classic reimagined for today. the adidas campus 00s shoes blend retro inspiration with modern street style. taking their cues and design markers from the campus 80s shoes, these trainers evolve with an updated shape and proportions. the suede upper acts as a canvas for bright colour pops — bringing versatility and playful style to your daily moves. Vaata lähemalt ballzy.eu.",https://ballzy.eu/et/product/campus-00s-w-jh7285-4-cnf,https://backend.ballzy.eu/media/catalog/product/a/d/adidas-campus-00s-w-sinine-gprh.jpg,adidas Originals,119.00 EUR,in_stock,Streetbrand OÜ,EE,true,false,true
JI2678_4_CNF,Samba og w,"Long before the adidas samba shoes took to the streets, they left their mark on the indoor football pitch. their smooth leather upper, nubuck toe cap and reinforced rubber sole were designed with agility and control in mind. though times have changed, their essence remains. today, they carry on the legacy as an iconic street style, ready for whatever your day brings. moulded into their design is decades of history, keeping the spirit of the trefoil alive. Vaata lähemalt ballzy.eu.",https://ballzy.eu/et/product/samba-og-w-ji2678-4-cnf,https://backend.ballzy.eu/media/catalog/product/a/d/adidas-samba-og-w-multicolor-bf9u.jpg,adidas Originals,129.00 EUR,in_stock,Streetbrand OÜ,EE,true,false,true
JQ0192_4_CNF,Gazelle indoor w,"Slip into iconic style and all-day comfort with these adidas gazelle indoor shoes. originally designed for training in 1979, this updated model features a premium nubuck upper in eye-catching shades. a semi-translucent rubber outsole adds style points so you can go from errands to evenings out without missing a step. whether you´re embracing athleisure or dressing up denim, these adidas originals add retro flair to any outfit. Vaata lähemalt ballzy.eu.",https://ballzy.eu/et/product/gazelle-indoor-w-jq0192-4-cnf,https://backend.ballzy.eu/media/catalog/product/a/d/adidas-gazelle-indoor-w-multicolor-5c1p.jpg,adidas Originals,119.00 EUR,in_stock,Streetbrand OÜ,EE,true,false,true
HV0949_539_S_CNF,M nk tch flc fz wr hoodie,Spordiriided ballzy veebipoest. Vaata lähemalt ballzy.eu.,https://ballzy.eu/et/product/m-nk-tch-flc-fz-wr-hoodie-hv0949-539-s-cnf,https://backend.ballzy.eu/media/catalog/product/n/i/nike-m-nk-tch-flc-fz-wr-hoodie-multicolor-db2t.jpg,Nike,129.00 EUR,in_stock,Streetbrand OÜ,EE,true,false,true
HV0959_539_S_CNF,M nk tch flc jggr,Spordiriided ballzy veebipoest. Vaata lähemalt ballzy.eu.,https://ballzy.eu/et/product/m-nk-tch-flc-jggr-hv0959-539-s-cnf,https://backend.ballzy.eu/media/catalog/product/n/i/nike-m-nk-tch-flc-jggr-multicolor-gwjh.jpg,Nike,114.00 EUR,in_stock,Streetbrand OÜ,EE,true,false,true
HV6519_010_S_CNF,M nsw tn tee,Spordiriided ballzy veebipoest. Vaata lähemalt ballzy.eu.,https://ballzy.eu/et/product/m-nsw-tn-tee-hv6519-010-s-cnf,https://backend.ballzy.eu/media/catalog/product/n/i/nike-m-nsw-tn-tee-multicolor-rhpf.jpg,Nike,49.00 EUR,in_stock,Streetbrand OÜ,EE,true,false,true
IB3355_100_S_CNF,M j flt ess aj1 ss crew,Spordiriided ballzy veebipoest. Vaata lähemalt ballzy.eu.,https://ballzy.eu/et/product/m-j-flt-ess-aj1-ss-crew-ib3355-100-s-cnf,https://backend.ballzy.eu/media/catalog/product/j/o/jordan-m-j-flt-ess-aj1-ss-crew-multicolor-iq9q.jpg,Jordan,49.00 EUR,in_stock,Streetbrand OÜ,EE,true,false,true
IB7274_010_S_CNF,M j mvp flc po hd lb,Spordiriided ballzy veebipoest. Vaata lähemalt ballzy.eu.,https://ballzy.eu/et/product/m-j-mvp-flc-po-hd-lb-ib7274-010-s-cnf,https://backend.ballzy.eu/media/catalog/product/j/o/jordan-m-j-mvp-flc-po-hd-lb-multicolor-kzsd.jpg,Jordan,84.00 EUR,in_stock,Streetbrand OÜ,EE,true,false,true
IB7274_309_S_CNF,M j mvp flc po hd lb,Spordiriided ballzy veebipoest. Vaata lähemalt ballzy.eu.,https://ballzy.eu/et/product/m-j-mvp-flc-po-hd-lb-ib7274-309-s-cnf,https://backend.ballzy.eu/media/catalog/product/j/o/jordan-m-j-mvp-flc-po-hd-lb-multicolor-lyxm.jpg,Jordan,84.00 EUR,in_stock,Streetbrand OÜ,EE,true,false,true
IB7274_410_S_CNF,M j mvp flc po hd lb,Spordiriided ballzy veebipoest. Vaata lähemalt ballzy.eu.,https://ballzy.eu/et/product/m-j-mvp-flc-po-hd-lb-ib7274-410-s-cnf,https://backend.ballzy.eu/media/catalog/product/j/o/jordan-m-j-mvp-flc-po-hd-lb-multicolor-t0bs.jpg,Jordan,84.00 EUR,in_stock,Streetbrand OÜ,EE,true,false,true
MA0820_023_O-S_CNF,Jam jumpman ingot cardcase,Spordiriided ballzy veebipoest. Vaata lähemalt ballzy.eu.,https://ballzy.eu/et/product/jam-jumpman-ingot-cardcase-ma0820-023-o-s-cnf,https://backend.ballzy.eu/media/catalog/product/j/o/jordan-jam-jumpman-ingot-cardcase-must-9hhj.jpg,Jordan,54.00 EUR,in_stock,Streetbrand OÜ,EE,true,false,true
JI2594_4_CNF,Samba og w,"These adidas samba og shoes make a statement without missing a beat. their satin textile upper accented with suede details gives them a sporty, stylish look that´s structured for any occasion. originally designed as an indoor football shoe, the samba´s iconic style has made it a natural on the street scene. the rubber outsole provides durable traction to keep you grounded on your path. step into a piece of adidas history with the samba og, shoes that go with anything from jeans to fleece to jogg Vaata lähemalt ballzy.eu.",https://ballzy.eu/et/product/samba-og-w-ji2594-4-cnf,https://backend.ballzy.eu/media/catalog/product/a/d/adidas-samba-og-w-kollane-bsjs.jpg,adidas Originals,129.00 EUR,in_stock,Streetbrand OÜ,EE,true,false,true
18315_11_CNF,Winnie,Spordiriided ballzy veebipoest. Vaata lähemalt ballzy.eu.,https://ballzy.eu/et/product/winnie-18315-11-cnf,https://backend.ballzy.eu/media/catalog/product/a/-/a-kj-rbede-winnie-pruun-p7pm.jpg,A_kjÆrbede,29.00 EUR,in_stock,Streetbrand OÜ,EE,true,false,true
U740GS2_4.5_CNF,New balance 740,Spordiriided ballzy veebipoest. Vaata lähemalt ballzy.eu.,https://ballzy.eu/et/product/new-balance-740-u740gs2-4-5-cnf,https://backend.ballzy.eu/media/catalog/product/n/e/new-balance-new-balance-740-hall-csrj.jpg,New Balance,124.00 EUR,in_stock,Streetbrand OÜ,EE,true,false,true
60595354_OSFM_CNF,Wmns towelling 9twenty yankees,Spordiriided ballzy veebipoest. Vaata lähemalt ballzy.eu.,https://ballzy.eu/et/product/wmns-towelling-9twenty-yankees-60595354-osfm-cnf,https://backend.ballzy.eu/media/catalog/product/n/e/newera-wmns-towelling-9twenty-yankees-must-6tgd.jpg,New Era,34.00 EUR,in_stock,Streetbrand OÜ,EE,true,false,true
63202201_S_CNF,Hoops x lafrance written in chrome,Spordiriided ballzy veebipoest. Vaata lähemalt ballzy.eu.,https://ballzy.eu/et/product/hoops-x-lafrance-written-in-chrome-63202201-s-cnf,https://backend.ballzy.eu/media/catalog/product/p/u/puma-hoops-x-lafrance-written-in-chrome-must-upee.jpg,Puma,84.00 EUR,in_stock,Streetbrand OÜ,EE,true,false,true
FV0939_002_6.5_CNF,Wmns nike shox tl,Spordiriided ballzy veebipoest. Vaata lähemalt ballzy.eu.,https://ballzy.eu/et/product/wmns-nike-shox-tl-fv0939-002-6-5-cnf,https://backend.ballzy.eu/media/catalog/product/n/i/nike-wmns-nike-shox-tl-roheline-h46n.jpg,Nike,189.00 EUR,in_stock,Streetbrand OÜ,EE,true,false,true
I030008_0ROXX_M_CNF,Windbreaker pullover,Spordiriided ballzy veebipoest. Vaata lähemalt ballzy.eu.,https://ballzy.eu/et/product/windbreaker-pullover-i030008-0roxx-m-cnf,https://backend.ballzy.eu/media/catalog/product/c/a/carhartt-windbreaker-pullover-hall-j5vi.jpg,Carhartt WIP,169.00 EUR,in_stock,Streetbrand OÜ,EE,true,false,true
IB8971_106_8.5_CNF,Air jordan 1 low se,Spordiriided ballzy veebipoest. Vaata lähemalt ballzy.eu.,https://ballzy.eu/et/product/air-jordan-1-low-se-ib8971-106-8-5-cnf,https://backend.ballzy.eu/media/catalog/product/j/o/jordan-air-jordan-1-low-se-multicolor-krio.jpg,Jordan,159.00 EUR,in_stock,Streetbrand OÜ,EE,true,false,true
KL2504_002_CNF,Max,Spordiriided ballzy veebipoest. Vaata lähemalt ballzy.eu.,https://ballzy.eu/et/product/max-kl2504-002-cnf,https://backend.ballzy.eu/media/catalog/product/a/-/a-kj-rbede-max-pruun-mfez.jpg,A_kjÆrbede,29.00 EUR,in_stock,Streetbrand OÜ,EE,true,false,true
KL2506_004_CNF,Noah,Spordiriided ballzy veebipoest. Vaata lähemalt ballzy.eu.,https://ballzy.eu/et/product/noah-kl2506-004-cnf,https://backend.ballzy.eu/media/catalog/product/a/-/a-kj-rbede-noah-kollane-2qml.jpg,A_kjÆrbede,29.00 EUR,in_stock,Streetbrand OÜ,EE,true,false,true
MA0880_B9F_O-S_CNF,Jam hbr backpack,Spordiriided ballzy veebipoest. Vaata lähemalt ballzy.eu.,https://ballzy.eu/et/product/jam-hbr-backpack-ma0880-b9f-o-s-cnf,https://backend.ballzy.eu/media/catalog/product/j/o/jordan-jam-hbr-backpack-punane-de2a.jpg,Jordan,49.00 EUR,in_stock,Streetbrand OÜ,EE,true,false,true
MA0924_X27_O-S_CNF,Jam air patrol backpack,Spordiriided ballzy veebipoest. Vaata lähemalt ballzy.eu.,https://ballzy.eu/et/product/jam-air-patrol-backpack-ma0924-x27-o-s-cnf,https://backend.ballzy.eu/media/catalog/product/j/o/jordan-jam-air-patrol-backpack-must-aavb.jpg,Jordan,64.00 EUR,in_stock,Streetbrand OÜ,EE,true,false,true
MT41534_DUS_2XL_CNF,Athletics french terry hoodie,Spordiriided ballzy veebipoest. Vaata lähemalt ballzy.eu.,https://ballzy.eu/et/product/athletics-french-terry-hoodie-mt41534-dus-2xl-cnf,https://backend.ballzy.eu/media/catalog/product/n/e/new-balance-athletics-french-terry-hoodie-sinine-vlkw.jpg,New Balance,99.00 EUR,in_stock,Streetbrand OÜ,EE,true,false,true
MT51976_DOE_L_CNF,New balance x debut vase long sleeve,Spordiriided ballzy veebipoest. Vaata lähemalt ballzy.eu.,https://ballzy.eu/et/product/new-balance-x-debut-vase-long-sleeve-mt51976-doe-l-cnf,https://backend.ballzy.eu/media/catalog/product/n/e/new-balance-new-balance-x-debut-vase-long-sleeve-sinine-fdda.jpg,New Balance,59.00 EUR,in_stock,Streetbrand OÜ,EE,true,false,true
IH8659_4_CNF,Superstar ii,"The iconic adidas superstar shoes are back. step into 50 years of sport and street style with these low top sneakers. a smooth leather upper and rubber shell toe evoke memories of basketball courts and city streets. the padded tongue and collar add comfort for all-day wear while the textured rubber outsole provides grip. whether you´re shooting hoops or hitting the town, the adidas superstar shoes have the versatility and retro appeal to take you there in classic style. Vaata lähemalt ballzy.eu.",https://ballzy.eu/et/product/superstar-ii-ih8659-4-cnf,https://backend.ballzy.eu/media/catalog/product/a/d/adidas-superstar-ii-valge-7kcv.jpg,adidas Originals,124.00 EUR,in_stock,Streetbrand OÜ,EE,true,false,true
JI0179_4_CNF,Tokyo w,"Slip into retro style with the adidas tokyo shoes. the soft suede upper has a slim, low-profile build that´s vintage and modern at the same time. underneath, a rubber outsole provides great grip so you can stroll with confidence. lace up these trainers, and move seamlessly from work to weekend and every casual occasion in between. Vaata lähemalt ballzy.eu.",https://ballzy.eu/et/product/tokyo-w-ji0179-4-cnf,https://backend.ballzy.eu/media/catalog/product/a/d/adidas-tokyo-w-sinine-3jrr.jpg,adidas Originals,109.00 EUR,in_stock,Streetbrand OÜ,EE,true,false,true
JI0183_4_CNF,Tokyo w,"Slip into retro style with the adidas tokyo shoes. the soft suede upper has a slim, low-profile build that´s vintage and modern at the same time. underneath, a rubber outsole provides great grip so you can stroll with confidence. lace up these trainers, and move seamlessly from work to weekend and every casual occasion in between. Vaata lähemalt ballzy.eu.",https://ballzy.eu/et/product/tokyo-w-ji0183-4-cnf,https://backend.ballzy.eu/media/catalog/product/a/d/adidas-tokyo-w-must-iryi.jpg,adidas Originals,109.00 EUR,in_stock,Streetbrand OÜ,EE,true,false,true
JI2697_4_CNF,Gazelle bold w,"It wouldn´t be a list of adidas´ most iconic shoes without the gazelle. first worn on indoor courts in the ´70s, the suede shoe is gaining new fans to this day. now the style you covet is lifted up to new heights. it´s stacked three layers high, for a new perspective on the classic style. the details stay sporty with buttery-soft suede and serrated 3-stripes. a metallic-gold gazelle is the final stamp of our heritage. Vaata lähemalt ballzy.eu.",https://ballzy.eu/et/product/gazelle-bold-w-ji2697-4-cnf,https://backend.ballzy.eu/media/catalog/product/a/d/adidas-gazelle-bold-w-pruun-ccde.jpg,adidas Originals,129.00 EUR,in_stock,Streetbrand OÜ,EE,true,false,true
I034698_02XX_S_CNF,W´ s/s java t-shirt,Spordiriided ballzy veebipoest. Vaata lähemalt ballzy.eu.,https://ballzy.eu/et/product/w-s-s-java-t-shirt-i034698-02xx-s-cnf,https://backend.ballzy.eu/media/catalog/product/c/a/carhartt-w-s-s-java-t-shirt-valge-4avl.jpg,Carhartt WIP,39.00 EUR,in_stock,Streetbrand OÜ,EE,true,false,true
U740BO2_4_CNF,New balance 740,A timeless silhouette and plush cushioning let you take on busy days in unbeatable comfort and style. Vaata lähemalt ballzy.eu.,https://ballzy.eu/et/product/new-balance-740-u740bo2-4-cnf,https://backend.ballzy.eu/media/catalog/product/n/e/new-balance-new-balance-740-must-6ocr.jpg,New Balance,124.00 EUR,in_stock,Streetbrand OÜ,EE,true,false,true
85F000_023_2-3Y_CNF,Jdb terry cloth camp set,Spordiriided ballzy veebipoest. Vaata lähemalt ballzy.eu.,https://ballzy.eu/et/product/jdb-terry-cloth-camp-set-85f000-023-2-3y-cnf,https://backend.ballzy.eu/media/catalog/product/j/o/jordan-jdb-terry-cloth-camp-set-must-fdyp.jpg,Jordan,49.00 EUR,in_stock,Streetbrand OÜ,EE,true,false,true
BQ6472_510_6_CNF,Wmns air jordan 1 mid,Spordiriided ballzy veebipoest. Vaata lähemalt ballzy.eu.,https://ballzy.eu/et/product/wmns-air-jordan-1-mid-bq6472-510-6-cnf,https://backend.ballzy.eu/media/catalog/product/j/o/jordan-wmns-air-jordan-1-mid-multicolor-h8zq.jpg,Jordan,149.00 EUR,in_stock,Streetbrand OÜ,EE,true,false,true
FN2415_051_XS_CNF,W nsw nk chll ft fz hdy,Spordiriided ballzy veebipoest. Vaata lähemalt ballzy.eu.,https://ballzy.eu/et/product/w-nsw-nk-chll-ft-fz-hdy-fn2415-051-xs-cnf,https://backend.ballzy.eu/media/catalog/product/n/i/nike-w-nsw-nk-chll-ft-fz-hdy-multicolor-2jpz.jpg,Nike,79.00 EUR,in_stock,Streetbrand OÜ,EE,true,false,true
FQ1598_001_9_CNF,Jordan jumpman slide,Spordiriided ballzy veebipoest. Vaata lähemalt ballzy.eu.,https://ballzy.eu/et/product/jordan-jumpman-slide-fq1598-001-9-cnf,https://backend.ballzy.eu/media/catalog/product/j/o/jordan-jordan-jumpman-slide-multicolor-rupy.jpg,Jordan,49.00 EUR,in_stock,Streetbrand OÜ,EE,true,false,true
HJ2929_240_S_CNF,M j brand jam 85 ss crew,Spordiriided ballzy veebipoest. Vaata lähemalt ballzy.eu.,https://ballzy.eu/et/product/m-j-brand-jam-85-ss-crew-hj2929-240-s-cnf,https://backend.ballzy.eu/media/catalog/product/j/o/jordan-m-j-brand-jam-85-ss-crew-multicolor-hoze.jpg,Jordan,49.00 EUR,in_stock,Streetbrand OÜ,EE,true,false,true
I032642_0M4XX_XS_CNF,W´ hooded casey jacket,Spordiriided ballzy veebipoest. Vaata lähemalt ballzy.eu.,https://ballzy.eu/et/product/w-hooded-casey-jacket-i032642-0m4xx-xs-cnf,https://backend.ballzy.eu/media/catalog/product/c/a/carhartt-w-hooded-casey-jacket-must-jzgc.jpg,Carhartt WIP,94.00 EUR,in_stock,Streetbrand OÜ,EE,true,false,true
I032642_2NIXX_XS_CNF,W´ hooded casey jacket,Spordiriided ballzy veebipoest. Vaata lähemalt ballzy.eu.,https://ballzy.eu/et/product/w-hooded-casey-jacket-i032642-2nixx-xs-cnf,https://backend.ballzy.eu/media/catalog/product/c/a/carhartt-w-hooded-casey-jacket-hall-farf.jpg,Carhartt WIP,94.00 EUR,in_stock,Streetbrand OÜ,EE,true,false,true
I033004_2P5XX_M-L_CNF,W´ paloma hat,Spordiriided ballzy veebipoest. Vaata lähemalt ballzy.eu.,https://ballzy.eu/et/product/w-paloma-hat-i033004-2p5xx-m-l-cnf,https://backend.ballzy.eu/media/catalog/product/c/a/carhartt-w-paloma-hat-sinine-hr1h.jpg,Carhartt WIP,44.00 EUR,in_stock,Streetbrand OÜ,EE,true,false,true
I034501_89XX_S_CNF,W´ irwin jacket,Spordiriided ballzy veebipoest. Vaata lähemalt ballzy.eu.,https://ballzy.eu/et/product/w-irwin-jacket-i034501-89xx-s-cnf,https://backend.ballzy.eu/media/catalog/product/c/a/carhartt-w-irwin-jacket-must-tj11.jpg,Carhartt WIP,209.00 EUR,in_stock,Streetbrand OÜ,EE,true,false,true
I034532_2SSXX_M_CNF,S/s phelps shirt,"Carhartt wip s/s phelps shirt on lühikeste varrukatega lifestyle-särk igapäevaseks kandmiseks. see ühendab vastupidava ja funktsionaalse stiili mugava lõikega, et saaksid vabalt nautida nii linna seiklusi kui ka õues veedetud aega. Vaata lähemalt ballzy.eu.",https://ballzy.eu/et/product/s-s-phelps-shirt-i034532-2ssxx-m-cnf,https://backend.ballzy.eu/media/catalog/product/c/a/carhartt-s-s-phelps-shirt-sinine-4yfg.jpg,Carhartt WIP,99.00 EUR,in_stock,Streetbrand OÜ,EE,true,false,true
I034615_0D2XX_4U_4_CNF,Carhartt wip slippers,Spordiriided ballzy veebipoest. Vaata lähemalt ballzy.eu.,https://ballzy.eu/et/product/carhartt-wip-slippers-i034615-0d2xx-4u-4-cnf,https://backend.ballzy.eu/media/catalog/product/c/a/carhartt-carhartt-wip-slippers-must-nxhh.jpg,Carhartt WIP,44.00 EUR,in_stock,Streetbrand OÜ,EE,true,false,true
I034661_2P5XX_M_CNF,S/s sunflower t-shirt,Spordiriided ballzy veebipoest. Vaata lähemalt ballzy.eu.,https://ballzy.eu/et/product/s-s-sunflower-t-shirt-i034661-2p5xx-m-cnf,https://backend.ballzy.eu/media/catalog/product/c/a/carhartt-s-s-sunflower-t-shirt-sinine-t4ow.jpg,Carhartt WIP,49.00 EUR,in_stock,Streetbrand OÜ,EE,true,false,true
I034677_E4GD_S_CNF,W´ ingo sweat,Spordiriided ballzy veebipoest. Vaata lähemalt ballzy.eu.,https://ballzy.eu/et/product/w-ingo-sweat-i034677-e4gd-s-cnf,https://backend.ballzy.eu/media/catalog/product/c/a/carhartt-w-ingo-sweat-sinine-r8ex.jpg,Carhartt WIP,129.00 EUR,in_stock,Streetbrand OÜ,EE,true,false,true
I034700_02XX_S_CNF,W´ s/s sunflower t-shirt,Spordiriided ballzy veebipoest. Vaata lähemalt ballzy.eu.,https://ballzy.eu/et/product/w-s-s-sunflower-t-shirt-i034700-02xx-s-cnf,https://backend.ballzy.eu/media/catalog/product/c/a/carhartt-w-s-s-sunflower-t-shirt-valge-ogce.jpg,Carhartt WIP,44.00 EUR,in_stock,Streetbrand OÜ,EE,true,false,true
I034772_0D2XX_M_CNF,S/s rotation t-shirt,Spordiriided ballzy veebipoest. Vaata lähemalt ballzy.eu.,https://ballzy.eu/et/product/s-s-rotation-t-shirt-i034772-0d2xx-m-cnf,https://backend.ballzy.eu/media/catalog/product/c/a/carhartt-s-s-rotation-t-shirt-must-i6vv.jpg,Carhartt WIP,49.00 EUR,in_stock,Streetbrand OÜ,EE,true,false,true
I034916_33UXX_13_AP3_CNF,Tour airpods case,Spordiriided ballzy veebipoest. Vaata lähemalt ballzy.eu.,https://ballzy.eu/et/product/tour-airpods-case-i034916-33uxx-13-ap3-cnf,https://backend.ballzy.eu/media/catalog/product/c/a/carhartt-tour-airpods-case-roheline-rhxd.jpg,Carhartt WIP,19.00 EUR,in_stock,Streetbrand OÜ,EE,true,false,true
I035062_2SAXX_S_CNF,Chase swim trunks,Spordiriided ballzy veebipoest. Vaata lähemalt ballzy.eu.,https://ballzy.eu/et/product/chase-swim-trunks-i035062-2saxx-s-cnf,https://backend.ballzy.eu/media/catalog/product/c/a/carhartt-chase-swim-trunks-lilla-sdwy.jpg,Carhartt WIP,64.00 EUR,in_stock,Streetbrand OÜ,EE,true,false,true
JC5340_S_CNF,M fi sl t,"This adidas tee is for those who appreciate the art of simplicity. a small 3 bar logo on the chest lets your style speak volumes without saying too much. premium, soft single jersey fabric keeps you comfortable all day. slip it on and let your look do the talking. Vaata lähemalt ballzy.eu.",https://ballzy.eu/et/product/m-fi-sl-t-jc5340-s-cnf,https://backend.ballzy.eu/media/catalog/product/a/d/adidas-m-fi-sl-t-hall-bkll.jpg,adidas Originals,39.00 EUR,in_stock,Streetbrand OÜ,EE,true,false,true
JC9575_S_CNF,P ess pt,"When the day calls for comfort, these adidas premium essentials sweat pants are ready to answer. they´re made from soft french terry fabric that´s cosy without being too heavy. the fit is roomy but not too loose, ideal for lounging or running errands. a small trefoil on the leg adds an iconic touch. Vaata lähemalt ballzy.eu.",https://ballzy.eu/et/product/p-ess-pt-jc9575-s-cnf,https://backend.ballzy.eu/media/catalog/product/a/d/adidas-p-ess-pt-must-1er8.jpg,adidas Originals,89.00 EUR,in_stock,Streetbrand OÜ,EE,true,false,true
JI0079_4_CNF,Superstar ii,"The iconic adidas superstar shoes are back. step into 50 years of sport and street style with these low top sneakers. a smooth leather upper and rubber shell toe evoke memories of basketball courts and city streets. the padded tongue and collar add comfort for all-day wear while the textured rubber outsole provides grip. whether you´re shooting hoops or hitting the town, the adidas superstar shoes have the versatility and retro appeal to take you there in classic style. Vaata lähemalt ballzy.eu.",https://ballzy.eu/et/product/superstar-ii-ji0079-4-cnf,https://backend.ballzy.eu/media/catalog/product/a/d/adidas-superstar-ii-must-fuai.jpg,adidas Originals,124.00 EUR,in_stock,Streetbrand OÜ,EE,true,false,true
JI3299_4.5_CNF,Tokyo w,"Slip into retro style with the adidas tokyo shoes. the lightweight nylon upper has a slim, low-profile build that´s vintage and modern at the same time. underneath, a rubber outsole provides great grip so you can stroll with confidence. lace up these trainers, and move seamlessly from work to weekend and every casual occasion in between. Vaata lähemalt ballzy.eu.",https://ballzy.eu/et/product/tokyo-w-ji3299-4-5-cnf,https://backend.ballzy.eu/media/catalog/product/a/d/adidas-tokyo-w-kollane-pb6u.jpg,adidas Originals,109.00 EUR,in_stock,Streetbrand OÜ,EE,true,false,true
JS1193_4.5_CNF,Adidas taekwondo lace w,"These low-profile adidas trainers infuse athletic inspiration into your daily routine. their minimal design means they pair perfectly with everything from leggings to jeans to dresses. made from buttery leather, the shoes have quilting on the toes that´s a callback to ´00s style. the 3-stripes keep them authentic. Vaata lähemalt ballzy.eu.",https://ballzy.eu/et/product/adidas-taekwondo-lace-w-js1193-4-5-cnf,https://backend.ballzy.eu/media/catalog/product/a/d/adidas-adidas-taekwondo-lace-w-must-vgtz.jpg,adidas Originals,99.00 EUR,in_stock,Streetbrand OÜ,EE,true,false,true
KC0673_XS_CNF,Jersey,"This adidas originals jersey drips a sport aesthetic with energetic summer vibes. wide stripes play out on the top, draping the body with the loose silhouette. it´s detailed with crochet 3-stripes, a small crochet flower badge and a chain-stitched adidas graphic across the chest. Vaata lähemalt ballzy.eu.",https://ballzy.eu/et/product/jersey-kc0673-xs-cnf,https://backend.ballzy.eu/media/catalog/product/a/d/adidas-jersey-roosa-ykom.jpg,adidas Originals,69.00 EUR,in_stock,Streetbrand OÜ,EE,true,false,true
KC0675_XS_CNF,Wideleg pant,"The look and feel of these adidas originals pants settle you right into a feeling of leisure. a loose fit and soft cotton feel good on leisurely strolls or long dinners that spill late into the evening. crochet 3-stripes finish the look, grounding the pants in a true summer vibe. Vaata lähemalt ballzy.eu.",https://ballzy.eu/et/product/wideleg-pant-kc0675-xs-cnf,https://backend.ballzy.eu/media/catalog/product/a/d/adidas-wideleg-pant-bee-qrkh.jpg,adidas Originals,69.00 EUR,in_stock,Streetbrand OÜ,EE,true,false,true
KC0677_XS_CNF,Wideleg pant,"The look and feel of these adidas originals pants settle you right into a feeling of leisure. a loose fit and soft cotton feel good on leisurely strolls or long dinners that spill late into the evening. crochet 3-stripes finish the look, grounding the pants in a true summer vibe. Vaata lähemalt ballzy.eu.",https://ballzy.eu/et/product/wideleg-pant-kc0677-xs-cnf,https://backend.ballzy.eu/media/catalog/product/a/d/adidas-wideleg-pant-roheline-qwwe.jpg,adidas Originals,69.00 EUR,in_stock,Streetbrand OÜ,EE,true,false,true
KC0684_S_CNF,Firebird jacket,"The silhouette of this adidas track top is instantly recognisable. the firebird cut lines and details are a key part of adidas dna. with this iteration, we change up the material, replacing a typically sporty fabric with a lightweight twill. the unlined fabric allows the silhouette to hang casually with a loose shape, emphasised with the ribbed details. Vaata lähemalt ballzy.eu.",https://ballzy.eu/et/product/firebird-jacket-kc0684-s-cnf,https://backend.ballzy.eu/media/catalog/product/a/d/adidas-firebird-jacket-roheline-wcd6.jpg,adidas Originals,99.00 EUR,in_stock,Streetbrand OÜ,EE,true,false,true
KC0688_S_CNF,Firebird pants,"These track pants stay true to all the markers that have made the adidas firebird track suit a cultural icon. the main difference with this version is the fabric, which swaps out a typically sporty fabric with a lightweight twill. with the material and unlined construction, the loose shape hangs casually and is further emphasised with ribbed details. Vaata lähemalt ballzy.eu.",https://ballzy.eu/et/product/firebird-pants-kc0688-s-cnf,https://backend.ballzy.eu/media/catalog/product/a/d/adidas-firebird-pants-roheline-pbz2.jpg,adidas Originals,89.00 EUR,in_stock,Streetbrand OÜ,EE,true,false,true
KC0692_S_CNF,Sprinter shorts,"Ease and elegance, that´s what you´re getting with these adidas originals shorts. they´re made from soft, textured cotton waffle-knit material with a slight slit on the sides that cuts into the 3-stripes. zip pockets on the sides let you move around without fear of leaving things behind. Vaata lähemalt ballzy.eu.",https://ballzy.eu/et/product/sprinter-shorts-kc0692-s-cnf,https://backend.ballzy.eu/media/catalog/product/a/d/adidas-sprinter-shorts-sinine-cy1t.jpg,adidas Originals,54.00 EUR,in_stock,Streetbrand OÜ,EE,true,false,true
KC0768_XS_CNF,Skirt,"This adidas originals skirt can go from downtime to dressed up with just the change of a top or shoe. the long, flowing silhouette is made from soft cotton with stitched details that emphasise the cascading shape. the dual-colour 3-stripes are done in a crochet execution, nodding to handcrafted artistry. Vaata lähemalt ballzy.eu.",https://ballzy.eu/et/product/skirt-kc0768-xs-cnf,https://backend.ballzy.eu/media/catalog/product/a/d/adidas-skirt-bee-5ty3.jpg,adidas Originals,74.00 EUR,in_stock,Streetbrand OÜ,EE,true,false,true
KC3526_S_CNF,Knitted shirt,"Hoia end teravana selle adidas originals nööbiga ees kinnitatava valge kootud särgiga. meeste jaoks loodud, tõelise mõõduga istuv lõige toob klassikalise nööbiga esiosa ja mõnusa kootud tunde—ideaalne nii igapäevaseks kandmiseks kui ka vabaaja stiili viimistlemiseks. Vaata lähemalt ballzy.eu.",https://ballzy.eu/et/product/knitted-shirt-kc3526-s-cnf,https://backend.ballzy.eu/media/catalog/product/a/d/adidas-knitted-shirt-valge-l95r.jpg,adidas Originals,99.00 EUR,in_stock,Streetbrand OÜ,EE,true,false,true
KC4940_S_CNF,Graphic tee,"This adidas t-shirt is as soft as the light of a sunset. and the trefoil graphic is inspired by it too. an everyday essential that´s perfect for kicking back at home or heading out to explore the city, it´s crafted in comfortable cotton. Vaata lähemalt ballzy.eu.",https://ballzy.eu/et/product/graphic-tee-kc4940-s-cnf,https://backend.ballzy.eu/media/catalog/product/a/d/adidas-graphic-tee-valge-xmav.jpg,adidas Originals,34.00 EUR,in_stock,Streetbrand OÜ,EE,true,false,true
KC4958_S_CNF,Graphic tee,"Wherever you are, it´s summer with this adidas originals tee. the mixed print execution graphic on the back brings that energy with you, and the soft cotton material and loose fit let you settle into a relaxed state of mind. Vaata lähemalt ballzy.eu.",https://ballzy.eu/et/product/graphic-tee-kc4958-s-cnf,https://backend.ballzy.eu/media/catalog/product/a/d/adidas-graphic-tee-must-zedr.jpg,adidas Originals,44.00 EUR,in_stock,Streetbrand OÜ,EE,true,false,true
KC4961_S_CNF,Cali tee,"A classic laid-back aesthetic, this adidas originals t-shirt plays with hazy, contrast colours. it´s made from soft, premium cotton and fits slim. 3-stripes and a subtle trefoil logo sign off the look. Vaata lähemalt ballzy.eu.",https://ballzy.eu/et/product/cali-tee-kc4961-s-cnf,https://backend.ballzy.eu/media/catalog/product/a/d/adidas-cali-tee-roheline-kdyv.jpg,adidas Originals,39.00 EUR,in_stock,Streetbrand OÜ,EE,true,false,true
U9060AGA_4.5_CNF,New balance u9060,Spordiriided ballzy veebipoest. Vaata lähemalt ballzy.eu.,https://ballzy.eu/et/product/new-balance-u9060-u9060aga-4-5-cnf,https://backend.ballzy.eu/media/catalog/product/n/e/new-balance-new-balance-u9060-valge-lkr7.jpg,New Balance,199.00 EUR,in_stock,Streetbrand OÜ,EE,true,false,true
WJ51506_AHH_L_CNF,French terry full zip,Spordiriided ballzy veebipoest. Vaata lähemalt ballzy.eu.,https://ballzy.eu/et/product/french-terry-full-zip-wj51506-ahh-l-cnf,https://backend.ballzy.eu/media/catalog/product/n/e/new-balance-french-terry-full-zip-hall-wd3v.jpg,New Balance,94.00 EUR,in_stock,Streetbrand OÜ,EE,true,false,true
JI3300_4_CNF,Tokyo w,"Slip into retro style with the adidas tokyo shoes. the lightweight nylon upper has a slim, low-profile build that´s vintage and modern at the same time. underneath, a rubber outsole provides great grip so you can stroll with confidence. lace up these trainers, and move seamlessly from work to weekend and every casual occasion in between. Vaata lähemalt ballzy.eu.",https://ballzy.eu/et/product/tokyo-w-ji3300-4-cnf,https://backend.ballzy.eu/media/catalog/product/a/d/adidas-tokyo-w-punane-aejv.jpg,adidas Originals,109.00 EUR,in_stock,Streetbrand OÜ,EE,true,false,true
218675_WW037_S_CNF,Hooded sweatshirt,Spordiriided ballzy veebipoest. Vaata lähemalt ballzy.eu.,https://ballzy.eu/et/product/hooded-sweatshirt-218675-ww037-s-cnf,https://backend.ballzy.eu/media/catalog/product/c/h/champion-hooded-sweatshirt-bee-xwpa.jpg,Champion,139.00 EUR,in_stock,Streetbrand OÜ,EE,true,false,true
HJ4178_133_XS_CNF,W nsw street wvn oh pant,Spordiriided ballzy veebipoest. Vaata lähemalt ballzy.eu.,https://ballzy.eu/et/product/w-nsw-street-wvn-oh-pant-hj4178-133-xs-cnf,https://backend.ballzy.eu/media/catalog/product/n/i/nike-w-nsw-street-wvn-oh-pant-multicolor-obvo.jpg,Nike,94.00 EUR,in_stock,Streetbrand OÜ,EE,true,false,true
HV6779_063_XS_CNF,W nsw tch flc mr jgger 2,Spordiriided ballzy veebipoest. Vaata lähemalt ballzy.eu.,https://ballzy.eu/et/product/w-nsw-tch-flc-mr-jgger-2-hv6779-063-xs-cnf,https://backend.ballzy.eu/media/catalog/product/n/i/nike-w-nsw-tch-flc-mr-jgger-2-multicolor-judx.jpg,Nike,114.00 EUR,in_stock,Streetbrand OÜ,EE,true,false,true
I032644_2RTXX_XS_CNF,W´ hooded casey sweatshirt,Spordiriided ballzy veebipoest. Vaata lähemalt ballzy.eu.,https://ballzy.eu/et/product/w-hooded-casey-sweatshirt-i032644-2rtxx-xs-cnf,https://backend.ballzy.eu/media/catalog/product/c/a/carhartt-w-hooded-casey-sweatshirt-bee-aucx.jpg,Carhartt WIP,84.00 EUR,in_stock,Streetbrand OÜ,EE,true,false,true
I033080_0MGXX_XS_CNF,W´ s/s jaxon shirt,"Carhartt wip w´ s/s jaxon shirt on naiste lühikeste varrukatega särk suuruses xs, loodud igapäevaseks lifestyle-kandmiseks. Vaata lähemalt ballzy.eu.",https://ballzy.eu/et/product/w-s-s-jaxon-shirt-i033080-0mgxx-xs-cnf,https://backend.ballzy.eu/media/catalog/product/c/a/carhartt-w-s-s-jaxon-shirt-valge-961x.jpg,Carhartt WIP,79.00 EUR,in_stock,Streetbrand OÜ,EE,true,false,true
I034839_894J_XS_CNF,W´ brandon short,Spordiriided ballzy veebipoest. Vaata lähemalt ballzy.eu.,https://ballzy.eu/et/product/w-brandon-short-i034839-894j-xs-cnf,https://backend.ballzy.eu/media/catalog/product/c/a/carhartt-w-brandon-short-must-pifo.jpg,Carhartt WIP,99.00 EUR,in_stock,Streetbrand OÜ,EE,true,false,true
I035062_2SBXX_S_CNF,Chase swim trunks,Spordiriided ballzy veebipoest. Vaata lähemalt ballzy.eu.,https://ballzy.eu/et/product/chase-swim-trunks-i035062-2sbxx-s-cnf,https://backend.ballzy.eu/media/catalog/product/c/a/carhartt-chase-swim-trunks-oran-mhxt.jpg,Carhartt WIP,64.00 EUR,in_stock,Streetbrand OÜ,EE,true,false,true
I035062_2VAXX_S_CNF,Chase swim trunks,Spordiriided ballzy veebipoest. Vaata lähemalt ballzy.eu.,https://ballzy.eu/et/product/chase-swim-trunks-i035062-2vaxx-s-cnf,https://backend.ballzy.eu/media/catalog/product/c/a/carhartt-chase-swim-trunks-roosa-vwgm.jpg,Carhartt WIP,64.00 EUR,in_stock,Streetbrand OÜ,EE,true,false,true
I035062_2VMXX_S_CNF,Chase swim trunks,Spordiriided ballzy veebipoest. Vaata lähemalt ballzy.eu.,https://ballzy.eu/et/product/chase-swim-trunks-i035062-2vmxx-s-cnf,https://backend.ballzy.eu/media/catalog/product/c/a/carhartt-chase-swim-trunks-kollane-ezm8.jpg,Carhartt WIP,64.00 EUR,in_stock,Streetbrand OÜ,EE,true,false,true
IB3355_010_S_CNF,M j flt ess aj1 ss crew,Spordiriided ballzy veebipoest. Vaata lähemalt ballzy.eu.,https://ballzy.eu/et/product/m-j-flt-ess-aj1-ss-crew-ib3355-010-s-cnf,https://backend.ballzy.eu/media/catalog/product/j/o/jordan-m-j-flt-ess-aj1-ss-crew-multicolor-eiop.jpg,Jordan,49.00 EUR,in_stock,Streetbrand OÜ,EE,true,false,true
IB7167_103_6.5_CNF,W air force 1 ´07,Spordiriided ballzy veebipoest. Vaata lähemalt ballzy.eu.,https://ballzy.eu/et/product/w-air-force-1-07-ib7167-103-6-5-cnf,https://backend.ballzy.eu/media/catalog/product/n/i/nike-w-air-force-1-07-multicolor-apud.jpg,Nike,129.00 EUR,in_stock,Streetbrand OÜ,EE,true,false,true
IB7520_100_S_CNF,M j flt ess gfx jm ss crew,Spordiriided ballzy veebipoest. Vaata lähemalt ballzy.eu.,https://ballzy.eu/et/product/m-j-flt-ess-gfx-jm-ss-crew-ib7520-100-s-cnf,https://backend.ballzy.eu/media/catalog/product/j/o/jordan-m-j-flt-ess-gfx-jm-ss-crew-multicolor-sxce.jpg,Jordan,49.00 EUR,in_stock,Streetbrand OÜ,EE,true,false,true
JI0182_4.5_CNF,Tokyo w,"Slip into retro style with the adidas tokyo shoes. the soft suede upper has a slim, low-profile build that´s vintage and modern at the same time. underneath, a rubber outsole provides great grip so you can stroll with confidence. lace up these trainers, and move seamlessly from work to weekend and every casual occasion in between. Vaata lähemalt ballzy.eu.",https://ballzy.eu/et/product/tokyo-w-ji0182-4-5-cnf,https://backend.ballzy.eu/media/catalog/product/a/d/adidas-tokyo-w-valge-mvld.jpg,adidas Originals,109.00 EUR,in_stock,Streetbrand OÜ,EE,true,false,true
JP4481_S_CNF,Wab shirt,Adidas wab särk meestele suuruses s. mugav lifestyle-särk igapäevaseks kandmiseks. Vaata lähemalt ballzy.eu.,https://ballzy.eu/et/product/wab-shirt-jp4481-s-cnf,https://backend.ballzy.eu/media/catalog/product/a/d/adidas-wab-shirt-must-0jie.jpg,adidas Originals,74.00 EUR,in_stock,Streetbrand OÜ,EE,true,false,true
M1000N_4.5_CNF,New balance m1000,Spordiriided ballzy veebipoest. Vaata lähemalt ballzy.eu.,https://ballzy.eu/et/product/new-balance-m1000-m1000n-4-5-cnf,https://backend.ballzy.eu/media/catalog/product/n/e/new-balance-new-balance-m1000-hall-jugd.jpg,New Balance,179.00 EUR,in_stock,Streetbrand OÜ,EE,true,false,true
M2002RDB_4.5_CNF,New balance 2002r,"The new balance 2002r men´s shoes draw on the upper design from the popular mr2002 model, combining it with elements that call back to the running style of the 2000s. the uppers are made from durable suede and lightweight mesh for a balanced feel. designed for all-day comfort, these casual men’s sneakers offer impact-absorbing midsoles and plenty of arch support. Vaata lähemalt ballzy.eu.",https://ballzy.eu/et/product/new-balance-2002r-m2002rdb-4-5-cnf,https://backend.ballzy.eu/media/catalog/product/n/e/new-balance-new-balance-2002r-n-a-l3cw.jpg,New Balance,179.00 EUR,in_stock,Streetbrand OÜ,EE,true,false,true
MA9059_571_O-S_CNF,Monogram backpack,Spordiriided ballzy veebipoest. Vaata lähemalt ballzy.eu.,https://ballzy.eu/et/product/monogram-backpack-ma9059-571-o-s-cnf,https://backend.ballzy.eu/media/catalog/product/j/o/jordan-monogram-backpack-sinine-ded7.jpg,Jordan,119.00 EUR,in_stock,Streetbrand OÜ,EE,true,false,true
MT51981_BK_L_CNF,New balance x face oka sport t-shirt,Spordiriided ballzy veebipoest. Vaata lähemalt ballzy.eu.,https://ballzy.eu/et/product/new-balance-x-face-oka-sport-t-shirt-mt51981-bk-l-cnf,https://backend.ballzy.eu/media/catalog/product/n/e/new-balance-new-balance-x-face-oka-sport-t-shirt-must-lokj.jpg,New Balance,54.00 EUR,in_stock,Streetbrand OÜ,EE,true,false,true
PZ740GS_1_CNF,New balance 740 kids bungee lace,Spordiriided ballzy veebipoest. Vaata lähemalt ballzy.eu.,https://ballzy.eu/et/product/new-balance-740-kids-bungee-lace-pz740gs-1-cnf,https://backend.ballzy.eu/media/catalog/product/n/e/new-balance-new-balance-740-kids-bungee-lace-hall-elpw.jpg,New Balance,74.00 EUR,in_stock,Streetbrand OÜ,EE,true,false,true
U740SG2_4.5_CNF,New balance 740,Spordiriided ballzy veebipoest. Vaata lähemalt ballzy.eu.,https://ballzy.eu/et/product/new-balance-740-u740sg2-4-5-cnf,https://backend.ballzy.eu/media/catalog/product/n/e/new-balance-new-balance-740-hall-ho6c.jpg,New Balance,124.00 EUR,in_stock,Streetbrand OÜ,EE,true,false,true
VN000D26Z5D1_090_CNF,Hylane,Spordiriided ballzy veebipoest. Vaata lähemalt ballzy.eu.,https://ballzy.eu/et/product/hylane-vn000d26z5d1-090-cnf,https://backend.ballzy.eu/media/catalog/product/v/a/vans-hylane-valge-tv6i.jpg,Vans,109.00 EUR,in_stock,Streetbrand OÜ,EE,true,false,true
VN000KTBBLK1_L_CNF,Mte trek guide pant,Spordiriided ballzy veebipoest. Vaata lähemalt ballzy.eu.,https://ballzy.eu/et/product/mte-trek-guide-pant-vn000ktbblk1-l-cnf,https://backend.ballzy.eu/media/catalog/product/v/a/vans-mte-trek-guide-pant-must-pair.jpg,Vans,114.00 EUR,in_stock,Streetbrand OÜ,EE,true,false,true
VN000M00FS81_L_CNF,Skate lisa lisa crew,Spordiriided ballzy veebipoest. Vaata lähemalt ballzy.eu.,https://ballzy.eu/et/product/skate-lisa-lisa-crew-vn000m00fs81-l-cnf,https://backend.ballzy.eu/media/catalog/product/v/a/vans-skate-lisa-lisa-crew-valge-9qj6.jpg,Vans,84.00 EUR,in_stock,Streetbrand OÜ,EE,true,false,true
WA0868_U4A_O-S_CNF,Jaw alpha backpack,Spordiriided ballzy veebipoest. Vaata lähemalt ballzy.eu.,https://ballzy.eu/et/product/jaw-alpha-backpack-wa0868-u4a-o-s-cnf,https://backend.ballzy.eu/media/catalog/product/j/o/jordan-jaw-alpha-backpack-roheline-ebli.jpg,Jordan,114.00 EUR,in_stock,Streetbrand OÜ,EE,true,false,true
1201A019_006_36_CNF,Gel-kayano 14,Spordiriided ballzy veebipoest. Vaata lähemalt ballzy.eu.,https://ballzy.eu/et/product/gel-kayano-14-1201a019-006-36-cnf,https://backend.ballzy.eu/media/catalog/product/a/s/asics-gel-kayano-14-must-fq5v.jpg,Asics,169.00 EUR,in_stock,Streetbrand OÜ,EE,true,false,true
39646348_4_CNF,Palermo,Spordiriided ballzy veebipoest. Vaata lähemalt ballzy.eu.,https://ballzy.eu/et/product/palermo-39646348-4-cnf,https://backend.ballzy.eu/media/catalog/product/p/u/puma-palermo-kollane-bkvh.jpg,Puma,99.00 EUR,in_stock,Streetbrand OÜ,EE,true,false,true
39884643_4_CNF,Speedcat og,Spordiriided ballzy veebipoest. Vaata lähemalt ballzy.eu.,https://ballzy.eu/et/product/speedcat-og-39884643-4-cnf,https://backend.ballzy.eu/media/catalog/product/p/u/puma-speedcat-og-sinine-brfu.jpg,Puma,119.00 EUR,in_stock,Streetbrand OÜ,EE,true,false,true
40045301_4_CNF,Suede xl sunbathers wns,Spordiriided ballzy veebipoest. Vaata lähemalt ballzy.eu.,https://ballzy.eu/et/product/suede-xl-sunbathers-wns-40045301-4-cnf,https://backend.ballzy.eu/media/catalog/product/p/u/puma-suede-xl-sunbathers-wns-roosa-yetx.jpg,Puma,99.00 EUR,in_stock,Streetbrand OÜ,EE,true,false,true
63106601_32_CNF,Puma x a$ap rocky denim short,Spordiriided ballzy veebipoest. Vaata lähemalt ballzy.eu.,https://ballzy.eu/et/product/puma-x-a-ap-rocky-denim-short-63106601-32-cnf,https://backend.ballzy.eu/media/catalog/product/p/u/puma-puma-x-a-ap-rocky-denim-short-must-oreu.jpg,Puma,239.00 EUR,in_stock,Streetbrand OÜ,EE,true,false,true
VN000D5PCJA1_055_CNF,Classic slip-on,Spordiriided ballzy veebipoest. Vaata lähemalt ballzy.eu.,https://ballzy.eu/et/product/classic-slip-on-vn000d5pcja1-055-cnf,https://backend.ballzy.eu/media/catalog/product/v/a/vans-classic-slip-on-valge-zvpy.jpg,Vans,89.00 EUR,in_stock,Streetbrand OÜ,EE,true,false,true
39684113_4_CNF,Palermo vintage,Spordiriided ballzy veebipoest. Vaata lähemalt ballzy.eu.,https://ballzy.eu/et/product/palermo-vintage-39684113-4-cnf,https://backend.ballzy.eu/media/catalog/product/p/u/puma-palermo-vintage-sinine-wdjm.jpg,Puma,109.00 EUR,in_stock,Streetbrand OÜ,EE,true,false,true
60596606_L_CNF,Ne stripe revere shrt,"Must new era revere särk meestele, valmistatud puuvillast ja polüestrist. klassikaline revere disain ning mugav lõige—ideaalne igapäevaseks kandmiseks. Vaata lähemalt ballzy.eu.",https://ballzy.eu/et/product/ne-stripe-revere-shrt-60596606-l-cnf,https://backend.ballzy.eu/media/catalog/product/n/e/newera-ne-stripe-revere-shrt-must-xwf4.jpg,New Era,54.00 EUR,in_stock,Streetbrand OÜ,EE,true,false,true
60596616_L_CNF,Ne woven short,Spordiriided ballzy veebipoest. Vaata lähemalt ballzy.eu.,https://ballzy.eu/et/product/ne-woven-short-60596616-l-cnf,https://backend.ballzy.eu/media/catalog/product/n/e/newera-ne-woven-short-sinine-6uih.jpg,New Era,49.00 EUR,in_stock,Streetbrand OÜ,EE,true,false,true
85D969_R78_6-7Y_CNF,Jdb jordan play-off mesh short,Spordiriided ballzy veebipoest. Vaata lähemalt ballzy.eu.,https://ballzy.eu/et/product/jdb-jordan-play-off-mesh-short-85d969-r78-6-7y-cnf,https://backend.ballzy.eu/media/catalog/product/j/o/jordan-jdb-jordan-play-off-mesh-short-punane-keio.jpg,Jordan,54.00 EUR,in_stock,Streetbrand OÜ,EE,true,false,true
A12173C_102_10_CNF,Converse essential slide,Spordiriided ballzy veebipoest. Vaata lähemalt ballzy.eu.,https://ballzy.eu/et/product/converse-essential-slide-a12173c-102-10-cnf,https://backend.ballzy.eu/media/catalog/product/c/o/converse-converse-essential-slide-valge-uzzh.jpg,Converse,29.00 EUR,in_stock,Streetbrand OÜ,EE,true,false,true
A12175C_251_10_CNF,Converse essential slide,Spordiriided ballzy veebipoest. Vaata lähemalt ballzy.eu.,https://ballzy.eu/et/product/converse-essential-slide-a12175c-251-10-cnf,https://backend.ballzy.eu/media/catalog/product/c/o/converse-converse-essential-slide-bee-gntf.jpg,Converse,29.00 EUR,in_stock,Streetbrand OÜ,EE,true,false,true
DK0A4Y84BLK1_L_CNF,Vale short w,Spordiriided ballzy veebipoest. Vaata lähemalt ballzy.eu.,https://ballzy.eu/et/product/vale-short-w-dk0a4y84blk1-l-cnf,https://backend.ballzy.eu/media/catalog/product/d/i/dickies-vale-short-w-must-s6tr.jpg,Dickies,59.00 EUR,in_stock,Streetbrand OÜ,EE,true,false,true
DK0A4YH1D061_26_32_CNF,874 workpant rec w,Spordiriided ballzy veebipoest. Vaata lähemalt ballzy.eu.,https://ballzy.eu/et/product/874-workpant-rec-w-dk0a4yh1d061-26-32-cnf,https://backend.ballzy.eu/media/catalog/product/d/i/dickies-874-workpant-rec-w-hall-i9qq.jpg,Dickies,79.00 EUR,in_stock,Streetbrand OÜ,EE,true,false,true
I034839_E74J_XS_CNF,W´ brandon short,Spordiriided ballzy veebipoest. Vaata lähemalt ballzy.eu.,https://ballzy.eu/et/product/w-brandon-short-i034839-e74j-xs-cnf,https://backend.ballzy.eu/media/catalog/product/c/a/carhartt-w-brandon-short-sinine-9fb9.jpg,Carhartt WIP,99.00 EUR,in_stock,Streetbrand OÜ,EE,true,false,true
IJ5616_S_CNF,Tr crew s 3p,"The trefoil has become more than just a recognisable icon. it has been worn by our favourite athletes, musicians and artists. it stands for style and comfort even down to the socks. the adidas trefoil cushion crew socks come with three pairs per pack to make sure you stay fresh. a minimum of 50% of this product is a blend of recycled and renewable materials. Vaata lähemalt ballzy.eu.",https://ballzy.eu/et/product/tr-crew-s-3p-ij5616-s-cnf,https://backend.ballzy.eu/media/catalog/product/a/d/adidas-tr-crew-s-3p-valge-lo53.jpg,adidas Originals,19.00 EUR,in_stock,Streetbrand OÜ,EE,true,false,true
IY9637_L_CNF,Ess joggers,"When the day calls for easygoing style, reach for these adidas joggers. the soft fleece build and loose shape settle you into comfort while keeping the vibe casual. side pockets, cuffed ankles and a drawcord elastic waist put the final touches on this wardrobe essential. Vaata lähemalt ballzy.eu.",https://ballzy.eu/et/product/ess-joggers-iy9637-l-cnf,https://backend.ballzy.eu/media/catalog/product/a/d/adidas-ess-joggers-must-veir.jpg,adidas Originals,59.00 EUR,in_stock,Streetbrand OÜ,EE,true,false,true
JC6023_OSFM_CNF,Baseball cap ac,"Casual, cool and comfortable — this adidas adicolor baseball cap has it all. the cotton twill build gives it a soft, durable feel that only gets better the more you wear it. the classic trefoil on the front adds a sporty finish. Vaata lähemalt ballzy.eu.",https://ballzy.eu/et/product/baseball-cap-ac-jc6023-osfm-cnf,https://backend.ballzy.eu/media/catalog/product/a/d/adidas-baseball-cap-ac-must-pcmr.jpg,adidas Originals,19.00 EUR,in_stock,Streetbrand OÜ,EE,true,false,true
JC8251_XS_CNF,Firebird tt,"The adidas firebird track suit has been making an impact for over 50 years. this updated track top continues the legacy with a loose shape for a laid-back vibe. signature 3-stripes slide down the sleeves, and a small trefoil sits over the heart. shiny tricot fabric keeps the look classic. this product is made with 100% recycled materials. by reusing materials that have already been created, we help to reduce waste and our reliance on finite resources and reduce the footprint of the products we Vaata lähemalt ballzy.eu.",https://ballzy.eu/et/product/firebird-tt-jc8251-xs-cnf,https://backend.ballzy.eu/media/catalog/product/a/d/adidas-firebird-tt-must-hquw.jpg,adidas Originals,79.00 EUR,in_stock,Streetbrand OÜ,EE,true,false,true
JI7576_S_CNF,3-stripes short,"Step on the court ready to dominate. these adidas basketball shorts are made from durable polyester knit fabric and feature aeroready to manage moisture for outstanding dryness all game long. mesh 3-stripes improve airflow while adding a signature finish. this product is made with at least 70% recycled materials. by reusing materials that have already been created, we help to reduce waste and our reliance on finite resources and reduce the footprint of the products we make. Vaata lähemalt ballzy.eu.",https://ballzy.eu/et/product/3-stripes-short-ji7576-s-cnf,https://backend.ballzy.eu/media/catalog/product/a/d/adidas-3-stripes-short-must-askc.jpg,adidas Originals,24.00 EUR,in_stock,Streetbrand OÜ,EE,true,false,true
JR8867_4.5_CNF,Adiracer lo w,A low-profile pair that´s always ready to go. these adidas shoes bring the energy of the original adiracer lo shoes to your everyday look. their smooth leather upper is accented with sleek lines and dynamic stitching that nods to the brand´s driving shoe legacy. slip them on and feel the heritage. Vaata lähemalt ballzy.eu.,https://ballzy.eu/et/product/adiracer-lo-w-jr8867-4-5-cnf,https://backend.ballzy.eu/media/catalog/product/a/d/adidas-adiracer-lo-w-roosa-wckl.jpg,adidas Originals,119.00 EUR,in_stock,Streetbrand OÜ,EE,true,false,true
JS3831_10_CNF,Samba og,"The adidas samba og shoes have kicked their way from the ´50s to now, from football pitches to the street. this version stays true to the original design, but with a fresh twist. the smooth leather upper is finished with a soft textile tongue and a flag label. the signature suede t-toe and smooth leather quarter panel give the shoes a classic look and feel, and the rubber outsole keeps you grounded. Vaata lähemalt ballzy.eu.",https://ballzy.eu/et/product/samba-og-js3831-10-cnf,https://backend.ballzy.eu/media/catalog/product/a/d/adidas-samba-og-roheline-vpda.jpg,adidas Originals,129.00 EUR,in_stock,Streetbrand OÜ,EE,true,false,true
KD9998_OS_CNF,Hybrid bp roll,"Whether you´re headed to the gym or embarking on a weekend getaway, this adidas backpack has you covered. multiple compartments provide dedicated storage for everything from your laptop to your water bottle. adjustable shoulder straps and a padded back panel ensure carrying comfort no matter how heavy your load. Vaata lähemalt ballzy.eu.",https://ballzy.eu/et/product/hybrid-bp-roll-kd9998-os-cnf,https://backend.ballzy.eu/media/catalog/product/a/d/adidas-hybrid-bp-roll-must-9gqu.jpg,adidas Originals,59.00 EUR,in_stock,Streetbrand OÜ,EE,true,false,true
TB0A6GQNEIN1_S_CNF,Timbs crew neck,Spordiriided ballzy veebipoest. Vaata lähemalt ballzy.eu.,https://ballzy.eu/et/product/timbs-crew-neck-tb0a6gqnein1-s-cnf,https://backend.ballzy.eu/media/catalog/product/t/i/timberland-timbs-crew-neck-roheline-olpz.jpg,Timberland,79.00 EUR,in_stock,Streetbrand OÜ,EE,true,false,true
VN000D56CAU1_050_CNF,Lx old skool,Spordiriided ballzy veebipoest. Vaata lähemalt ballzy.eu.,https://ballzy.eu/et/product/lx-old-skool-vn000d56cau1-050-cnf,https://backend.ballzy.eu/media/catalog/product/v/a/vans-lx-old-skool-sinine-kbcv.jpg,Vans,99.00 EUR,in_stock,Streetbrand OÜ,EE,true,false,true
VN000HGJBR11_25_CNF,Union relaxed carpenter pant,Spordiriided ballzy veebipoest. Vaata lähemalt ballzy.eu.,https://ballzy.eu/et/product/union-relaxed-carpenter-pant-vn000hgjbr11-25-cnf,https://backend.ballzy.eu/media/catalog/product/v/a/vans-union-relaxed-carpenter-pant-roheline-ponb.jpg,Vans,69.00 EUR,in_stock,Streetbrand OÜ,EE,true,false,true
VN000HZDJDU1_30_32_CNF,Authentic chino baggy pant,Spordiriided ballzy veebipoest. Vaata lähemalt ballzy.eu.,https://ballzy.eu/et/product/authentic-chino-baggy-pant-vn000hzdjdu1-30-32-cnf,https://backend.ballzy.eu/media/catalog/product/v/a/vans-authentic-chino-baggy-pant-sinine-ephb.jpg,Vans,79.00 EUR,in_stock,Streetbrand OÜ,EE,true,false,true
VN000JQPC9F1_L_CNF,Mte crestline ss tee,Spordiriided ballzy veebipoest. Vaata lähemalt ballzy.eu.,https://ballzy.eu/et/product/mte-crestline-ss-tee-vn000jqpc9f1-l-cnf,https://backend.ballzy.eu/media/catalog/product/v/a/vans-mte-crestline-ss-tee-valge-dj3u.jpg,Vans,59.00 EUR,in_stock,Streetbrand OÜ,EE,true,false,true
VN000KTAE2Z1_L_CNF,Mte spectrum windbreaker,Spordiriided ballzy veebipoest. Vaata lähemalt ballzy.eu.,https://ballzy.eu/et/product/mte-spectrum-windbreaker-vn000ktae2z1-l-cnf,https://backend.ballzy.eu/media/catalog/product/v/a/vans-mte-spectrum-windbreaker-punane-so62.jpg,Vans,124.00 EUR,in_stock,Streetbrand OÜ,EE,true,false,true
VN000KUYZBF1_L_CNF,Feldman sweater polo,Spordiriided ballzy veebipoest. Vaata lähemalt ballzy.eu.,https://ballzy.eu/et/product/feldman-sweater-polo-vn000kuyzbf1-l-cnf,https://backend.ballzy.eu/media/catalog/product/v/a/vans-feldman-sweater-polo-roheline-kzzw.jpg,Vans,79.00 EUR,in_stock,Streetbrand OÜ,EE,true,false,true
VN000MEVY7U1_L_CNF,Lx bleachers po hoodie,Spordiriided ballzy veebipoest. Vaata lähemalt ballzy.eu.,https://ballzy.eu/et/product/lx-bleachers-po-hoodie-vn000mevy7u1-l-cnf,https://backend.ballzy.eu/media/catalog/product/v/a/vans-lx-bleachers-po-hoodie-pruun-gykd.jpg,Vans,114.00 EUR,in_stock,Streetbrand OÜ,EE,true,false,true
VN0A5FKD9JC1_L_CNF,Range relaxed elastic short,Spordiriided ballzy veebipoest. Vaata lähemalt ballzy.eu.,https://ballzy.eu/et/product/range-relaxed-elastic-short-vn0a5fkd9jc1-l-cnf,https://backend.ballzy.eu/media/catalog/product/v/a/vans-range-relaxed-elastic-short-pruun-xalg.jpg,Vans,64.00 EUR,in_stock,Streetbrand OÜ,EE,true,false,true
DC0774_122_6_CNF,Wmns air jordan 1 low,Spordiriided ballzy veebipoest. Vaata lähemalt ballzy.eu.,https://ballzy.eu/et/product/wmns-air-jordan-1-low-dc0774-122-6-cnf,https://backend.ballzy.eu/media/catalog/product/j/o/jordan-wmns-air-jordan-1-low-multicolor-5vaf.jpg,Jordan,139.00 EUR,in_stock,Streetbrand OÜ,EE,true,false,true
HJ5940_071_4Y_CNF,Air jordan 1 mid se gs,Spordiriided ballzy veebipoest. Vaata lähemalt ballzy.eu.,https://ballzy.eu/et/product/air-jordan-1-mid-se-gs-hj5940-071-4y-cnf,https://backend.ballzy.eu/media/catalog/product/j/o/jordan-air-jordan-1-mid-se-gs-multicolor-ccjn.jpg,Jordan,129.00 EUR,in_stock,Streetbrand OÜ,EE,true,false,true
HQ8718_4.5_CNF,Gazelle indoor w,"From the ´60s to today, the adidas gazelle indoor shoes have been a style staple with plenty of personality. this pair continues the legacy with a gum rubber outsole and classic silhouette. a premium suede upper and signature 3-stripes in bright contrast colours bring a playful, expressive finish to the tried-and-true look. Vaata lähemalt ballzy.eu.",https://ballzy.eu/et/product/gazelle-indoor-w-hq8718-4-5-cnf,https://backend.ballzy.eu/media/catalog/product/a/d/adidas-gazelle-indoor-w-oran-rokx.jpg,adidas Originals,119.00 EUR,in_stock,Streetbrand OÜ,EE,true,false,true
IB8058_110_8.5_CNF,Air jordan 1 low prm,Spordiriided ballzy veebipoest. Vaata lähemalt ballzy.eu.,https://ballzy.eu/et/product/air-jordan-1-low-prm-ib8058-110-8-5-cnf,https://backend.ballzy.eu/media/catalog/product/j/o/jordan-air-jordan-1-low-prm-multicolor-3ska.jpg,Jordan,159.00 EUR,in_stock,Streetbrand OÜ,EE,true,false,true
JP8145_4.5_CNF,Adidas taekwondo,"Adidas taekwondo lace shoes pay homage to an icon of the early 2000s. their smooth leather upper and minimalism make a subtle statement, while the super low-profile outsole keeps you grounded. 3d quilting on the toe adds a tactile finish to this pair that moves effortlessly between style and sport. Vaata lähemalt ballzy.eu.",https://ballzy.eu/et/product/adidas-taekwondo-jp8145-4-5-cnf,https://backend.ballzy.eu/media/catalog/product/a/d/adidas-adidas-taekwondo-roheline-o2mk.jpg,adidas Originals,99.00 EUR,in_stock,Streetbrand OÜ,EE,true,false,true
JQ8367_10_CNF,Campus 00s beta,"The campus 00s beta shoes are ready for wherever the city takes you. premium suede wraps the upper, accented by perforated details and mesh tongue for airflow. inspired by the adidas archives of the late ´90s, these lifestyle trainers have an old-school vibe that´s made new again. whether you´re navigating busy sidewalks or grabbing coffee with friends, the durable rubber outsole provides grip so you can focus on the moments that matter. a shoe with stories to tell, the campus 00s beta is a fres Vaata lähemalt ballzy.eu.",https://ballzy.eu/et/product/campus-00s-beta-jq8367-10-cnf,https://backend.ballzy.eu/media/catalog/product/a/d/adidas-campus-00s-beta-must-wjzr.jpg,adidas Originals,119.00 EUR,in_stock,Streetbrand OÜ,EE,true,false,true
JW2924_S_CNF,Anted bt tee,"Anthony edwards is just getting started. this t-shirt from adidas basketball is all about what comes next. the cotton and polyester single jersey build is soft and durable, while the loose fit lets you flow effortlessly up and down the hardwood. an anthony edwards logo and a believe. that. graphic say all that needs to be said. Vaata lähemalt ballzy.eu.",https://ballzy.eu/et/product/anted-bt-tee-jw2924-s-cnf,https://backend.ballzy.eu/media/catalog/product/a/d/adidas-anted-bt-tee-must-9rrc.jpg,adidas Originals,44.00 EUR,in_stock,Streetbrand OÜ,EE,true,false,true
DQ8426_146_8.5_CNF,Air jordan 1 mid,Spordiriided ballzy veebipoest. Vaata lähemalt ballzy.eu.,https://ballzy.eu/et/product/air-jordan-1-mid-dq8426-146-8-5-cnf,https://backend.ballzy.eu/media/catalog/product/j/o/jordan-air-jordan-1-mid-multicolor-x5rw.jpg,Jordan,149.00 EUR,in_stock,Streetbrand OÜ,EE,true,false,true
HJ1816_451_S_CNF,M nk club ft oversized po hdy,Spordiriided ballzy veebipoest. Vaata lähemalt ballzy.eu.,https://ballzy.eu/et/product/m-nk-club-ft-oversized-po-hdy-hj1816-451-s-cnf,https://backend.ballzy.eu/media/catalog/product/n/i/nike-m-nk-club-ft-oversized-po-hdy-multicolor-kblh.jpg,Nike,69.00 EUR,in_stock,Streetbrand OÜ,EE,true,false,true
IB7238_010_S_CNF,M j brk ovs oh pant,We love a good pair of laid-back pants. this open-hem version prioritizes comfort with an oversized fit and midweight brushed fleece that feels extra soft on the inside. Vaata lähemalt ballzy.eu.,https://ballzy.eu/et/product/m-j-brk-ovs-oh-pant-ib7238-010-s-cnf,https://backend.ballzy.eu/media/catalog/product/j/o/jordan-m-j-brk-ovs-oh-pant-must-dock.jpg,Jordan,84.00 EUR,in_stock,Streetbrand OÜ,EE,true,false,true
IW0951_L_CNF,Ess half zip fl,Laid-back days deserve all the cosiness. slide into this adidas essentials half-zip sweatshirt and revel in its warmth and ease. the loose fit gives it a casual vibe that´s perfect for layering while soft fleece wraps you in instant comfort. Vaata lähemalt ballzy.eu.,https://ballzy.eu/et/product/ess-half-zip-fl-iw0951-l-cnf,https://backend.ballzy.eu/media/catalog/product/a/d/adidas-ess-half-zip-fl-must-cx7y.jpg,adidas Originals,59.00 EUR,in_stock,Streetbrand OÜ,EE,true,false,true
IY9638_L_CNF,Ess joggers,"When the day calls for easygoing style, reach for these adidas joggers. the soft fleece build and loose shape settle you into comfort while keeping the vibe casual. side pockets, cuffed ankles and a drawcord elastic waist put the final touches on this wardrobe essential. Vaata lähemalt ballzy.eu.",https://ballzy.eu/et/product/ess-joggers-iy9638-l-cnf,https://backend.ballzy.eu/media/catalog/product/a/d/adidas-ess-joggers-hall-qv0a.jpg,adidas Originals,59.00 EUR,in_stock,Streetbrand OÜ,EE,true,false,true
JP6143_4.5_CNF,Samba lt w,"A true icon of the adidas archive, the samba has been laced up by everyone from aspiring athletes to hip-hop legends. this pair pays homage to its footballing origins, with a fold-over tongue and stitch lines that mimic the look of vintage boots. the smooth leather upper is lined with synthetic material for a comfortable feel. a rubber outsole provides durable traction, whether you´re navigating city streets or the dance floor. Vaata lähemalt ballzy.eu.",https://ballzy.eu/et/product/samba-lt-w-jp6143-4-5-cnf,https://backend.ballzy.eu/media/catalog/product/a/d/adidas-samba-lt-w-bee-s3md.jpg,adidas Originals,129.00 EUR,in_stock,Streetbrand OÜ,EE,true,false,true
JP9626_10_CNF,Megaride,"One of the most sought-after models from the adidas archive. these megaride shoes keep you stylishly equipped for conquering any day. a textured mesh upper rides on a midsole with eye-catching tunnels — technology that was revolutionary at the time. moulded tpu 3-stripes add to the technical vibe, while a padded neoprene collar brings plush comfort. Vaata lähemalt ballzy.eu.",https://ballzy.eu/et/product/megaride-jp9626-10-cnf,https://backend.ballzy.eu/media/catalog/product/a/d/adidas-megaride-must-pkep.jpg,adidas Originals,179.00 EUR,in_stock,Streetbrand OÜ,EE,true,false,true
JW1227_XS_CNF,Firebird tp,"From casual hangouts to busy days, these adidas track pants keep your style on point and comfort levels high. the smooth tricot build moves as you do, while zip pockets provide a spot for your phone and keys. a loose, relaxed shape lets you move freely, and signature 3-stripes down the legs seal the deal on the iconic sporty look. this product is made with 100% recycled materials. by reusing materials that have already been created, we help to reduce waste and our reliance on finite resources a Vaata lähemalt ballzy.eu.",https://ballzy.eu/et/product/firebird-tp-jw1227-xs-cnf,https://backend.ballzy.eu/media/catalog/product/a/d/adidas-firebird-tp-must-ddng.jpg,adidas Originals,69.00 EUR,in_stock,Streetbrand OÜ,EE,true,false,true
JW3663_XS_CNF,Firebird tt,"The adidas firebird track suit has been making an impact for over 50 years. this updated track top continues the legacy with a loose shape for a laid-back vibe. signature 3-stripes slide down the sleeves, and a small trefoil sits over the heart. shiny tricot fabric keeps the look classic. this product is made with 100% recycled materials. by reusing materials that have already been created, we help to reduce waste and our reliance on finite resources and reduce the footprint of the products we Vaata lähemalt ballzy.eu.",https://ballzy.eu/et/product/firebird-tt-jw3663-xs-cnf,https://backend.ballzy.eu/media/catalog/product/a/d/adidas-firebird-tt-punane-jr7i.jpg,adidas Originals,79.00 EUR,in_stock,Streetbrand OÜ,EE,true,false,true
JX6462_XS_CNF,Firebird tt,"The adidas firebird track suit has been making an impact for over 50 years. this updated track top continues the legacy with a loose shape for a laid-back vibe. signature 3-stripes slide down the sleeves, and a small trefoil sits over the heart. shiny tricot fabric keeps the look classic. this product is made with 100% recycled materials. by reusing materials that have already been created, we help to reduce waste and our reliance on finite resources and reduce the footprint of the products we Vaata lähemalt ballzy.eu.",https://ballzy.eu/et/product/firebird-tt-jx6462-xs-cnf,https://backend.ballzy.eu/media/catalog/product/a/d/adidas-firebird-tt-must-d6cm.jpg,adidas Originals,79.00 EUR,in_stock,Streetbrand OÜ,EE,true,false,true
KC1352_XS_CNF,Firebird tp,"From casual hangouts to busy days, these adidas track pants keep your style on point and comfort levels high. the smooth tricot build moves as you do, while zip pockets provide a spot for your phone and keys. a loose, relaxed shape lets you move freely, and signature 3-stripes down the legs seal the deal on the iconic sporty look. this product is made with 100% recycled materials. by reusing materials that have already been created, we help to reduce waste and our reliance on finite resources a Vaata lähemalt ballzy.eu.",https://ballzy.eu/et/product/firebird-tp-kc1352-xs-cnf,https://backend.ballzy.eu/media/catalog/product/a/d/adidas-firebird-tp-punane-kgj2.jpg,adidas Originals,69.00 EUR,in_stock,Streetbrand OÜ,EE,true,false,true
M2002RDC_4.5_CNF,New balance 2002r,Spordiriided ballzy veebipoest. Vaata lähemalt ballzy.eu.,https://ballzy.eu/et/product/new-balance-2002r-m2002rdc-4-5-cnf,https://backend.ballzy.eu/media/catalog/product/n/e/new-balance-new-balance-2002r-valge-nq4o.jpg,New Balance,179.00 EUR,in_stock,Streetbrand OÜ,EE,true,false,true
1203A474_100_44_CNF,Gel-venture 6 shield,Spordiriided ballzy veebipoest. Vaata lähemalt ballzy.eu.,https://ballzy.eu/et/product/gel-venture-6-shield-1203a474-100-44-cnf,https://backend.ballzy.eu/media/catalog/product/a/s/asics-gel-venture-6-shield-bee-2wir.jpg,Asics,129.00 EUR,in_stock,Streetbrand OÜ,EE,true,false,true
39884609_4_CNF,Speedcat og,Spordiriided ballzy veebipoest. Vaata lähemalt ballzy.eu.,https://ballzy.eu/et/product/speedcat-og-39884609-4-cnf,https://backend.ballzy.eu/media/catalog/product/p/u/puma-speedcat-og-must-8fxi.jpg,Puma,119.00 EUR,in_stock,Streetbrand OÜ,EE,true,false,true
40038401_4_CNF,Speedcat mid,Spordiriided ballzy veebipoest. Vaata lähemalt ballzy.eu.,https://ballzy.eu/et/product/speedcat-mid-40038401-4-cnf,https://backend.ballzy.eu/media/catalog/product/p/u/puma-speedcat-mid-must-sqkd.jpg,Puma,129.00 EUR,in_stock,Streetbrand OÜ,EE,true,false,true
40135201_4_CNF,Suede xl sk8te wrld,Spordiriided ballzy veebipoest. Vaata lähemalt ballzy.eu.,https://ballzy.eu/et/product/suede-xl-sk8te-wrld-40135201-4-cnf,https://backend.ballzy.eu/media/catalog/product/p/u/puma-suede-xl-sk8te-wrld-kollane-mirm.jpg,Puma,119.00 EUR,in_stock,Streetbrand OÜ,EE,true,false,true
40320615_4_CNF,Mostro og,Spordiriided ballzy veebipoest. Vaata lähemalt ballzy.eu.,https://ballzy.eu/et/product/mostro-og-40320615-4-cnf,https://backend.ballzy.eu/media/catalog/product/p/u/puma-mostro-og-kollane-r4km.jpg,Puma,139.00 EUR,in_stock,Streetbrand OÜ,EE,true,false,true
I033661_30XXX_M_CNF,Hooded chase sweat,Spordiriided ballzy veebipoest. Vaata lähemalt ballzy.eu.,https://ballzy.eu/et/product/hooded-chase-sweat-i033661-30xxx-m-cnf,https://backend.ballzy.eu/media/catalog/product/c/a/carhartt-hooded-chase-sweat-must-aenf.jpg,Carhartt WIP,89.00 EUR,in_stock,Streetbrand OÜ,EE,true,false,true
I035132_31RXX_S_CNF,W´ l/s toland shirt,Spordiriided ballzy veebipoest. Vaata lähemalt ballzy.eu.,https://ballzy.eu/et/product/w-l-s-toland-shirt-i035132-31rxx-s-cnf,https://backend.ballzy.eu/media/catalog/product/c/a/carhartt-w-l-s-toland-shirt-must-87kc.jpg,Carhartt WIP,99.00 EUR,in_stock,Streetbrand OÜ,EE,true,false,true
I035132_31SXX_S_CNF,W´ l/s toland shirt,Spordiriided ballzy veebipoest. Vaata lähemalt ballzy.eu.,https://ballzy.eu/et/product/w-l-s-toland-shirt-i035132-31sxx-s-cnf,https://backend.ballzy.eu/media/catalog/product/c/a/carhartt-w-l-s-toland-shirt-must-0uf5.jpg,Carhartt WIP,99.00 EUR,in_stock,Streetbrand OÜ,EE,true,false,true
I035133_31RXX_S_CNF,W´ toland short,Spordiriided ballzy veebipoest. Vaata lähemalt ballzy.eu.,https://ballzy.eu/et/product/w-toland-short-i035133-31rxx-s-cnf,https://backend.ballzy.eu/media/catalog/product/c/a/carhartt-w-toland-short-must-jpyl.jpg,Carhartt WIP,89.00 EUR,in_stock,Streetbrand OÜ,EE,true,false,true
I035133_31SXX_S_CNF,W´ toland short,Spordiriided ballzy veebipoest. Vaata lähemalt ballzy.eu.,https://ballzy.eu/et/product/w-toland-short-i035133-31sxx-s-cnf,https://backend.ballzy.eu/media/catalog/product/c/a/carhartt-w-toland-short-must-gyj4.jpg,Carhartt WIP,89.00 EUR,in_stock,Streetbrand OÜ,EE,true,false,true
I035189_482XX_L_CNF,Solar chrome sweat,Spordiriided ballzy veebipoest. Vaata lähemalt ballzy.eu.,https://ballzy.eu/et/product/solar-chrome-sweat-i035189-482xx-l-cnf,https://backend.ballzy.eu/media/catalog/product/c/a/carhartt-solar-chrome-sweat-must-ttw9.jpg,Carhartt WIP,109.00 EUR,in_stock,Streetbrand OÜ,EE,true,false,true
I035191_02XX_M_CNF,Hooded jake garcia sweat,Spordiriided ballzy veebipoest. Vaata lähemalt ballzy.eu.,https://ballzy.eu/et/product/hooded-jake-garcia-sweat-i035191-02xx-m-cnf,https://backend.ballzy.eu/media/catalog/product/c/a/carhartt-hooded-jake-garcia-sweat-must-qt2k.jpg,Carhartt WIP,139.00 EUR,in_stock,Streetbrand OÜ,EE,true,false,true
I035194_02XX_M_CNF,S/s helix t-shirt,Spordiriided ballzy veebipoest. Vaata lähemalt ballzy.eu.,https://ballzy.eu/et/product/s-s-helix-t-shirt-i035194-02xx-m-cnf,https://backend.ballzy.eu/media/catalog/product/c/a/carhartt-s-s-helix-t-shirt-must-uco1.jpg,Carhartt WIP,49.00 EUR,in_stock,Streetbrand OÜ,EE,true,false,true
I035196_02XX_S_CNF,S/s masterpiece t-shirt,Spordiriided ballzy veebipoest. Vaata lähemalt ballzy.eu.,https://ballzy.eu/et/product/s-s-masterpiece-t-shirt-i035196-02xx-s-cnf,https://backend.ballzy.eu/media/catalog/product/c/a/carhartt-s-s-masterpiece-t-shirt-must-5gik.jpg,Carhartt WIP,49.00 EUR,in_stock,Streetbrand OÜ,EE,true,false,true
I035205_89XX_M_CNF,S/s solar chrome script t-shirt,Spordiriided ballzy veebipoest. Vaata lähemalt ballzy.eu.,https://ballzy.eu/et/product/s-s-solar-chrome-script-t-shirt-i035205-89xx-m-cnf,https://backend.ballzy.eu/media/catalog/product/c/a/carhartt-s-s-solar-chrome-script-t-shirt-must-84oz.jpg,Carhartt WIP,49.00 EUR,in_stock,Streetbrand OÜ,EE,true,false,true
I035258_89XX_S_CNF,W´ s/s jake garcia t-shirt,Spordiriided ballzy veebipoest. Vaata lähemalt ballzy.eu.,https://ballzy.eu/et/product/w-s-s-jake-garcia-t-shirt-i035258-89xx-s-cnf,https://backend.ballzy.eu/media/catalog/product/c/a/carhartt-w-s-s-jake-garcia-t-shirt-must-gdkj.jpg,Carhartt WIP,59.00 EUR,in_stock,Streetbrand OÜ,EE,true,false,true
I035563_2ZWGD_32_CNF,Evan pant,Spordiriided ballzy veebipoest. Vaata lähemalt ballzy.eu.,https://ballzy.eu/et/product/evan-pant-i035563-2zwgd-32-cnf,https://backend.ballzy.eu/media/catalog/product/c/a/carhartt-evan-pant-must-8tmy.jpg,Carhartt WIP,129.00 EUR,in_stock,Streetbrand OÜ,EE,true,false,true
I035822_2W6GD_S_CNF,W´ brandon pant,Spordiriided ballzy veebipoest. Vaata lähemalt ballzy.eu.,https://ballzy.eu/et/product/w-brandon-pant-i035822-2w6gd-s-cnf,https://backend.ballzy.eu/media/catalog/product/c/a/carhartt-w-brandon-pant-must-ej4d.jpg,Carhartt WIP,109.00 EUR,in_stock,Streetbrand OÜ,EE,true,false,true
I035892_8906_XS_CNF,W´ brandon pant,Spordiriided ballzy veebipoest. Vaata lähemalt ballzy.eu.,https://ballzy.eu/et/product/w-brandon-pant-i035892-8906-xs-cnf,https://backend.ballzy.eu/media/catalog/product/c/a/carhartt-w-brandon-pant-must-wjeu.jpg,Carhartt WIP,109.00 EUR,in_stock,Streetbrand OÜ,EE,true,false,true
JD9572_S_CNF,Prf grp cc crw,"Socks that slip are a distraction you don´t need. these adidas training socks have a silicone grip print on the sole that offers enhanced stability. climacool wicks and disperses sweat for cool, dry and distraction-free performance. they come on a pack of three. climacool helps you manage sweat with materials that wick and manage sweat quickly. its fast-dry fibres give you a fresh-skin feel. by choosing recycled, we are able to reuse materials that have already been created, which helps to re Vaata lähemalt ballzy.eu.",https://ballzy.eu/et/product/prf-grp-cc-crw-jd9572-s-cnf,https://backend.ballzy.eu/media/catalog/product/a/d/adidas-prf-grp-cc-crw-valge-atxn.jpg,adidas Originals,24.00 EUR,in_stock,Streetbrand OÜ,EE,true,false,true
JQ9043_4.5_CNF,Climacool 1 w,"These adidas climacool 1 shoes bring back the look of the early 2000s. the iconic mesh upper is lightweight and breathable, overlaid with tpu for added durability. a climacool logo on the tongue keeps the athletic spirit alive. the ventilated sole keeps them feeling breathable from the bottom up. Vaata lähemalt ballzy.eu.",https://ballzy.eu/et/product/climacool-1-w-jq9043-4-5-cnf,https://backend.ballzy.eu/media/catalog/product/a/d/adidas-climacool-1-w-valge-jqws.jpg,adidas Originals,139.00 EUR,in_stock,Streetbrand OÜ,EE,true,false,true
JV9984_OSFW_CNF,Teamgeist cap,"Celebrate your love of football in this teamgeist cap from adidas. made from a mix of mesh and polyester panels, this cap is the perfect everyday fashion accessory. a shiny 3d trefoil on the front adds a signature touch. Vaata lähemalt ballzy.eu.",https://ballzy.eu/et/product/teamgeist-cap-jv9984-osfw-cnf,https://backend.ballzy.eu/media/catalog/product/a/d/adidas-teamgeist-cap-roosa-dmot.jpg,adidas Originals,29.00 EUR,in_stock,Streetbrand OÜ,EE,true,false,true
JW3766_L_CNF,Select socks,"Basketball shoes might get all the looks, but it´s the socks that make them work the way they do. these adidas crew socks are made of soft knit with enough stretch to fit snugly. cushioning in key areas keeps you comfortable whether you´re getting buckets on the hardwood or kicking back watching the game. a minimum of 50% of this product is a blend of recycled and renewable materials. Vaata lähemalt ballzy.eu.",https://ballzy.eu/et/product/select-socks-jw3766-l-cnf,https://backend.ballzy.eu/media/catalog/product/a/d/adidas-select-socks-valge-8cs3.jpg,adidas Originals,19.00 EUR,in_stock,Streetbrand OÜ,EE,true,false,true
JW5866_L_CNF,Teamgeist tt,"Inspired by the iconic firebird, this adidas track top makes an impression. the woven design and loose shape gives it a laid-back vibe, perfect for casual days. a funnel neck makes it extra cosy. the iconic 3-stripes and trefoil logo keep it rooted in the classics. Vaata lähemalt ballzy.eu.",https://ballzy.eu/et/product/teamgeist-tt-jw5866-l-cnf,https://backend.ballzy.eu/media/catalog/product/a/d/adidas-teamgeist-tt-must-h7yb.jpg,adidas Originals,89.00 EUR,in_stock,Streetbrand OÜ,EE,true,false,true
JW5869_L_CNF,Teamgeist tp,These adidas track pants are an essential addition to any laid-back look. they have a loose shape for maximum comfort and a casual vibe. the woven polyester fabric is smooth and lightweight. they´re finished with 3-stripes down the sides and an embroidered trefoil under the pocket — signature details that root this pair in sport. Vaata lähemalt ballzy.eu.,https://ballzy.eu/et/product/teamgeist-tp-jw5869-l-cnf,https://backend.ballzy.eu/media/catalog/product/a/d/adidas-teamgeist-tp-must-vpex.jpg,adidas Originals,69.00 EUR,in_stock,Streetbrand OÜ,EE,true,false,true
JW7273_M_CNF,Crew sweatshirt,"The adidas blocking crew sweatshirt brings the comfort and style you want in an everyday top. the loose shape offers a relaxed attitude while french terry fabric keeps you cosy whether you´re lounging at home or on the go. it´s a modern interpretation of a classic, with design roots in streetwear and music culture. Vaata lähemalt ballzy.eu.",https://ballzy.eu/et/product/crew-sweatshirt-jw7273-m-cnf,https://backend.ballzy.eu/media/catalog/product/a/d/adidas-crew-sweatshirt-must-99oe.jpg,adidas Originals,84.00 EUR,in_stock,Streetbrand OÜ,EE,true,false,true
JY2585_M_CNF,Teamgeist tt,"This adidas track top is all about sporty style. it´s made from woven fabric that´s soft and lightweight, and generously cut to layer easily over your favourite tees. signature 3-stripes down the sleeves and a stand-up collar give it that classic athletic look. Vaata lähemalt ballzy.eu.",https://ballzy.eu/et/product/teamgeist-tt-jy2585-m-cnf,https://backend.ballzy.eu/media/catalog/product/a/d/adidas-teamgeist-tt-must-gc9q.jpg,adidas Originals,109.00 EUR,in_stock,Streetbrand OÜ,EE,true,false,true
KC4943_L_CNF,Graphic tee,"This adidas t-shirt is as soft as the light of a sunset. and the trefoil graphic is inspired by it too. an everyday essential that´s perfect for kicking back at home or heading out to explore the city, it´s crafted in comfortable cotton. Vaata lähemalt ballzy.eu.",https://ballzy.eu/et/product/graphic-tee-kc4943-l-cnf,https://backend.ballzy.eu/media/catalog/product/a/d/adidas-graphic-tee-valge-vi76.jpg,adidas Originals,34.00 EUR,in_stock,Streetbrand OÜ,EE,true,false,true
M2002RDA_4_CNF,New balance 2002r,"The new balance 2002r men´s shoes draw on the upper design from the popular mr2002 model, combining it with elements that call back to the running style of the 2000s. the uppers are made from durable suede and lightweight mesh for a balanced feel. designed for all-day comfort, these casual men’s sneakers offer impact-absorbing midsoles and plenty of arch support. Vaata lähemalt ballzy.eu.",https://ballzy.eu/et/product/new-balance-2002r-m2002rda-4-cnf,https://backend.ballzy.eu/media/catalog/product/n/e/new-balance-new-balance-2002r-hall-72cg.jpg,New Balance,179.00 EUR,in_stock,Streetbrand OÜ,EE,true,false,true
VN000D57ESD1_055_CNF,Lx old skool 36,Spordiriided ballzy veebipoest. Vaata lähemalt ballzy.eu.,https://ballzy.eu/et/product/lx-old-skool-36-vn000d57esd1-055-cnf,https://backend.ballzy.eu/media/catalog/product/v/a/vans-lx-old-skool-36-lilla-u6pw.jpg,Vans,99.00 EUR,in_stock,Streetbrand OÜ,EE,true,false,true
VN000G75RNE1_L_CNF,Primary solid elastic boardshort,Spordiriided ballzy veebipoest. Vaata lähemalt ballzy.eu.,https://ballzy.eu/et/product/primary-solid-elastic-boardshort-vn000g75rne1-l-cnf,https://backend.ballzy.eu/media/catalog/product/v/a/vans-primary-solid-elastic-boardshort-roheline-fkjn.jpg,Vans,59.00 EUR,in_stock,Streetbrand OÜ,EE,true,false,true
VN000KYNBLK1_OSFA_CNF,Skate all day backpack,Spordiriided ballzy veebipoest. Vaata lähemalt ballzy.eu.,https://ballzy.eu/et/product/skate-all-day-backpack-vn000kynblk1-osfa-cnf,https://backend.ballzy.eu/media/catalog/product/v/a/vans-skate-all-day-backpack-must-9yuu.jpg,Vans,69.00 EUR,in_stock,Streetbrand OÜ,EE,true,false,true
VN000M15EBF1_L_CNF,Lawson stripe ss woven,"õhulised triibud, õhuline tunne. lawson stripe’i särk on vabalt langev nööpidega nööpsärk, mis on loodud soojemateks päevadeks. sellel on pehme puuvilla–lina segu ning rahulik, kergesti kihistatav lõige. särgil on lühikeste varrukatega kootud struktuur ja rinnatasku, mis aitab hoida igapäevaseid asju käepärast. lõpetuseks on kasutatud pesu, mis annab särgile pehmema, juba esimesest päevast alates “sisse kantud” tunde. värv: valge. materjal: 80% puuvill, 20% lina. Vaata lähemalt ballzy.eu.",https://ballzy.eu/et/product/lawson-stripe-ss-woven-vn000m15ebf1-l-cnf,https://backend.ballzy.eu/media/catalog/product/v/a/vans-lawson-stripe-ss-woven-hall-uwic.jpg,Vans,64.00 EUR,in_stock,Streetbrand OÜ,EE,true,false,true
VN000M1FBLK1_L_CNF,Wayside eyelet ss woven,"Must vans wayside eyelet ss woven särk, valmistatud 100% polüamiidist ning loodud kergeks ja mugavaks igapäevaseks kandmiseks. Vaata lähemalt ballzy.eu.",https://ballzy.eu/et/product/wayside-eyelet-ss-woven-vn000m1fblk1-l-cnf,https://backend.ballzy.eu/media/catalog/product/v/a/vans-wayside-eyelet-ss-woven-must-ymor.jpg,Vans,74.00 EUR,in_stock,Streetbrand OÜ,EE,true,false,true
VN000MD01O71_M_CNF,Neverlasting oversized ss,Spordiriided ballzy veebipoest. Vaata lähemalt ballzy.eu.,https://ballzy.eu/et/product/neverlasting-oversized-ss-vn000md01o71-m-cnf,https://backend.ballzy.eu/media/catalog/product/v/a/vans-neverlasting-oversized-ss-hall-9snt.jpg,Vans,44.00 EUR,in_stock,Streetbrand OÜ,EE,true,false,true
VN000MEGYKD1_L_CNF,Lx huntley cargo short,Spordiriided ballzy veebipoest. Vaata lähemalt ballzy.eu.,https://ballzy.eu/et/product/lx-huntley-cargo-short-vn000megykd1-l-cnf,https://backend.ballzy.eu/media/catalog/product/v/a/vans-lx-huntley-cargo-short-roheline-cuil.jpg,Vans,94.00 EUR,in_stock,Streetbrand OÜ,EE,true,false,true
VN000MGUFS81_L_CNF,Lx slap ss tee,Spordiriided ballzy veebipoest. Vaata lähemalt ballzy.eu.,https://ballzy.eu/et/product/lx-slap-ss-tee-vn000mgufs81-l-cnf,https://backend.ballzy.eu/media/catalog/product/v/a/vans-lx-slap-ss-tee-valge-nwx1.jpg,Vans,59.00 EUR,in_stock,Streetbrand OÜ,EE,true,false,true
JY2693_XS_CNF,Firebird tp,"From casual hangouts to busy days, these adidas track pants keep your style on point and comfort levels high. the smooth tricot build moves as you do, while zip pockets provide a spot for your phone and keys. a loose, relaxed shape lets you move freely, and signature 3-stripes down the legs seal the deal on the iconic sporty look. this product is made with 100% recycled materials. by reusing materials that have already been created, we help to reduce waste and our reliance on finite resources a Vaata lähemalt ballzy.eu.",https://ballzy.eu/et/product/firebird-tp-jy2693-xs-cnf,https://backend.ballzy.eu/media/catalog/product/a/d/adidas-firebird-tp-must-xxxb.jpg,adidas Originals,69.00 EUR,in_stock,Streetbrand OÜ,EE,true,false,true
IF7087_4_CNF,Handball spezial,"Step into retro style and all-day comfort with these adidas handball spezial shoes. originally designed for indoor sports in the ´70s, this pair of low-profile trainers is ready to dominate the court and the streets. the premium suede upper is accented with contrast stitching for a pop of modern elegance while the t-toe design keeps the look rooted in the past. Vaata lähemalt ballzy.eu.",https://ballzy.eu/et/product/handball-spezial-if7087-4-cnf,https://backend.ballzy.eu/media/catalog/product/a/d/adidas-handball-spezial-sinine-4fi6.jpg,adidas Originals,119.00 EUR,in_stock,Streetbrand OÜ,EE,true,false,true
JW2927_S_CNF,Anted bt hoody,"Rep your love for anthony edwards in this hoodie from adidas basketball. inspired by the electric play and fearless attitude of one of the game´s most dominating young stars, this hooded sweatshirt brings his audacious mantra front and centre. a believe that graphic is boldly splashed across the chest, with an anthony edwards logo completing the signature look. Vaata lähemalt ballzy.eu.",https://ballzy.eu/et/product/anted-bt-hoody-jw2927-s-cnf,https://backend.ballzy.eu/media/catalog/product/a/d/adidas-performance-anted-bt-hoody-must-mlmo.jpg,adidas Performance,69.00 EUR,in_stock,Streetbrand OÜ,EE,true,false,true
JX6383_S_CNF,Crazylite short,"Move freely and take your game to new heights in the adidas crazy lite short. the loose fit allows for full range of motion as you drive to the hoop, while subtle detailing and adidas basketball branding let everyone know these are built for the court. climacool wicks and disperses sweat for cool, dry and distraction-free performance. whether you´re playing a pickup game at the park or suiting up for the big tournament, these shorts give you the comfort and style to play your best. climacool h Vaata lähemalt ballzy.eu.",https://ballzy.eu/et/product/crazylite-short-jx6383-s-cnf,https://backend.ballzy.eu/media/catalog/product/a/d/adidas-crazylite-short-must-7kq3.jpg,adidas Originals,49.00 EUR,in_stock,Streetbrand OÜ,EE,true,false,true
551251_45_CNF,Arizona bf,Spordiriided ballzy veebipoest. Vaata lähemalt ballzy.eu.,https://ballzy.eu/et/product/arizona-bf-551251-45-cnf,https://backend.ballzy.eu/media/catalog/product/b/i/birkenstock-arizona-bf-must-idwr.jpg,Birkenstock,99.00 EUR,in_stock,Streetbrand OÜ,EE,true,false,true
1019094_42_CNF,Arizona eva khaki,Spordiriided ballzy veebipoest. Vaata lähemalt ballzy.eu.,https://ballzy.eu/et/product/arizona-eva-khaki-1019094-42-cnf,https://backend.ballzy.eu/media/catalog/product/b/i/birkenstock-arizona-eva-khaki-pruun-g3pd.jpg,Birkenstock,69.00 EUR,in_stock,Streetbrand OÜ,EE,true,false,true
1023145_37_CNF,Zermatt premium shearling leve mink laf,Spordiriided ballzy veebipoest. Vaata lähemalt ballzy.eu.,https://ballzy.eu/et/product/zermatt-premium-shearling-leve-mink-laf-1023145-37-cnf,https://backend.ballzy.eu/media/catalog/product/b/i/birkenstock-zermatt-premium-shearling-leve-mink-laf-pruun-hnzb.jpg,Birkenstock,199.00 EUR,in_stock,Streetbrand OÜ,EE,true,false,true
1026164_38_CNF,Boston leve latte cream,Spordiriided ballzy veebipoest. Vaata lähemalt ballzy.eu.,https://ballzy.eu/et/product/boston-leve-latte-cream-1026164-38-cnf,https://backend.ballzy.eu/media/catalog/product/b/i/birkenstock-boston-leve-latte-cream-pruun-rtyu.jpg,Birkenstock,169.00 EUR,in_stock,Streetbrand OÜ,EE,true,false,true
1027067_37_CNF,Boston leve black,Spordiriided ballzy veebipoest. Vaata lähemalt ballzy.eu.,https://ballzy.eu/et/product/boston-leve-black-1027067-37-cnf,https://backend.ballzy.eu/media/catalog/product/b/i/birkenstock-boston-leve-black-must-szry.jpg,Birkenstock,169.00 EUR,in_stock,Streetbrand OÜ,EE,true,false,true
1027355_38_CNF,Arizona eva fondant pink,Spordiriided ballzy veebipoest. Vaata lähemalt ballzy.eu.,https://ballzy.eu/et/product/arizona-eva-fondant-pink-1027355-38-cnf,https://backend.ballzy.eu/media/catalog/product/b/i/birkenstock-arizona-eva-fondant-pink-roosa-kpck.jpg,Birkenstock,69.00 EUR,in_stock,Streetbrand OÜ,EE,true,false,true
1029242_240_CNF,Arizona suede leather,Spordiriided ballzy veebipoest. Vaata lähemalt ballzy.eu.,https://ballzy.eu/et/product/arizona-suede-leather-1029242-240-cnf,https://backend.ballzy.eu/media/catalog/product/b/i/birkenstock-arizona-suede-leather-bee-elp3.jpg,Birkenstock,120.00 EUR,in_stock,Streetbrand OÜ,EE,true,false,true
1029742_37_CNF,Arizona sb eva light rose,Spordiriided ballzy veebipoest. Vaata lähemalt ballzy.eu.,https://ballzy.eu/et/product/arizona-sb-eva-light-rose-1029742-37-cnf,https://backend.ballzy.eu/media/catalog/product/b/i/birkenstock-arizona-sb-eva-light-rose-roosa-jbob.jpg,Birkenstock,64.00 EUR,in_stock,Streetbrand OÜ,EE,true,false,true
1030560_39_CNF,Arizona sb eva dusty blue,Spordiriided ballzy veebipoest. Vaata lähemalt ballzy.eu.,https://ballzy.eu/et/product/arizona-sb-eva-dusty-blue-1030560-39-cnf,https://backend.ballzy.eu/media/catalog/product/b/i/birkenstock-arizona-sb-eva-dusty-blue-sinine-kp7z.jpg,Birkenstock,64.00 EUR,in_stock,Streetbrand OÜ,EE,true,false,true
1030636_37_CNF,Arizona leve mauve,Spordiriided ballzy veebipoest. Vaata lähemalt ballzy.eu.,https://ballzy.eu/et/product/arizona-leve-mauve-1030636-37-cnf,https://backend.ballzy.eu/media/catalog/product/b/i/birkenstock-arizona-leve-mauve-pruun-h8uu.jpg,Birkenstock,139.00 EUR,in_stock,Streetbrand OÜ,EE,true,false,true
1030814_42_CNF,Boston sfb leve dark tea tonal fb,Spordiriided ballzy veebipoest. Vaata lähemalt ballzy.eu.,https://ballzy.eu/et/product/boston-sfb-leve-dark-tea-tonal-fb-1030814-42-cnf,https://backend.ballzy.eu/media/catalog/product/b/i/birkenstock-boston-sfb-leve-dark-tea-tonal-fb-pruun-6x2r.jpg,Birkenstock,179.00 EUR,in_stock,Streetbrand OÜ,EE,true,false,true
1030861_37_CNF,Boston sfb leve dark tea tonal fb,Spordiriided ballzy veebipoest. Vaata lähemalt ballzy.eu.,https://ballzy.eu/et/product/boston-sfb-leve-dark-tea-tonal-fb-1030861-37-cnf,https://backend.ballzy.eu/media/catalog/product/b/i/birkenstock-boston-sfb-leve-dark-tea-tonal-fb-pruun-uib2.jpg,Birkenstock,179.00 EUR,in_stock,Streetbrand OÜ,EE,true,false,true
1030863_42_CNF,Arizona sfb leve dark tea tonal fb,Spordiriided ballzy veebipoest. Vaata lähemalt ballzy.eu.,https://ballzy.eu/et/product/arizona-sfb-leve-dark-tea-tonal-fb-1030863-42-cnf,https://backend.ballzy.eu/media/catalog/product/b/i/birkenstock-arizona-sfb-leve-dark-tea-tonal-fb-pruun-tet1.jpg,Birkenstock,149.00 EUR,in_stock,Streetbrand OÜ,EE,true,false,true
1030865_38_CNF,Arizona sfb leve dark tea tonal fb,Spordiriided ballzy veebipoest. Vaata lähemalt ballzy.eu.,https://ballzy.eu/et/product/arizona-sfb-leve-dark-tea-tonal-fb-1030865-38-cnf,https://backend.ballzy.eu/media/catalog/product/b/i/birkenstock-arizona-sfb-leve-dark-tea-tonal-fb-pruun-ogkp.jpg,Birkenstock,149.00 EUR,in_stock,Streetbrand OÜ,EE,true,false,true
1030895_38_CNF,Arizona leve new navy,Spordiriided ballzy veebipoest. Vaata lähemalt ballzy.eu.,https://ballzy.eu/et/product/arizona-leve-new-navy-1030895-38-cnf,https://backend.ballzy.eu/media/catalog/product/b/i/birkenstock-arizona-leve-new-navy-sinine-d616.jpg,Birkenstock,134.00 EUR,in_stock,Streetbrand OÜ,EE,true,false,true
1030916_42_CNF,Arizona leve new navy,Spordiriided ballzy veebipoest. Vaata lähemalt ballzy.eu.,https://ballzy.eu/et/product/arizona-leve-new-navy-1030916-42-cnf,https://backend.ballzy.eu/media/catalog/product/b/i/birkenstock-arizona-leve-new-navy-sinine-4xsc.jpg,Birkenstock,134.00 EUR,in_stock,Streetbrand OÜ,EE,true,false,true
1203A451_106_44_CNF,Skyhand og,Spordiriided ballzy veebipoest. Vaata lähemalt ballzy.eu.,https://ballzy.eu/et/product/skyhand-og-1203a451-106-44-cnf,https://backend.ballzy.eu/media/catalog/product/a/s/asics-skyhand-og-roheline-5yay.jpg,Asics,94.00 EUR,in_stock,Streetbrand OÜ,EE,true,false,true
1203A597_300_37_CNF,Gel-nunobiki,Spordiriided ballzy veebipoest. Vaata lähemalt ballzy.eu.,https://ballzy.eu/et/product/gel-nunobiki-1203a597-300-37-cnf,https://backend.ballzy.eu/media/catalog/product/a/s/asics-gel-nunobiki-roheline-aab3.jpg,Asics,119.00 EUR,in_stock,Streetbrand OÜ,EE,true,false,true
129421_42_CNF,Arizona eva black,Spordiriided ballzy veebipoest. Vaata lähemalt ballzy.eu.,https://ballzy.eu/et/product/arizona-eva-black-129421-42-cnf,https://backend.ballzy.eu/media/catalog/product/b/i/birkenstock-arizona-eva-black-must-hftr.jpg,Birkenstock,69.00 EUR,in_stock,Streetbrand OÜ,EE,true,false,true
129423_37_CNF,Arizona eva black,Spordiriided ballzy veebipoest. Vaata lähemalt ballzy.eu.,https://ballzy.eu/et/product/arizona-eva-black-129423-37-cnf,https://backend.ballzy.eu/media/catalog/product/b/i/birkenstock-arizona-eva-black-must-ioip.jpg,Birkenstock,69.00 EUR,in_stock,Streetbrand OÜ,EE,true,false,true
451161_37_CNF,Arizona sfb bf dark brown,Spordiriided ballzy veebipoest. Vaata lähemalt ballzy.eu.,https://ballzy.eu/et/product/arizona-sfb-bf-dark-brown-451161-37-cnf,https://backend.ballzy.eu/media/catalog/product/b/i/birkenstock-arizona-sfb-bf-dark-brown-pruun-ww14.jpg,Birkenstock,109.00 EUR,in_stock,Streetbrand OÜ,EE,true,false,true
452761_42_CNF,Arizona bf,Spordiriided ballzy veebipoest. Vaata lähemalt ballzy.eu.,https://ballzy.eu/et/product/arizona-bf-452761-42-cnf,https://backend.ballzy.eu/media/catalog/product/b/i/birkenstock-arizona-bf-pruun-axzc.jpg,Birkenstock,119.00 EUR,in_stock,Streetbrand OÜ,EE,true,false,true
452763_37_CNF,Arizona sfb leoi habana,Spordiriided ballzy veebipoest. Vaata lähemalt ballzy.eu.,https://ballzy.eu/et/product/arizona-sfb-leoi-habana-452763-37-cnf,https://backend.ballzy.eu/media/catalog/product/b/i/birkenstock-arizona-sfb-leoi-habana-pruun-9eey.jpg,Birkenstock,149.00 EUR,in_stock,Streetbrand OÜ,EE,true,false,true
551253_37_CNF,Arizona sfb bf black,Spordiriided ballzy veebipoest. Vaata lähemalt ballzy.eu.,https://ballzy.eu/et/product/arizona-sfb-bf-black-551253-37-cnf,https://backend.ballzy.eu/media/catalog/product/b/i/birkenstock-arizona-sfb-bf-black-must-djzk.jpg,Birkenstock,109.00 EUR,in_stock,Streetbrand OÜ,EE,true,false,true
552683_37_CNF,Arizona bf white,Spordiriided ballzy veebipoest. Vaata lähemalt ballzy.eu.,https://ballzy.eu/et/product/arizona-bf-white-552683-37-cnf,https://backend.ballzy.eu/media/catalog/product/b/i/birkenstock-arizona-bf-white-valge-xrf3.jpg,Birkenstock,99.00 EUR,in_stock,Streetbrand OÜ,EE,true,false,true
I035152_31SXX_S_CNF,Toland short,Spordiriided ballzy veebipoest. Vaata lähemalt ballzy.eu.,https://ballzy.eu/et/product/toland-short-i035152-31sxx-s-cnf,https://backend.ballzy.eu/media/catalog/product/c/a/carhartt-toland-short-must-6t0v.jpg,Carhartt WIP,99.00 EUR,in_stock,Streetbrand OÜ,EE,true,false,true
I035189_89XX_S_CNF,Solar chrome sweat,Spordiriided ballzy veebipoest. Vaata lähemalt ballzy.eu.,https://ballzy.eu/et/product/solar-chrome-sweat-i035189-89xx-s-cnf,https://backend.ballzy.eu/media/catalog/product/c/a/carhartt-solar-chrome-sweat-must-e7b3.jpg,Carhartt WIP,109.00 EUR,in_stock,Streetbrand OÜ,EE,true,false,true
I035238_482XX_XS_CNF,W´ hooded solar chrome sweat,Spordiriided ballzy veebipoest. Vaata lähemalt ballzy.eu.,https://ballzy.eu/et/product/w-hooded-solar-chrome-sweat-i035238-482xx-xs-cnf,https://backend.ballzy.eu/media/catalog/product/c/a/carhartt-w-hooded-solar-chrome-sweat-must-oyrv.jpg,Carhartt WIP,119.00 EUR,in_stock,Streetbrand OÜ,EE,true,false,true
I035278_0N1XX_0_CNF,Sandwich trucker cap,Spordiriided ballzy veebipoest. Vaata lähemalt ballzy.eu.,https://ballzy.eu/et/product/sandwich-trucker-cap-i035278-0n1xx-0-cnf,https://backend.ballzy.eu/media/catalog/product/c/a/carhartt-sandwich-trucker-cap-must-ruve.jpg,Carhartt WIP,44.00 EUR,in_stock,Streetbrand OÜ,EE,true,false,true
JV9986_OSFM_CNF,Teamgeist cap,"Celebrate your love of football in this teamgeist cap from adidas. made from a mix of mesh and polyester panels, this cap is the perfect everyday fashion accessory. a shiny 3d trefoil on the front adds a signature touch. Vaata lähemalt ballzy.eu.",https://ballzy.eu/et/product/teamgeist-cap-jv9986-osfm-cnf,https://backend.ballzy.eu/media/catalog/product/a/d/adidas-teamgeist-cap-must-cpbl.png,adidas Originals,29.00 EUR,in_stock,Streetbrand OÜ,EE,true,false,true
JW5874_XL_CNF,Teamgeist tee,"This adidas is a casual basic with a story to tell. inspired by a championship ball from 2006, it´s made from soft knit fabric that keeps you comfortable all day. the look is simple, with teamgeist graphics on the front and back. Vaata lähemalt ballzy.eu.",https://ballzy.eu/et/product/teamgeist-tee-jw5874-xl-cnf,https://backend.ballzy.eu/media/catalog/product/a/d/adidas-teamgeist-tee-valge-ixjt.jpg,adidas Originals,34.00 EUR,in_stock,Streetbrand OÜ,EE,true,false,true
KD9999_NS_CNF,Hybrid backpack,"Whether you´re headed to the gym or embarking on a weekend getaway, this adidas backpack has you covered. multiple compartments provide dedicated storage for everything from your laptop to your water bottle. adjustable shoulder straps and a padded back panel ensure carrying comfort no matter how heavy your load. Vaata lähemalt ballzy.eu.",https://ballzy.eu/et/product/hybrid-backpack-kd9999-ns-cnf,https://backend.ballzy.eu/media/catalog/product/a/d/adidas-hybrid-backpack-hall-xsro.jpg,adidas Originals,79.00 EUR,in_stock,Streetbrand OÜ,EE,true,false,true
VN000M97WHT1_L_CNF,Drew baby tee,Spordiriided ballzy veebipoest. Vaata lähemalt ballzy.eu.,https://ballzy.eu/et/product/drew-baby-tee-vn000m97wht1-l-cnf,https://backend.ballzy.eu/media/catalog/product/v/a/vans-drew-baby-tee-valge-g7jj.jpg,Vans,34.00 EUR,in_stock,Streetbrand OÜ,EE,true,false,true
60667717_L_CNF,Mlb le short yankees,Spordiriided ballzy veebipoest. Vaata lähemalt ballzy.eu.,https://ballzy.eu/et/product/mlb-le-short-yankees-60667717-l-cnf,https://backend.ballzy.eu/media/catalog/product/n/e/newera-mlb-le-short-yankees-sinine-ayoy.jpg,New Era,42.00 EUR,in_stock,Streetbrand OÜ,EE,true,false,true
60667776_L_CNF,Ne waffle short,Spordiriided ballzy veebipoest. Vaata lähemalt ballzy.eu.,https://ballzy.eu/et/product/ne-waffle-short-60667776-l-cnf,https://backend.ballzy.eu/media/catalog/product/n/e/newera-ne-waffle-short-must-bqlo.jpg,New Era,49.00 EUR,in_stock,Streetbrand OÜ,EE,true,false,true
60667780_L_CNF,Ne outdoor grphc os tee,Spordiriided ballzy veebipoest. Vaata lähemalt ballzy.eu.,https://ballzy.eu/et/product/ne-outdoor-grphc-os-tee-60667780-l-cnf,https://backend.ballzy.eu/media/catalog/product/n/e/newera-ne-outdoor-grphc-os-tee-roheline-rune.jpg,New Era,39.00 EUR,in_stock,Streetbrand OÜ,EE,true,false,true
60667781_L_CNF,Ne animal grphc os tee,Spordiriided ballzy veebipoest. Vaata lähemalt ballzy.eu.,https://ballzy.eu/et/product/ne-animal-grphc-os-tee-60667781-l-cnf,https://backend.ballzy.eu/media/catalog/product/n/e/newera-ne-animal-grphc-os-tee-roheline-skuz.jpg,New Era,39.00 EUR,in_stock,Streetbrand OÜ,EE,true,false,true
60667786_M_CNF,Ne outdoor grphc os tee,Spordiriided ballzy veebipoest. Vaata lähemalt ballzy.eu.,https://ballzy.eu/et/product/ne-outdoor-grphc-os-tee-60667786-m-cnf,https://backend.ballzy.eu/media/catalog/product/n/e/newera-ne-outdoor-grphc-os-tee-valge-3ujs.jpg,New Era,39.00 EUR,in_stock,Streetbrand OÜ,EE,true,false,true
60667787_L_CNF,Ne vacation grphc os tee,Spordiriided ballzy veebipoest. Vaata lähemalt ballzy.eu.,https://ballzy.eu/et/product/ne-vacation-grphc-os-tee-60667787-l-cnf,https://backend.ballzy.eu/media/catalog/product/n/e/newera-ne-vacation-grphc-os-tee-bee-jtfa.jpg,New Era,42.00 EUR,in_stock,Streetbrand OÜ,EE,true,false,true
60667788_L_CNF,Ne outdoor grphc os tee,Spordiriided ballzy veebipoest. Vaata lähemalt ballzy.eu.,https://ballzy.eu/et/product/ne-outdoor-grphc-os-tee-60667788-l-cnf,https://backend.ballzy.eu/media/catalog/product/n/e/newera-ne-outdoor-grphc-os-tee-must-zhbc.jpg,New Era,39.00 EUR,in_stock,Streetbrand OÜ,EE,true,false,true
60667789_L_CNF,Ne vacation grphc os tee,Spordiriided ballzy veebipoest. Vaata lähemalt ballzy.eu.,https://ballzy.eu/et/product/ne-vacation-grphc-os-tee-60667789-l-cnf,https://backend.ballzy.eu/media/catalog/product/n/e/newera-ne-vacation-grphc-os-tee-valge-fspk.jpg,New Era,42.00 EUR,in_stock,Streetbrand OÜ,EE,true,false,true
60667790_L_CNF,Ne vacation grphc os tee,Spordiriided ballzy veebipoest. Vaata lähemalt ballzy.eu.,https://ballzy.eu/et/product/ne-vacation-grphc-os-tee-60667790-l-cnf,https://backend.ballzy.eu/media/catalog/product/n/e/newera-ne-vacation-grphc-os-tee-roheline-ngom.jpg,New Era,42.00 EUR,in_stock,Streetbrand OÜ,EE,true,false,true
DC0774_138_6_CNF,Wmns air jordan 1 low,Spordiriided ballzy veebipoest. Vaata lähemalt ballzy.eu.,https://ballzy.eu/et/product/wmns-air-jordan-1-low-dc0774-138-6-cnf,https://backend.ballzy.eu/media/catalog/product/j/o/jordan-wmns-air-jordan-1-low-roheline-cp0d.jpg,Jordan,139.00 EUR,in_stock,Streetbrand OÜ,EE,true,false,true
DQ8426_200_8_CNF,Air jordan 1 mid,Spordiriided ballzy veebipoest. Vaata lähemalt ballzy.eu.,https://ballzy.eu/et/product/air-jordan-1-mid-dq8426-200-8-cnf,https://backend.ballzy.eu/media/catalog/product/j/o/jordan-air-jordan-1-mid-pruun-jqxy.jpg,Jordan,149.00 EUR,in_stock,Streetbrand OÜ,EE,true,false,true
FN3787_451_S_CNF,M nk club bb jogger,Spordiriided ballzy veebipoest. Vaata lähemalt ballzy.eu.,https://ballzy.eu/et/product/m-nk-club-bb-jogger-fn3787-451-s-cnf,https://backend.ballzy.eu/media/catalog/product/n/i/nike-m-nk-club-bb-jogger-sinine-hvdz.jpg,Nike,64.00 EUR,in_stock,Streetbrand OÜ,EE,true,false,true
FN3859_010_S_CNF,M nk club bb po hoodie,Spordiriided ballzy veebipoest. Vaata lähemalt ballzy.eu.,https://ballzy.eu/et/product/m-nk-club-bb-po-hoodie-fn3859-010-s-cnf,https://backend.ballzy.eu/media/catalog/product/n/i/nike-m-nk-club-bb-po-hoodie-must-kkfe.jpg,Nike,74.00 EUR,in_stock,Streetbrand OÜ,EE,true,false,true
FN5134_010_XS_CNF,"W j spt dmnd short 4""",Spordiriided ballzy veebipoest. Vaata lähemalt ballzy.eu.,https://ballzy.eu/et/product/w-j-spt-dmnd-short-4-fn5134-010-xs-cnf,https://backend.ballzy.eu/media/catalog/product/j/o/jordan-w-j-spt-dmnd-short-4-must-cxbd.jpg,Jordan,54.00 EUR,in_stock,Streetbrand OÜ,EE,true,false,true
FV5508_010_XS_CNF,W nsw nk chll knt md crp,Spordiriided ballzy veebipoest. Vaata lähemalt ballzy.eu.,https://ballzy.eu/et/product/w-nsw-nk-chll-knt-md-crp-fv5508-010-xs-cnf,https://backend.ballzy.eu/media/catalog/product/n/i/nike-w-nsw-nk-chll-knt-md-crp-must-iw99.jpg,Nike,34.00 EUR,in_stock,Streetbrand OÜ,EE,true,false,true
FV7077_018_XS_CNF,W j brk flc pant 24,Spordiriided ballzy veebipoest. Vaata lähemalt ballzy.eu.,https://ballzy.eu/et/product/w-j-brk-flc-pant-24-fv7077-018-xs-cnf,https://backend.ballzy.eu/media/catalog/product/j/o/jordan-w-j-brk-flc-pant-24-must-f7kt.jpg,Jordan,79.00 EUR,in_stock,Streetbrand OÜ,EE,true,false,true
HF9910_011_S_CNF,M j df sprt dmnd short,Spordiriided ballzy veebipoest. Vaata lähemalt ballzy.eu.,https://ballzy.eu/et/product/m-j-df-sprt-dmnd-short-hf9910-011-s-cnf,https://backend.ballzy.eu/media/catalog/product/j/o/jordan-m-j-df-sprt-dmnd-short-must-rgub.jpg,Jordan,59.00 EUR,in_stock,Streetbrand OÜ,EE,true,false,true
HJ1985_011_S_CNF,M nk club wvn trk suit,Spordiriided ballzy veebipoest. Vaata lähemalt ballzy.eu.,https://ballzy.eu/et/product/m-nk-club-wvn-trk-suit-hj1985-011-s-cnf,https://backend.ballzy.eu/media/catalog/product/n/i/nike-m-nk-club-wvn-trk-suit-must-ju2d.jpg,Nike,119.00 EUR,in_stock,Streetbrand OÜ,EE,true,false,true
HQ9273_060_S_CNF,U nsw tee m90 oc vntg,Spordiriided ballzy veebipoest. Vaata lähemalt ballzy.eu.,https://ballzy.eu/et/product/u-nsw-tee-m90-oc-vntg-hq9273-060-s-cnf,https://backend.ballzy.eu/media/catalog/product/n/i/nike-u-nsw-tee-m90-oc-vntg-multicolor-7doh.jpg,Nike,42.00 EUR,in_stock,Streetbrand OÜ,EE,true,false,true
HV0530_068_S_CNF,M j flt utility pant,Spordiriided ballzy veebipoest. Vaata lähemalt ballzy.eu.,https://ballzy.eu/et/product/m-j-flt-utility-pant-hv0530-068-s-cnf,https://backend.ballzy.eu/media/catalog/product/j/o/jordan-m-j-flt-utility-pant-multicolor-4cxu.jpg,Jordan,99.00 EUR,in_stock,Streetbrand OÜ,EE,true,false,true
HV0852_010_S_CNF,M nk club bb gx hoodie reissue,Spordiriided ballzy veebipoest. Vaata lähemalt ballzy.eu.,https://ballzy.eu/et/product/m-nk-club-bb-gx-hoodie-reissue-hv0852-010-s-cnf,https://backend.ballzy.eu/media/catalog/product/n/i/nike-m-nk-club-bb-gx-hoodie-reissue-must-x5dq.jpg,Nike,84.00 EUR,in_stock,Streetbrand OÜ,EE,true,false,true
